Date,Open,High,Low,Close,Volume
2024-03-06 15:00:00,4599.760161325494,4648.318090091885,4573.274018362007,4586.51708984375,1134902
2024-03-07 15:00:00,4590.931548336548,4595.345905594563,4573.274119304484,4577.6884765625,865382
2024-03-10 15:00:00,4590.930852652964,4617.4169921875,4577.687782885696,4617.4169921875,654844
2024-03-11 15:00:00,4617.417286558015,4626.246000299044,4590.931145334928,4613.0029296875,679302
2024-03-12 15:00:00,4613.00234628044,4613.00234628044,4582.10185209483,4599.75927734375,667133
2024-03-13 15:00:00,4608.58730525036,4613.001660906731,4586.51552696851,4595.34423828125,563555
2024-03-14 15:00:00,4595.345711137337,4599.760068208555,4568.859568710032,4573.27392578125,693175
2024-03-17 15:00:00,4573.273651541096,4582.10236515411,4502.643942636986,4511.47265625,774585
2024-03-18 15:00:00,4515.886812979715,4529.1298828125,4493.815029925073,4529.1298828125,634390
2024-03-19 15:00:00,4546.78759765625,4546.78759765625,4520.30145631068,4546.78759765625,508410
2024-03-20 15:00:00,4560.030567731044,4564.444924524588,4546.787497350412,4555.6162109375,525091
2024-03-21 15:00:00,4560.02939303029,4595.34423828125,4555.615037373919,4595.34423828125,647556
2024-03-24 15:00:00,4590.931238072519,4630.660450709685,4590.931238072519,4626.24609375,577407
2024-03-25 15:00:00,4635.074418543858,4639.488775132947,4608.588279009321,4617.4169921875,594222
2024-03-26 15:00:00,4626.24609375,4626.24609375,4604.174308951575,4626.24609375,472443
2024-03-27 15:00:00,4635.0751953125,4643.903909970238,4626.246480654761,4635.0751953125,518077
2024-03-28 15:00:00,4635.075001675703,4635.075001675703,4617.41757309789,4630.66064453125,488181
2024-03-31 15:00:00,4635.07480766937,4639.489164629055,4617.41737983063,4626.24609375,1470763
2024-04-01 15:00:00,4635.07480766937,4635.07480766937,4617.41737983063,4626.24609375,935595
2024-04-02 15:00:00,4630.660250007427,4643.9033203125,4604.17410939728,4643.9033203125,982344
2024-04-03 15:00:00,4648.317677080858,4648.317677080858,4635.074606775785,4643.9033203125,965174
2024-04-04 15:00:00,4635.074123612107,4635.074123612107,4617.416698379298,4621.8310546875,889898
2024-04-07 15:00:00,4626.24541521713,4626.24541521713,4595.34492103152,4599.75927734375,1223502
2024-04-08 15:00:00,4604.174230072464,4604.174230072464,4555.616304347826,4568.859375,940547
2024-04-10 15:00:00,4546.78711413872,4551.201470560213,4515.886619188263,4524.71533203125,935432
2024-04-11 15:00:00,4551.358318328857,4551.358318328857,4524.716220855713,4546.91796875,953437
2024-04-14 15:00:00,4546.917156862745,4546.917156862745,4511.394366574755,4529.15576171875,900865
2024-04-15 15:00:00,4533.596780359032,4533.596780359032,4449.230140959599,4458.11083984375,973830
2024-04-16 15:00:00,4466.991619053171,4480.312667618937,4444.789871443563,4462.55126953125,925274
2024-04-17 15:00:00,4466.991371760292,4489.193118140811,4458.110673208085,4475.8720703125,808563
2024-04-18 15:00:00,4484.7530976251865,4484.7530976251865,4453.670650413923,4466.99169921875,853264
2024-04-21 15:00:00,4471.431795046952,4506.95458984375,4466.991445697352,4506.95458984375,793986
2024-04-22 15:00:00,4515.835121940935,4524.7158203125,4498.073725197804,4524.7158203125,801529
2024-04-23 15:00:00,4529.15657043457,4546.91796875,4524.716220855713,4546.91796875,748646
2024-04-24 15:00:00,4551.35791015625,4555.798259336891,4538.036862614329,4551.35791015625,800515
2024-04-25 15:00:00,4551.3582380636,4555.79858756415,4529.15649056085,4542.4775390625,697408
2024-04-28 15:00:00,4542.477619171143,4551.358318328857,4533.596920013428,4546.91796875,805767
2024-04-29 15:00:00,4560.238689102857,4564.679038361964,4542.477292066429,4555.79833984375,719571
2024-05-01 15:00:00,4555.797038393725,4564.677734375,4538.035646431177,4564.677734375,413051
2024-05-02 15:00:00,4573.559327835929,4573.559327835929,4546.91723466407,4560.23828125,460236
2024-05-06 15:00:00,4560.238603297769,4578.0,4560.238603297769,4578.0,1036976
2024-05-07 15:00:00,4586.880287361512,4617.962728805395,4573.55924102842,4609.08203125,1064524
2024-05-08 15:00:00,4622.403232124821,4671.2470703125,4617.962883198669,4671.2470703125,1301675
2024-05-09 15:00:00,4675.686849113195,4711.209636190979,4657.925455574305,4666.80615234375,1152641
2024-05-12 15:00:00,4673.956100303861,4691.8297373987125,4669.487691030147,4687.361328125,1074357
2024-05-13 15:00:00,4696.297804970777,4700.76621391937,4673.955760227815,4682.892578125,1071179
2024-05-15 15:00:00,4696.297410997539,4714.171045292487,4696.297410997539,4709.70263671875,1109762
2024-05-16 15:00:00,4709.704441276659,4718.641261848341,4700.767620704976,4714.1728515625,1069175
2024-05-19 15:00:00,4718.640238830799,4732.045466782022,4700.7666015625,4700.7666015625,972025
2024-05-20 15:00:00,4705.23477094153,4709.703180030742,4673.955907317037,4678.42431640625,1026560
2024-05-21 15:00:00,4682.892918851287,4696.298146672426,4678.424509577574,4687.361328125,959429
2024-05-22 15:00:00,4696.298591453305,4696.298591453305,4665.019723574928,4673.95654296875,915202
2024-05-23 15:00:00,4656.082270960184,4682.892725495463,4647.145452781758,4678.42431640625,1018577
2024-05-26 15:00:00,4678.425188436608,4696.298828125,4673.95677851451,4696.298828125,961750
2024-05-27 15:00:00,4700.7666015625,4709.703420196649,4687.361373611276,4700.7666015625,956332
2024-05-28 15:00:00,4718.639998209169,4718.639998209169,4678.42431640625,4678.42431640625,961027
2024-05-29 15:00:00,4682.893362362572,4687.361772059483,4665.019723574928,4673.95654296875,949991
2024-05-30 15:00:00,4673.95677851451,4700.767238047098,4673.95677851451,4696.298828125,906146
2024-06-02 15:00:00,4709.70263671875,4714.171045292487,4682.892185276328,4709.70263671875,1095539
2024-06-03 15:00:00,4718.639453866223,4718.639453866223,4700.765819571276,4709.70263671875,1041622
2024-06-04 15:00:00,4714.172215317235,4723.109034682765,4709.70380563447,4718.640625,944685
2024-06-06 15:00:00,4727.576606514084,4758.85546875,4727.576606514084,4758.85546875,1251667
2024-06-09 15:00:00,4758.856252847924,4758.856252847924,4736.514204712488,4749.91943359375,693248
2024-06-10 15:00:00,4749.9186509683095,4763.323877640845,4740.98183318662,4758.85546875,698404
2024-06-11 15:00:00,4763.324320820092,4763.324320820092,4736.513864980579,4745.45068359375,750912
2024-06-12 15:00:00,4749.048389971484,4758.042799800975,4713.070750653517,4731.0595703125,811749
2024-06-13 15:00:00,4726.562686256423,4731.059891476458,4686.087839276112,4704.07666015625,685290
2024-06-16 15:00:00,4686.087858544685,4699.579474260266,4641.11580615942,4654.607421875,754814
2024-06-17 15:00:00,4663.6015625,4663.6015625,4645.612742586789,4663.6015625,592303
2024-06-18 15:00:00,4668.0996350489895,4668.0996350489895,4605.138753651412,4618.63037109375,824236
2024-06-19 15:00:00,4623.127576907863,4623.127576907863,4591.647136209073,4618.63037109375,650810
2024-06-20 15:00:00,4618.629512716972,4672.5959724566055,4605.137897782064,4663.6015625,534398
2024-06-23 15:00:00,4681.5910910054745,4686.088296664461,4668.099474028513,4672.5966796875,508365
2024-06-24 15:00:00,4681.590685355686,4690.585095894314,4672.596274817059,4686.087890625,458849
2024-06-25 15:00:00,4690.58447265625,4690.58447265625,4677.092858640939,4690.58447265625,586566
2024-06-26 15:00:00,4695.082249716181,4717.568275816354,4690.585044496146,4704.07666015625,592738
2024-06-27 15:00:00,4717.568224516369,4726.562634858631,4713.071019345238,4722.0654296875,418137
2024-06-30 15:00:00,4722.0653457423,4722.0653457423,4695.0821151952005,4708.57373046875,369818
2024-07-01 15:00:00,4704.076711702255,4704.076711702255,4668.099069547745,4686.087890625,255273
2024-07-02 15:00:00,4699.579320286383,4708.57373046875,4690.584910104018,4708.57373046875,232138
2024-07-03 15:00:00,4713.071070596319,4717.568275816354,4681.590634056077,4704.07666015625,275526
2024-07-04 15:00:00,4699.579287015475,4704.07649207482,4668.09885160006,4677.09326171875,517602
2024-07-07 15:00:00,4681.590685355686,4686.087890625,4668.099069547745,4686.087890625,251191
2024-07-08 15:00:00,4690.585147688614,4690.585147688614,4654.607505136832,4668.09912109375,405382
2024-07-09 15:00:00,4668.09912109375,4672.596326412722,4654.607505136832,4668.09912109375,372508
2024-07-10 15:00:00,4677.09326171875,4677.09326171875,4668.09885160006,4677.09326171875,263181
2024-07-11 15:00:00,4699.731749549279,4708.787109375,4695.204069636418,4708.787109375,232539
2024-07-14 15:00:00,4713.3134765625,4717.841155214337,4704.258119258826,4713.3134765625,154865
2024-07-15 15:00:00,4726.898252644,4735.95361328125,4713.315211688127,4735.95361328125,698169
2024-07-16 15:00:00,4740.480074048269,4776.701507278819,4740.480074048269,4772.173828125,288560
2024-07-17 15:00:00,4767.647578734775,4785.75830078125,4767.647578734775,4785.75830078125,259845
2024-07-18 15:00:00,4785.757964337931,4794.813324724569,4781.230284144613,4790.28564453125,146982
2024-07-21 15:00:00,4803.86865234375,4803.86865234375,4785.757931694009,4803.86865234375,205904
2024-07-22 15:00:00,4790.28564453125,4812.924045497844,4785.757964337931,4790.28564453125,250047
2024-07-23 15:00:00,4799.340636402425,4808.39599609375,4785.757596865436,4808.39599609375,160393
2024-07-24 15:00:00,4799.3406681568695,4803.86834803249,4767.646909027532,4794.81298828125,124057
2024-07-25 15:00:00,4803.868316248088,4808.39599609375,4790.2852767111,4808.39599609375,100420
2024-07-28 15:00:00,4808.3955991654,4844.6170349406575,4808.3955991654,4840.08935546875,254513
2024-07-29 15:00:00,4853.672454240037,4889.893890465709,4844.617095183619,4885.3662109375,153159
2024-07-30 15:00:00,4912.533287635216,4953.282411680117,4889.894885388049,4944.22705078125,248143
2024-07-31 15:00:00,4944.22705078125,4957.81009212955,4935.171689882383,4944.22705078125,224443
2024-08-01 15:00:00,4935.171365410283,4944.226725713788,4867.256163133995,4876.3115234375,387214
2024-08-04 15:00:00,4867.256198656918,4867.256198656918,4500.514103688351,4658.98291015625,946141
2024-08-05 15:00:00,4726.897758871823,4808.39599609375,4717.842399180497,4808.39599609375,338015
2024-08-06 15:00:00,4808.3955991654,4862.727752828286,4808.3955991654,4840.08935546875,318650
2024-08-07 15:00:00,4840.090126657756,4840.090126657756,4754.0642029847,4790.28564453125,272252
2024-08-08 15:00:00,4799.341004917887,4821.979405884481,4772.174923757974,4790.28564453125,396461
2024-08-11 15:00:00,4794.813312892808,4862.728515625,4794.813312892808,4862.728515625,222307
2024-08-12 15:00:00,4813.499114730878,4836.290303721081,4804.382639134797,4827.173828125,343435
2024-08-13 15:00:00,4836.290394928496,4849.965108580508,4827.173919160487,4840.8486328125,179578
2024-08-15 15:00:00,4863.639822232521,4863.639822232521,4831.732157044491,4840.8486328125,206661
2024-08-18 15:00:00,4840.848541519122,4845.406779317163,4822.615590326959,4827.173828125,247078
2024-08-19 15:00:00,4827.174135561343,4831.732373649692,4790.708230854552,4799.82470703125,313307
2024-08-20 15:00:00,4813.498706588963,4813.498706588963,4777.032807296622,4790.70751953125,189248
2024-08-21 15:00:00,4790.707875530982,4813.49906428232,4781.591400030447,4795.26611328125,204394
2024-08-22 15:00:00,4790.708453050948,4808.94140625,4777.033738151659,4808.94140625,179651
2024-08-25 15:00:00,4808.9414957836125,4831.732687706758,4808.9414957836125,4822.6162109375,654119
2024-08-27 15:00:00,4827.174359449053,4831.732597748815,4795.266691350711,4808.94140625,592754
2024-08-28 15:00:00,4813.5,4813.5,4795.267045454545,4813.5,751841
2024-08-29 15:00:00,4822.616521453139,4849.965953521872,4808.941805418774,4845.40771484375,671997
2024-09-01 15:00:00,4859.081319020206,4859.081319020206,4827.173655574483,4849.96484375,776598
2024-09-02 15:00:00,4854.523081385103,4854.523081385103,4836.29013084469,4849.96484375,713085
2024-09-03 15:00:00,4827.173695920548,4831.73193359375,4808.940745227742,4831.73193359375,996201
2024-09-04 15:00:00,4836.291193181818,4840.849431818182,4813.5,4813.5,903750
2024-09-05 15:00:00,4813.498891319773,4827.173604079204,4804.382416146818,4818.05712890625,787236
2024-09-08 15:00:00,4804.38232421875,4804.38232421875,4790.707611720974,4804.38232421875,913401
2024-09-09 15:00:00,4804.382416146818,4831.731841665681,4804.382416146818,4818.05712890625,641987
2024-09-10 15:00:00,4840.849164476016,4840.849164476016,4808.9414957836125,4822.6162109375,1061930
2024-09-11 15:00:00,4836.382223772322,4836.382223772322,4804.262038225446,4818.02783203125,1182375
2024-09-12 15:00:00,4822.616429966518,4827.205027901786,4804.262038225446,4818.02783203125,828020
2024-09-18 15:00:00,4831.79296875,4840.970163372507,4790.495592948718,4831.79296875,754405
2024-09-19 15:00:00,4831.793676108008,4840.9708720740255,4813.439284175975,4827.205078125,895410
2024-09-22 15:00:00,4831.793676108008,4831.793676108008,4818.027882158983,4827.205078125,1461833
2024-09-23 15:00:00,4822.616160200935,4827.204757879528,4808.850367165157,4813.43896484375,888181
2024-09-24 15:00:00,4808.8504849137935,4818.02768049569,4767.553104795259,4790.49609375,1014684
2024-09-25 15:00:00,4799.672529474772,4799.672529474772,4767.55235002322,4785.90673828125,1203189
2024-09-26 15:00:00,4795.084047409381,4808.849838933044,4753.786672838392,4762.9638671875,1193181
2024-09-29 15:00:00,4767.552527885548,4772.141125121241,4726.255152764306,4730.84375,910489
2024-10-01 15:00:00,4721.667126885776,4726.255724676725,4639.072366648707,4657.4267578125,1081708
2024-10-03 15:00:00,4652.837192664327,4662.014386338221,4602.362627457909,4616.12841796875,1120262
2024-10-06 15:00:00,4625.305716274753,4648.248700978496,4597.77413463026,4634.48291015625,981940
2024-10-07 15:00:00,4652.837201056294,4652.837201056294,4574.8310546875,4574.8310546875,1161313
2024-10-09 15:00:00,4593.185485839844,4629.894260951451,4584.008292061942,4625.3056640625,862405
2024-10-10 15:00:00,4629.894902998644,4666.603683200813,4620.717707948102,4652.837890625,909572
2024-10-13 15:00:00,4657.458407664862,4694.42236328125,4652.837913212814,4694.42236328125,774853
2024-10-14 15:00:00,4703.6640625,4722.146043099214,4694.423072200393,4703.6640625,872655
2024-10-15 15:00:00,4708.283287161536,4708.283287161536,4671.3193359375,4671.3193359375,761312
2024-10-16 15:00:00,4671.3197804418105,4699.042746497845,4671.3197804418105,4689.8017578125,794183
2024-10-17 15:00:00,4694.421805452523,4694.421805452523,4662.078348131491,4671.3193359375,820650
2024-10-20 15:00:00,4680.56005859375,4685.180552235008,4662.078084028721,4680.56005859375,750101
2024-10-21 15:00:00,4671.319644939365,4675.94013914801,4625.114702852923,4643.5966796875,962834
2024-10-22 15:00:00,4643.596723101117,4657.458205856643,4615.873757590066,4625.11474609375,868810
2024-10-23 15:00:00,4625.115390938126,4629.735885834169,4606.633411353958,4611.25390625,789453
2024-10-24 15:00:00,4620.494315294715,4620.494315294715,4541.945911934705,4546.56640625,1101372
2024-10-27 15:00:00,4551.186988705495,4560.427977515049,4486.500067038614,4509.6025390625,1081619
2024-10-28 15:00:00,4537.325083819125,4537.325083819125,4514.222613942246,4532.70458984375,747281
2024-10-30 15:00:00,4500.361991788903,4528.0849609375,4481.880012356505,4528.0849609375,725344
2024-10-31 15:00:00,4523.462817432944,4523.462817432944,4491.119365214322,4500.3603515625,648546
2024-11-03 15:00:00,4504.981416500874,4504.981416500874,4454.155985135222,4463.39697265625,953857
2024-11-05 15:00:00,4486.499863829995,4486.499863829995,4384.848991529007,4440.294921875,1056474
2024-11-06 15:00:00,4435.674022822665,4440.294516596438,4384.848591311155,4403.33056640625,949704
2024-11-07 15:00:00,4412.571707956415,4431.053683696547,4380.2282504111845,4389.46923828125,785232
2024-11-10 15:00:00,4389.469522894385,4394.09001712901,4301.680132436497,4320.162109375,1086389
2024-11-11 15:00:00,4320.162103492094,4320.162103492094,4204.649747783748,4218.51123046875,1451843
2024-11-12 15:00:00,4204.649838609088,4297.0597251719255,4204.649838609088,4283.1982421875,861003
2024-11-13 15:00:00,4288.785366355653,4288.785366355653,4237.562088364435,4242.21875,712444
2024-11-14 15:00:00,4251.532606868702,4274.81591796875,4237.562620208673,4274.81591796875,772523
2024-11-17 15:00:00,4298.099273120777,4381.919193940034,4293.442610853041,4307.41259765625,788991
2024-11-18 15:00:00,4326.038622733874,4358.63525390625,4302.755314753606,4358.63525390625,901654
2024-11-19 15:00:00,4363.293568121693,4400.546875,4358.636904761905,4400.546875,866017
2024-11-20 15:00:00,4395.88946301424,4419.172775848003,4395.88946301424,4414.51611328125,711138
2024-11-21 15:00:00,4419.17259100906,4433.142578125,4409.8592662651,4433.142578125,816847
2024-11-24 15:00:00,4442.455750411184,4442.455750411184,4409.859114925987,4423.8291015625,776983
2024-11-25 15:00:00,4428.485948752147,4428.485948752147,4386.575987092032,4405.20263671875,587210
2024-11-26 15:00:00,4409.860201719577,4419.173528439153,4391.233548280424,4400.546875,723251
2024-11-27 15:00:00,4409.859114925987,4470.395723684211,4405.202452713816,4423.8291015625,1001586
2024-11-28 15:00:00,4437.799383862745,4442.456046385162,4367.9494460265005,4381.91943359375,853904
2024-12-01 15:00:00,4391.232116114217,4400.545439796326,4358.635483226837,4372.60546875,744426
2024-12-02 15:00:00,4367.9497426569205,4372.606405495574,4330.696439947694,4340.009765625,803391
2024-12-03 15:00:00,4288.785386122667,4330.695341035917,4256.188754523471,4302.75537109375,1021759
2024-12-04 15:00:00,4302.756418328537,4316.726406699733,4237.563139262952,4246.87646484375,830608
2024-12-05 15:00:00,4232.905655408062,4270.1589505051625,4186.339036536686,4256.18896484375,853440
2024-12-08 15:00:00,4218.935791564256,4223.592453585849,4135.115875175562,4144.42919921875,1127029
2024-12-09 15:00:00,4163.056534616571,4246.87646484375,4163.056534616571,4246.87646484375,806872
2024-12-10 15:00:00,4251.533206816111,4312.06982421875,4246.8765439389845,4312.06982421875,755223
2024-12-11 15:00:00,4323.334956181514,4356.194179518398,4313.94660665669,4337.41748046875,873611
2024-12-12 15:00:00,4342.112156820193,4351.500507429534,4295.170403773489,4309.2529296875,684421
2024-12-15 15:00:00,4342.11282719657,4346.807003225972,4271.700186755545,4285.78271484375,832997
2024-12-16 15:00:00,4299.863943763767,4299.863943763767,4234.1454992084255,4262.310546875,703601
2024-12-17 15:00:00,4262.311691587334,4267.005867459126,4224.758284612996,4252.92333984375,859159
2024-12-18 15:00:00,4220.063470607851,4238.840171255716,4196.592594798019,4234.14599609375,661697
2024-12-19 15:00:00,4243.53468924581,4248.228864787011,4196.592933833798,4201.287109375,910188
2024-12-22 15:00:00,4220.064108741204,4257.617515715542,4205.981581125828,4252.92333984375,872379
2024-12-23 15:00:00,4252.923157138949,4299.864913840263,4252.923157138949,4290.4765625,747150
2024-12-25 15:00:00,4290.4765625,4318.641616520788,4276.394035489606,4290.4765625,809201
2024-12-26 15:00:00,4313.946782674331,4323.335132582219,4295.170082858556,4299.8642578125,644186
2024-12-29 15:00:00,4299.864273962927,4313.946798877653,4248.2283492756,4257.61669921875,877012
2025-01-01 15:00:00,4267.005033134893,4304.558432766444,4262.310858180949,4299.8642578125,909101
2025-01-02 15:00:00,4304.55858211166,4332.7236328125,4299.864406994853,4332.7236328125,1082904
2025-01-05 15:00:00,4328.0291262135925,4351.5,4328.0291262135925,4351.5,1032400
2025-01-06 15:00:00,4356.19482421875,4365.583175133014,4346.806473304486,4356.19482421875,941117
2025-01-07 15:00:00,4356.194174757282,4365.582524271845,4337.417475728155,4351.5,917772
2025-01-08 15:00:00,4351.500182305881,4356.194357259825,4252.922508273062,4299.8642578125,1336975
2025-01-09 15:00:00,4313.947265625,4313.947265625,4290.476388227693,4313.947265625,1052020
2025-01-12 15:00:00,4309.252768879498,4309.252768879498,4267.005192714013,4304.55859375,430591
2025-01-13 15:00:00,4302.666038260554,4307.39944424324,4278.99900834713,4288.4658203125,360885
2025-01-14 15:00:00,4302.665045515557,4307.398450406113,4288.464830843888,4297.931640625,146054
2025-01-15 15:00:00,4293.199203709433,4307.399421582783,4288.46579775165,4302.666015625,326957
2025-01-16 15:00:00,4307.398456880513,4307.398456880513,4278.998027494487,4293.1982421875,310840
2025-01-19 15:00:00,4293.198779839409,4293.198779839409,4255.331535915799,4260.06494140625,599426
2025-01-20 15:00:00,4264.798790399075,4288.4658203125,4245.865166468336,4288.4658203125,379769
2025-01-21 15:00:00,4293.19777769847,4293.19777769847,4269.530755770695,4274.26416015625,490603
2025-01-22 15:00:00,4274.26416015625,4278.997564541805,4260.063946999585,4274.26416015625,495262
2025-01-23 15:00:00,4274.2646225968165,4293.1982421875,4269.531217699146,4293.1982421875,568747
2025-01-30 15:00:00,4293.1982421875,4293.1982421875,4255.331003006133,4293.1982421875,1283734
2025-02-02 15:00:00,4288.4658582477805,4288.4658582477805,4255.332016075888,4264.798828125,850798
2025-02-03 15:00:00,4278.99900834713,4288.4658203125,4264.798790399075,4288.4658203125,611529
2025-02-04 15:00:00,4297.931140539148,4321.598162238152,4283.730927519746,4307.39794921875,915431
2025-02-05 15:00:00,4307.398386437909,4349.999029820262,4297.931576797386,4345.265625,916887
2025-02-06 15:00:00,4340.5331808339,4359.466804305367,4326.332963230298,4354.7333984375,1007835
2025-02-09 15:00:00,4349.99949793448,4359.46630859375,4321.599065956671,4359.46630859375,933217
2025-02-10 15:00:00,4364.1997139233845,4364.1997139233845,4345.266092604846,4359.46630859375,1271737
2025-02-11 15:00:00,4364.1997277526525,4364.1997277526525,4340.532701029482,4349.99951171875,856345
2025-02-12 15:00:00,4355.72412109375,4365.265685433496,4322.328645904641,4355.72412109375,841781
2025-02-13 15:00:00,4355.7240607923495,4365.265625,4350.953278688525,4365.265625,759196
2025-02-16 15:00:00,4365.265114524147,4417.743711529356,4365.265114524147,4408.2021484375,867589
2025-02-17 15:00:00,4422.515289503528,4436.82763671875,4417.744507098454,4436.82763671875,870781
2025-02-18 15:00:00,4441.59851061163,4460.681640625,4436.827728108288,4460.681640625,1365762
2025-02-19 15:00:00,4479.7650134833975,4503.618927293213,4465.452665197508,4498.84814453125,1749303
2025-02-20 15:00:00,4503.619105784365,4546.55615234375,4494.07753988228,4546.55615234375,1362508
2025-02-23 15:00:00,4546.55615234375,4570.410067098964,4532.243803490622,4546.55615234375,1006042
2025-02-24 15:00:00,4546.555510896382,4556.097075452302,4527.47238178454,4532.2431640625,608621
2025-02-25 15:00:00,4546.555603219077,4556.09716796875,4527.472473719732,4556.09716796875,977329
2025-02-26 15:00:00,4560.86788956374,4570.409454186259,4551.326324941222,4565.638671875,559381
2025-02-27 15:00:00,4560.868072670216,4565.638855173009,4537.01416015625,4537.01416015625,1094889
2025-03-03 15:00:00,4541.784640023413,4584.7216796875,4541.784640023413,4584.7216796875,832396
2025-03-04 15:00:00,4584.7218326552775,4599.0341796875,4584.7218326552775,4599.0341796875,710598
2025-03-05 15:00:00,4599.03484543442,4646.74267578125,4594.264062399737,4646.74267578125,891919
2025-03-06 15:00:00,4646.741570296258,4661.053915995322,4584.721405600311,4589.4921875,889774
2025-03-09 15:00:00,4594.263244057297,4594.263244057297,4560.867768763007,4584.7216796875,743638
2025-03-10 15:00:00,4560.867857730264,4560.867857730264,4508.389252672698,4532.2431640625,860401
2025-03-11 15:00:00,4541.785251726887,4541.785251726887,4470.223509315223,4489.306640625,1098337
2025-03-12 15:00:00,4497.965176954802,4497.965176954802,4459.479913408664,4483.533203125,574866
2025-03-13 15:00:00,4483.532825506847,4488.343483044945,4464.290195354458,4478.72216796875,287685
2025-03-16 15:00:00,4483.5339559354925,4493.1552734375,4473.912638433485,4493.1552734375,354947
2025-03-17 15:00:00,4502.776186803344,4536.450795037984,4497.965528484109,4531.64013671875,638922
2025-03-18 15:00:00,4546.071931863133,4565.314564378956,4531.639957476265,4560.50390625,656861
2025-03-19 15:00:00,4565.314342105264,4589.367631578947,4560.503684210526,4570.125,564991
2025-03-20 15:00:00,4570.125067170966,4570.125067170966,4531.6398034474205,4546.07177734375,530096
2025-03-23 15:00:00,4570.125111136723,4570.125111136723,4546.071821078109,4565.314453125,532131
2025-03-24 15:00:00,4565.314564378956,4570.125222507912,4550.8825899920885,4560.50390625,630965
2025-03-25 15:00:00,4565.31474495339,4584.557378230327,4531.64013671875,4531.64013671875,690077
2025-03-26 15:00:00,4531.639982278355,4541.261298588925,4507.5866915019305,4517.2080078125,451895
2025-03-27 15:00:00,4546.071999995857,4546.071999995857,4522.0187089905885,4536.45068359375,373514
2025-03-30 15:00:00,4536.451202196534,4536.451202196534,4478.723297184489,4493.1552734375,696342
2025-03-31 15:00:00,4517.207964467748,4526.829280685996,4497.96533203125,4497.96533203125,408210
2025-04-01 15:00:00,4517.207630409615,4517.207630409615,4497.964999396156,4512.39697265625,526701
2025-04-02 15:00:00,4497.965932188504,4507.587249690511,4464.2913209314775,4493.1552734375,741281
2025-04-03 15:00:00,4493.154140583042,4493.154140583042,4454.668880278263,4478.72216796875,1054331
2025-04-06 15:00:00,4449.858869586074,4449.858869586074,4329.592413651316,4387.3203125,1291165
2025-04-07 15:00:00,4401.752107906965,4425.8053981141065,4392.130791824108,4416.18408203125,797631
2025-04-08 15:00:00,4382.509765625,4396.941740703896,4324.781865309413,4382.509765625,1215227
2025-04-09 15:00:00,4430.616739864865,4464.291351351351,4420.995422297297,4449.859375,760865
2025-04-10 15:00:00,4401.752787162162,4449.859375,4401.752787162162,4449.859375,1046700
2025-04-13 15:00:00,4458.591796875,4463.443365750816,4429.482383620104,4458.591796875,844082
2025-04-14 15:00:00,4463.442807632921,4516.81005859375,4458.591239363755,4516.81005859375,848853
2025-04-15 15:00:00,4511.958997002963,4521.662134630927,4497.404290561019,4502.255859375,588129
2025-04-16 15:00:00,4502.256306879015,4531.36572265625,4502.256306879015,4531.36572265625,673974
2025-04-17 15:00:00,4521.662090574867,4536.216796875,4516.810521808156,4536.216796875,529687
2025-04-20 15:00:00,4541.067859641525,4575.028837224313,4541.067859641525,4550.77099609375,770563
2025-04-21 15:00:00,4550.771999841073,4565.3267077296905,4526.514153360044,4531.36572265625,574795
2025-04-22 15:00:00,4545.919890774284,4570.177734375,4545.919890774284,4570.177734375,610560
2025-04-23 15:00:00,4570.1777530950485,4579.88089057508,4555.623046875,4555.623046875,774841
2025-04-24 15:00:00,4560.475057396274,4594.436041866246,4560.475057396274,4589.58447265625,549135
2025-04-27 15:00:00,4589.583965852213,4618.693377897787,4579.8808285036885,4604.138671875,707707
2025-04-28 15:00:00,4608.990709320838,4618.69384765625,4604.139140153132,4618.69384765625,682200
2025-04-29 15:00:00,4623.545363871256,4657.50634765625,4618.693794759114,4657.50634765625,573800
2025-05-01 15:00:00,4657.506321317427,4686.615735825661,4647.803183148017,4676.91259765625,955372
2025-05-06 15:00:00,4681.764193216959,4696.318900553385,4642.951640319824,4657.50634765625,1160151
2025-05-07 15:00:00,4657.505853277836,4667.208990472164,4647.802716083506,4662.357421875,640443
2025-05-08 15:00:00,4667.209485880534,4672.061054992676,4647.803209431966,4657.50634765625,679457
2025-05-11 15:00:00,4657.50634765625,4662.357916768392,4633.24850209554,4657.50634765625,1133787
2025-05-12 15:00:00,4662.357421875,4667.208990472164,4633.2480102920135,4662.357421875,1314256
2025-05-13 15:00:00,4664.31333131428,4664.31333131428,4630.088810015328,4634.97802734375,853666
2025-05-14 15:00:00,4644.756200758077,4644.756200758077,4610.53168138407,4615.4208984375,539168
2025-05-15 15:00:00,4620.310432409913,4630.0888671875,4610.531997632325,4630.0888671875,442231
2025-05-18 15:00:00,4639.8674169146825,4649.645851934523,4615.421329365079,4620.310546875,580798
2025-05-19 15:00:00,4620.310432409913,4630.0888671875,4615.42121502112,4630.0888671875,851650
2025-05-20 15:00:00,4630.0888671875,4639.867301965087,4625.199649798707,4630.0888671875,703815
2025-05-21 15:00:00,4630.089097088746,4634.978314720308,4605.643008930939,4610.5322265625,590427
2025-05-22 15:00:00,4615.421272132664,4625.19970703125,4605.642837234078,4625.19970703125,372922
2025-05-25 15:00:00,4625.199649798707,4644.75651935388,4620.310432409913,4630.0888671875,588245
2025-05-26 15:00:00,4630.088549597788,4644.756200758077,4600.753247277211,4615.4208984375,846848
2025-05-27 15:00:00,4625.199879457185,4625.199879457185,4600.753791299378,4610.5322265625,740156
2025-05-28 15:00:00,4615.421329365079,4630.088981894841,4610.532111855158,4620.310546875,695589
2025-05-29 15:00:00,4625.19970703125,4630.088924480543,4615.421272132664,4625.19970703125,780747
2025-06-01 15:00:00,4630.0888671875,4634.978084576293,4620.310432409913,4630.0888671875,1065439
2025-06-03 15:00:00,4644.756606639806,4698.537998927214,4630.088954197786,4664.3134765625,2691319
2025-06-04 15:00:00,4669.202376404771,4674.091593552839,4615.420987776025,4649.6455078125,2686225
2025-06-08 15:00:00,4644.756462000593,4654.534896657437,4634.97802734375,4634.97802734375,1795070
2025-06-09 15:00:00,4644.75634765625,4649.64556486431,4625.199478824014,4644.75634765625,1478486
2025-06-10 15:00:00,4649.64556486431,4654.534782072368,4630.088696032072,4644.75634765625,1579778
2025-06-11 15:00:00,4654.60753355635,4659.53304417387,4620.128959233711,4629.97998046875,2368640
2025-06-12 15:00:00,4634.905717090894,4639.831227948589,4565.948565083166,4580.72509765625,1686019
2025-06-15 15:00:00,4595.50141771031,4600.4269283402255,4531.469779521421,4541.32080078125,1479550
2025-06-16 15:00:00,4546.24658203125,4570.874136646804,4516.693516492585,4546.24658203125,1758135
2025-06-17 15:00:00,4551.171822041079,4575.799375190652,4536.395290151336,4541.32080078125,1724524
2025-06-18 15:00:00,4551.17214527027,4570.87418918919,4526.544590371622,4556.09765625,1226648
2025-06-19 15:00:00,4556.097551277484,4570.874083876221,4526.544486080008,4536.3955078125,1250125
2025-06-22 15:00:00,4531.4697265625,4541.320747707201,4516.6931948454485,4531.4697265625,983705
2025-06-23 15:00:00,4536.395612331081,4561.02316722973,4531.470101351351,4556.09765625,1443154
2025-06-24 15:00:00,4565.948453166778,4620.129071273395,4556.097431692848,4605.3525390625,1353353
2025-06-25 15:00:00,4610.278049799465,4620.129071273395,4585.650496114639,4605.3525390625,950988
2025-06-26 15:00:00,4634.905326770447,4659.532878984956,4625.054305884643,4644.75634765625,1517030
2025-06-29 15:00:00,4644.756949939199,4644.756949939199,4610.27837236807,4620.12939453125,1291893
2025-06-30 15:00:00,4620.129124074507,4629.980145661019,4610.278102487993,4615.20361328125,910864
2025-07-01 15:00:00,4615.2032318926,4634.9052734375,4605.352211120151,4634.9052734375,877422
2025-07-02 15:00:00,4639.830837213349,4649.681858099152,4629.979816327545,4644.75634765625,975648
2025-07-03 15:00:00,4644.756618176477,4654.607639636024,4634.90559671693,4649.68212890625,810157
2025-07-06 15:00:00,4644.756670768367,4659.533203125,4629.980138411734,4659.533203125,1054187
2025-07-07 15:00:00,4659.532985538213,4679.235027760362,4649.681964427138,4664.45849609375,1436414
2025-07-08 15:00:00,4669.383895745798,4689.0859375,4664.458385307248,4689.0859375,1083150
2025-07-09 15:00:00,4694.01144793855,4694.01144793855,4679.234916622899,4689.0859375,1142250
2025-07-10 15:00:00,4689.0859375,4698.9369583771,4669.383895745798,4689.0859375,1598468
2025-07-13 15:00:00,4691.0719513588765,4691.0719513588765,4651.3591729346745,4666.25146484375,1937153
2025-07-14 15:00:00,4666.25138015257,4671.215477365498,4631.502699662072,4636.466796875,1284596
2025-07-15 15:00:00,4631.502643019153,4636.4667401713705,4616.6103515625,4616.6103515625,1214230
2025-07-16 15:00:00,4616.6101505978695,4636.466538342377,4616.6101505978695,4631.50244140625,1005330
2025-07-17 15:00:00,4641.430922288161,4646.39501953125,4621.574533315806,4646.39501953125,1443890
2025-07-20 15:00:00,4646.394732214631,4646.394732214631,4631.50244140625,4631.50244140625,1408848
2025-07-21 15:00:00,4626.53831565521,4631.50241256042,4611.646024939581,4621.57421875,1653103
2025-07-22 15:00:00,4621.574477036112,4626.53857421875,4616.610379853473,4626.53857421875,907077
2025-07-23 15:00:00,4626.53857421875,4631.502671401388,4616.610379853473,4626.53857421875,1109463
2025-07-24 15:00:00,4626.538344470123,4631.50244140625,4616.6101505978695,4631.50244140625,942965
2025-07-27 15:00:00,4631.502643019153,4631.502643019153,4606.682157258065,4616.6103515625,1745803
2025-07-28 15:00:00,4616.610408023287,4641.430894087928,4611.646310810359,4636.466796875,1503708
2025-07-29 15:00:00,4636.466853095016,4676.179631279984,4626.538658548774,4656.3232421875,1003564
2025-07-30 15:00:00,4656.323040855805,4671.21533203125,4646.394846738842,4671.21533203125,1361162
2025-07-31 15:00:00,4661.287430155238,4666.251527524946,4601.71826171875,4601.71826171875,2368479
2025-08-03 15:00:00,4606.68226945629,4656.3232421875,4601.7181721831685,4656.3232421875,1863410
2025-08-04 15:00:00,4671.215618068889,4691.072007518704,4651.359228619074,4686.10791015625,1446502
2025-08-05 15:00:00,4681.143812793796,4696.036104881157,4671.215618068889,4686.10791015625,1092517
2025-08-06 15:00:00,4691.0720354205205,4701.00023020448,4683.129479593354,4696.0361328125,802462
2025-08-07 15:00:00,4701.0,4715.892291446674,4683.129250263992,4701.0,1583515
2025-08-10 15:00:00,4705.964097148892,4705.964097148892,4676.179514255544,4701.0,1185649
2025-08-11 15:00:00,4701.0,4710.928194297782,4696.035902851108,4701.0,1207162
2025-08-12 15:00:00,4710.0,4720.0,4695.0,4700.0,1116901
2025-08-13 15:00:00,4705.0,4720.0,4630.0,4660.0,4153872
2025-08-17 15:00:00,4660.0,4660.0,4640.0,4655.0,1832099
2025-08-18 15:00:00,4655.0,4660.0,4640.0,4645.0,1579170
2025-08-19 15:00:00,4650.0,4650.0,4625.0,4650.0,1243888
2025-08-20 15:00:00,4660.0,4660.0,4650.0,4660.0,846080
2025-08-21 15:00:00,4665.0,4670.0,4645.0,4655.0,1410174
2025-08-24 15:00:00,4665.0,4680.0,4665.0,4675.0,1144610
2025-08-25 15:00:00,4675.0,4680.0,4670.0,4680.0,945902
2025-08-26 15:00:00,4685.0,4690.0,4670.0,4675.0,1004251
2025-08-27 15:00:00,4675.0,4700.0,4675.0,4700.0,1090350
2025-08-28 15:00:00,4705.0,4705.0,4690.0,4705.0,708158
2025-08-31 15:00:00,4705.0,4715.0,4695.0,4710.0,1171661
2025-09-01 15:00:00,4710.0,4730.0,4710.0,4725.0,1045135
2025-09-02 15:00:00,4730.0,4735.0,4715.0,4725.0,1187784
2025-09-03 15:00:00,4659.10693359375,4673.8977492559525,4654.1766617063495,4659.10693359375,970841
2025-09-04 15:00:00,4664.037213199013,4683.75830078125,4661.079050061678,4683.75830078125,957687
2025-09-07 15:00:00,4683.758506695263,4728.130955706061,4678.828234582953,4723.20068359375,1767519
2025-09-08 15:00:00,4728.1311489727705,4742.921965914292,4698.5495150897295,4713.34033203125,2118018
2025-09-09 15:00:00,4718.270802614215,4728.13134765625,4708.410257572178,4728.13134765625,1570012
2025-09-10 15:00:00,4737.991892698286,4737.991892698286,4713.340530093196,4728.13134765625,1680817
2025-09-11 15:00:00,4727.138075313807,4747.0,4722.172594142259,4747.0,1259670
2025-09-14 15:00:00,4747.0,4756.930962343096,4737.069037656904,4747.0,1173704
2025-09-15 15:00:00,4756.930921268363,4756.930921268363,4727.138034496327,4732.103515625,1420265
2025-09-16 15:00:00,4732.103366683864,4742.034328628636,4732.103366683864,4737.06884765625,995728
2025-09-17 15:00:00,4737.06884765625,4756.9307715457935,4732.103366683864,4737.06884765625,1453525
2025-09-18 15:00:00,4742.0344778823455,4742.0344778823455,4717.207072238983,4732.103515625,1293015
2025-09-21 15:00:00,4732.103774187434,4737.069255587421,4707.2763671875,4707.2763671875,1400664
2025-09-22 15:00:00,4707.275944806058,4717.206906714931,4667.552097170564,4672.517578125,1560386
2025-09-23 15:00:00,4682.448581501589,4687.4140625,4667.552138506356,4687.4140625,1087938
2025-09-24 15:00:00,4687.414144736842,4717.20703125,4677.483182565789,4717.20703125,1149380
2025-09-25 15:00:00,4727.138292787447,4727.138292787447,4687.414441587553,4707.2763671875,1450602
2025-09-28 15:00:00,4707.276069078947,4722.172512335526,4697.345106907895,4717.20703125,1537549
2025-09-29 15:00:00,4717.207221023175,4732.103664879038,4707.2762584526,4727.13818359375,1234200
2025-09-30 15:00:00,4737.069186641034,4747.000149296466,4717.207261330171,4742.03466796875,1341560
2025-10-01 15:00:00,4742.034708234114,4756.93115234375,4742.034708234114,4756.93115234375,1597026
2025-10-09 15:00:00,4761.896294062663,4761.896294062663,4737.06888898413,4751.96533203125,2603796
2025-10-12 15:00:00,4747.0,4751.965481171548,4732.103556485356,4747.0,2547768
2025-10-13 15:00:00,4750.0,4750.0,4730.0,4740.0,1739489
2025-10-14 15:00:00,4740.0,4760.0,4740.0,4750.0,1272159
2025-10-15 15:00:00,4750.0,4765.0,4740.0,4750.0,1918899
2025-10-16 15:00:00,4750.0,4755.0,4730.0,4740.0,1846171
2025-10-19 15:00:00,4745.0,4755.0,4735.0,4745.0,1516028
2025-10-20 15:00:00,4750.0,4755.0,4740.0,4745.0,1830527
2025-10-21 15:00:00,4760.0,4760.0,4740.0,4750.0,1023066
2025-10-22 15:00:00,4750.0,4755.0,4740.0,4755.0,1485758
2025-10-23 15:00:00,4760.0,4770.0,4755.0,4765.0,1354449
2025-10-26 15:00:00,4765.0,4785.0,4765.0,4775.0,1677524
2025-10-27 15:00:00,4775.0,4775.0,4755.0,4775.0,1439524
2025-10-28 15:00:00,4775.0,4785.0,4775.0,4785.0,1088843
2025-10-29 15:00:00,4785.0,4805.0,4780.0,4800.0,1696027
2025-10-30 15:00:00,4800.0,4805.0,4775.0,4780.0,1960772
2025-11-02 15:00:00,4780.0,4785.0,4765.0,4770.0,1719385
2025-11-03 15:00:00,4770.0,4775.0,4760.0,4770.0,1358526
2025-11-04 15:00:00,4775.0,4780.0,4740.0,4755.0,2108684
2025-11-05 15:00:00,4765.0,4780.0,4760.0,4775.0,1534050
2025-11-06 15:00:00,4775.0,4775.0,4755.0,4775.0,2023623
2025-11-09 15:00:00,4749.257118010298,4769.128486704901,4749.257118010298,4764.16064453125,1254962
2025-11-10 15:00:00,4764.160925724403,4779.064453125,4764.160925724403,4779.064453125,1532297
2025-11-11 15:00:00,4784.032157676349,4789.0,4769.128630705394,4789.0,1910057
2025-11-12 15:00:00,4800.0,4800.0,4780.0,4800.0,1382427
2025-11-13 15:00:00,4790.0,4800.0,4767.0,4770.0,2368374
2025-11-16 15:00:00,4775.0,4780.0,4760.0,4775.0,1406380
2025-11-17 15:00:00,4780.0,4785.0,4760.0,4760.0,2290437
2025-11-18 15:00:00,4765.0,4790.0,4760.0,4785.0,1395460
2025-11-19 15:00:00,4790.0,4800.0,4780.0,4790.0,1165950
2025-11-20 15:00:00,4790.0,4790.0,4765.0,4785.0,1166222
2025-11-23 15:00:00,4785.0,4800.0,4785.0,4795.0,1322272
2025-11-24 15:00:00,4795.0,4805.0,4790.0,4790.0,1351290
2025-11-25 15:00:00,4795.0,4825.0,4795.0,4825.0,1370854
2025-11-26 15:00:00,4830.0,4845.0,4830.0,4845.0,1100726
2025-11-27 15:00:00,4850.0,4855.0,4815.0,4835.0,1404208
2025-11-30 15:00:00,4840.0,4870.0,4835.0,4855.0,1067476
2025-12-01 15:00:00,4855.0,4875.0,4852.0,4875.0,1425258
2025-12-02 15:00:00,4880.0,4900.0,4880.0,4900.0,934566
2025-12-03 15:00:00,4905.0,4930.0,4900.0,4930.0,1066209
2025-12-04 15:00:00,4935.0,4947.0,4920.0,4925.0,1641848
2025-12-07 15:00:00,4910.970703125,4915.941321245572,4886.117612522141,4910.970703125,1845714
2025-12-08 15:00:00,4920.911939366144,4925.882557486716,4876.176376280997,4910.970703125,1922069
2025-12-09 15:00:00,4920.91162109375,4920.91162109375,4901.029149897412,4920.91162109375,1146706
2025-12-10 15:00:00,4920.911854103344,4930.853090172239,4876.176291793313,4906.0,2434618
2025-12-11 15:00:00,4915.0,4920.0,4865.0,4875.0,1855982
2025-12-14 15:00:00,4875.0,4880.0,4840.0,4845.0,1636712
2025-12-15 15:00:00,4855.0,4860.0,4810.0,4810.0,1437228
2025-12-16 15:00:00,4825.0,4825.0,4787.0,4810.0,2050319
2025-12-17 15:00:00,4810.0,4810.0,4760.0,4770.0,1538266
2025-12-18 15:00:00,4785.0,4815.0,4775.0,4800.0,1321506
2025-12-21 15:00:00,4810.0,4825.0,4800.0,4810.0,1636409
2025-12-22 15:00:00,4810.0,4820.0,4800.0,4810.0,1280219
2025-12-23 15:00:00,4810.0,4820.0,4800.0,4815.0,837777
2025-12-25 15:00:00,4815.0,4825.0,4810.0,4820.0,1340141
2025-12-28 15:00:00,4820.0,4855.0,4810.0,4845.0,1415150
2025-12-29 15:00:00,4850.0,4865.0,4825.0,4860.0,934289
2026-01-01 15:00:00,4865.0,4905.0,4860.0,4900.0,2261642
2026-01-04 15:00:00,4900.0,4915.0,4890.0,4910.0,2036842
2026-01-05 15:00:00,4910.0,4940.0,4905.0,4935.0,1461903
2026-01-06 15:00:00,4935.0,4950.0,4915.0,4925.0,1896698
2026-01-07 15:00:00,4925.0,4935.0,4905.0,4920.0,2041853
2026-01-08 15:00:00,4890.702159365463,4900.642610908889,4875.791482050325,4885.73193359375,1585323
2026-01-11 15:00:00,4885.7319774842,4890.702203300562,4860.880848402388,4865.85107421875,2271507
2026-01-12 15:00:00,4865.85112936345,4870.821355236139,4831.0595482546205,4841.0,2257727
2026-01-13 15:00:00,4845.0,4870.0,4835.0,4855.0,1716073
2026-01-14 15:00:00,4855.0,4870.0,4845.0,4865.0,1338245
2026-01-15 15:00:00,4865.0,4895.0,4865.0,4890.0,1256341
2026-01-18 15:00:00,4890.0,4910.0,4890.0,4910.0,1827228
2026-01-19 15:00:00,4910.0,4930.0,4905.0,4925.0,1812337
2026-01-20 15:00:00,4920.0,4920.0,4895.0,4910.0,1843344
2026-01-21 15:00:00,4910.0,4930.0,4900.0,4910.0,889176
2026-01-22 15:00:00,4910.0,4925.0,4905.0,4910.0,1119463
2026-01-25 15:00:00,4905.0,4910.0,4885.0,4895.0,1733111
2026-01-26 15:00:00,4895.0,4910.0,4885.0,4905.0,1216330
2026-01-27 15:00:00,4905.0,4920.0,4870.0,4875.0,2105992
2026-01-28 15:00:00,4875.0,4900.0,4865.0,4900.0,1348675
2026-01-29 15:00:00,4900.0,4900.0,4875.0,4890.0,1546211
2026-02-01 15:00:00,4880.0,4885.0,4845.0,4845.0,2306844
2026-02-02 15:00:00,4855.0,4880.0,4855.0,4860.0,1717223
2026-02-03 15:00:00,4860.0,4895.0,4860.0,4895.0,1441399
2026-02-04 15:00:00,4895.0,4895.0,4870.0,4885.0,1401786
2026-02-05 15:00:00,4885.0,4900.0,4850.0,4875.0,1834878
2026-02-08 15:00:00,4851.206259595701,4871.088252462897,4851.206259595701,4856.1767578125,999053
2026-02-09 15:00:00,4861.1473822146045,4871.08837890625,4856.176883868782,4871.08837890625,880679
2026-02-10 15:00:00,4881.029501525941,4895.940996948118,4871.088504577823,4886.0,1029323
2026-02-11 15:00:00,4890.0,4915.0,4885.0,4910.0,1635222
2026-02-12 15:00:00,4910.0,4930.0,4900.0,4915.0,1835985
2026-02-18 15:00:00,4915.0,4920.0,4900.0,4905.0,2639007
2026-02-19 15:00:00,4905.0,4930.0,4905.0,4925.0,2327638
2026-02-22 15:00:00,4925.0,4930.0,4905.0,4925.0,1687784
2026-02-23 15:00:00,4925.0,4935.0,4912.0,4925.0,987354
2026-02-24 15:00:00,4925.0,4935.0,4915.0,4930.0,1548365
