Price,Close,High,Low,Open,Volume
Ticker,^KS11,^KS11,^KS11,^KS11,^KS11
Date,,,,,
2024-10-31,2556.14990234375,2579.64990234375,2552.360107421875,2575.239990234375,406600
2024-11-01,2542.360107421875,2559.300048828125,2536.840087890625,2542.9599609375,319800
2024-11-04,2588.969970703125,2588.969970703125,2542.679931640625,2549.0400390625,373900
2024-11-05,2576.8798828125,2586.72998046875,2564.659912109375,2570.239990234375,310900
2024-11-06,2563.510009765625,2592.75,2544.0400390625,2591.89990234375,548500
2024-11-07,2564.6298828125,2579.81005859375,2540.47998046875,2557.22998046875,465100
2024-11-08,2561.14990234375,2593.14990234375,2553.419921875,2586.699951171875,448700
2024-11-11,2531.659912109375,2562.050048828125,2525.56005859375,2562.050048828125,572200
2024-11-12,2482.570068359375,2532.43994140625,2481.530029296875,2527.93994140625,735800
2024-11-13,2417.080078125,2478.8701171875,2415.77001953125,2468.27001953125,619200
2024-11-14,2418.860107421875,2441.429931640625,2410.929931640625,2430.260009765625,640000
2024-11-15,2416.860107421875,2433.179931640625,2390.56005859375,2413.050048828125,623300
2024-11-18,2469.070068359375,2480.010009765625,2437.530029296875,2440.31005859375,443900
2024-11-19,2471.949951171875,2479.389892578125,2465.14990234375,2469.1298828125,410900
2024-11-20,2482.2900390625,2489.14990234375,2471.7900390625,2475.760009765625,408800
2024-11-21,2480.6298828125,2496.969970703125,2474.6201171875,2474.6201171875,451100
2024-11-22,2501.239990234375,2511.22998046875,2492.2099609375,2493.419921875,543500
2024-11-25,2534.340087890625,2541.760009765625,2517.97998046875,2524.110107421875,564700
2024-11-26,2520.360107421875,2526.6201171875,2512.2099609375,2521.389892578125,441700
2024-11-27,2503.06005859375,2526.320068359375,2498.320068359375,2518.820068359375,414300
2024-11-28,2504.669921875,2513.6298828125,2495.639892578125,2499.68994140625,342600
2024-11-29,2455.909912109375,2496.929931640625,2446.9599609375,2496.929931640625,384300
2024-12-02,2454.47998046875,2483.2900390625,2448.449951171875,2479.02001953125,328100
2024-12-03,2500.10009765625,2500.669921875,2471.550048828125,2472.06005859375,324100
2024-12-04,2464.0,2483.0400390625,2442.4599609375,2450.760009765625,670300
2024-12-05,2441.85009765625,2471.449951171875,2434.780029296875,2471.449951171875,519400
2024-12-06,2428.159912109375,2459.239990234375,2397.72998046875,2451.60009765625,630400
2024-12-09,2360.580078125,2399.52001953125,2360.179931640625,2392.3701171875,591600
2024-12-10,2417.840087890625,2419.06005859375,2384.510009765625,2384.510009765625,598800
2024-12-11,2442.510009765625,2443.340087890625,2411.3798828125,2412.14990234375,617700
2024-12-12,2482.1201171875,2487.949951171875,2448.760009765625,2456.6298828125,664200
2024-12-13,2494.4599609375,2500.320068359375,2470.239990234375,2473.75,577700
2024-12-16,2488.969970703125,2515.6201171875,2483.429931640625,2511.080078125,526700
2024-12-17,2456.81005859375,2487.31005859375,2455.050048828125,2487.31005859375,559000
2024-12-18,2484.429931640625,2492.0,2462.820068359375,2463.06005859375,441700
2024-12-19,2435.929931640625,2450.050048828125,2423.590087890625,2426.550048828125,504500
2024-12-20,2404.14990234375,2430.68994140625,2389.860107421875,2429.6298828125,617800
2024-12-23,2442.010009765625,2446.969970703125,2413.6201171875,2423.360107421875,428200
2024-12-24,2440.52001953125,2452.85009765625,2432.419921875,2450.550048828125,386800
2024-12-26,2429.669921875,2449.52001953125,2428.820068359375,2449.52001953125,322800
2024-12-27,2404.77001953125,2423.860107421875,2388.330078125,2419.4599609375,311300
2024-12-30,2399.489990234375,2429.75,2390.43994140625,2397.489990234375,304000
2025-01-02,2398.93994140625,2410.989990234375,2386.840087890625,2400.8701171875,350700
2025-01-03,2441.919921875,2454.669921875,2402.580078125,2402.580078125,407500
2025-01-06,2488.639892578125,2489.10009765625,2446.820068359375,2453.300048828125,302800
2025-01-07,2492.10009765625,2521.860107421875,2492.090087890625,2513.489990234375,407700
2025-01-08,2521.050048828125,2526.77001953125,2481.25,2481.25,362900
2025-01-09,2521.89990234375,2535.8701171875,2515.820068359375,2526.10009765625,404300
2025-01-10,2515.780029296875,2535.239990234375,2506.2900390625,2528.419921875,377600
2025-01-13,2489.56005859375,2513.929931640625,2483.72998046875,2508.14990234375,578600
2025-01-14,2497.39990234375,2504.889892578125,2482.739990234375,2501.489990234375,414500
2025-01-15,2496.81005859375,2524.360107421875,2493.10009765625,2511.070068359375,538500
2025-01-16,2527.489990234375,2534.010009765625,2519.860107421875,2528.27001953125,451100
2025-01-17,2523.550048828125,2528.47998046875,2513.840087890625,2520.85009765625,445900
2025-01-20,2520.050048828125,2536.719970703125,2516.280029296875,2533.679931640625,437500
2025-01-21,2518.030029296875,2548.43994140625,2507.949951171875,2533.22998046875,572000
2025-01-22,2547.06005859375,2552.570068359375,2526.889892578125,2535.800048828125,583700
2025-01-23,2515.489990234375,2541.60009765625,2515.489990234375,2541.239990234375,609700
2025-01-24,2536.800048828125,2542.830078125,2522.639892578125,2529.2900390625,602000
2025-01-31,2517.3701171875,2537.97998046875,2496.949951171875,2534.330078125,454400
2025-02-03,2453.949951171875,2468.739990234375,2437.610107421875,2468.739990234375,522800
2025-02-04,2481.68994140625,2508.35009765625,2471.6298828125,2481.43994140625,479400
2025-02-05,2509.27001953125,2514.7099609375,2498.739990234375,2503.93994140625,437300
2025-02-06,2536.75,2536.75,2515.340087890625,2521.820068359375,479700
2025-02-07,2521.919921875,2537.6298828125,2519.010009765625,2532.090087890625,419900
2025-02-10,2521.27001953125,2527.330078125,2499.179931640625,2510.639892578125,393600
2025-02-11,2539.050048828125,2549.43994140625,2527.739990234375,2532.8701171875,451100
2025-02-12,2548.389892578125,2549.580078125,2528.739990234375,2534.7099609375,464900
2025-02-13,2583.169921875,2583.739990234375,2555.97998046875,2558.949951171875,680300
2025-02-14,2591.050048828125,2600.570068359375,2582.840087890625,2588.199951171875,499400
2025-02-17,2610.419921875,2612.800048828125,2592.570068359375,2595.989990234375,366300
2025-02-18,2626.81005859375,2628.469970703125,2605.14990234375,2613.25,422000
2025-02-19,2671.52001953125,2680.699951171875,2633.909912109375,2633.909912109375,525800
2025-02-20,2654.06005859375,2667.590087890625,2645.530029296875,2661.719970703125,529300
2025-02-21,2654.580078125,2656.0400390625,2638.43994140625,2653.760009765625,444700
2025-02-24,2645.27001953125,2645.27001953125,2626.8798828125,2636.1201171875,536400
2025-02-25,2630.2900390625,2641.489990234375,2617.1201171875,2617.639892578125,410300
2025-02-26,2641.090087890625,2648.06005859375,2620.159912109375,2629.860107421875,386800
2025-02-27,2621.75,2638.469970703125,2610.469970703125,2637.6298828125,513900
2025-02-28,2532.780029296875,2586.780029296875,2531.239990234375,2585.610107421875,588600
2025-03-04,2528.919921875,2548.780029296875,2513.31005859375,2522.199951171875,484100
2025-03-05,2558.1298828125,2561.469970703125,2535.179931640625,2548.449951171875,569400
2025-03-06,2576.159912109375,2583.64990234375,2565.570068359375,2573.550048828125,609600
2025-03-07,2563.47998046875,2575.47998046875,2541.489990234375,2553.43994140625,567200
2025-03-10,2570.389892578125,2579.760009765625,2549.989990234375,2555.39990234375,435700
2025-03-11,2537.60009765625,2547.8798828125,2505.909912109375,2516.68994140625,399000
2025-03-12,2574.820068359375,2579.68994140625,2541.659912109375,2552.60009765625,401600
2025-03-13,2573.639892578125,2600.070068359375,2561.02001953125,2598.06005859375,427300
2025-03-14,2566.360107421875,2576.739990234375,2559.239990234375,2565.179931640625,362300
2025-03-17,2610.68994140625,2610.68994140625,2587.52001953125,2588.320068359375,396600
2025-03-18,2612.340087890625,2638.56005859375,2606.909912109375,2627.27001953125,555500
2025-03-19,2628.6201171875,2642.830078125,2613.47998046875,2613.47998046875,653300
2025-03-20,2637.10009765625,2650.719970703125,2629.199951171875,2648.159912109375,455000
2025-03-21,2643.1298828125,2645.820068359375,2617.780029296875,2633.89990234375,497500
2025-03-24,2632.070068359375,2648.820068359375,2629.3798828125,2636.429931640625,372400
2025-03-25,2615.81005859375,2654.6298828125,2612.739990234375,2653.0400390625,439300
2025-03-26,2643.93994140625,2649.14990234375,2618.050048828125,2628.090087890625,507900
2025-03-27,2607.14990234375,2633.030029296875,2603.409912109375,2620.280029296875,403300
2025-03-28,2557.97998046875,2592.6298828125,2549.260009765625,2592.6298828125,513600
2025-03-31,2481.1201171875,2514.219970703125,2479.4599609375,2513.43994140625,391600
2025-04-01,2521.389892578125,2530.610107421875,2494.429931640625,2511.239990234375,453400
2025-04-02,2505.860107421875,2532.14990234375,2499.830078125,2525.6201171875,515600
2025-04-03,2486.699951171875,2488.919921875,2437.429931640625,2437.429931640625,480100
2025-04-04,2465.419921875,2506.7099609375,2438.02001953125,2450.489990234375,695100
2025-04-07,2328.199951171875,2369.39990234375,2327.010009765625,2359.25,619500
2025-04-08,2334.22998046875,2381.31005859375,2328.93994140625,2381.199951171875,557000
2025-04-09,2293.699951171875,2337.580078125,2284.719970703125,2329.989990234375,699600
2025-04-10,2445.06005859375,2445.06005859375,2391.389892578125,2395.1298828125,670400
2025-04-11,2432.719970703125,2433.179931640625,2394.25,2400.739990234375,369700
2025-04-14,2455.889892578125,2465.56005859375,2449.47998046875,2454.280029296875,488600
2025-04-15,2477.409912109375,2482.56005859375,2461.22998046875,2464.510009765625,560300
2025-04-16,2447.429931640625,2475.830078125,2442.719970703125,2472.780029296875,613200
2025-04-17,2470.409912109375,2473.239990234375,2447.39990234375,2451.699951171875,601700
2025-04-18,2483.419921875,2486.3701171875,2466.89990234375,2473.300048828125,451000
2025-04-21,2488.419921875,2498.840087890625,2479.22998046875,2486.3798828125,429000
2025-04-22,2486.639892578125,2494.590087890625,2476.139892578125,2481.179931640625,416700
2025-04-23,2525.56005859375,2526.719970703125,2507.10009765625,2520.56005859375,538100
2025-04-24,2522.330078125,2530.610107421875,2507.2099609375,2525.340087890625,327900
2025-04-25,2546.300048828125,2553.330078125,2534.93994140625,2544.590087890625,403500
2025-04-28,2548.860107421875,2558.68994140625,2541.969970703125,2551.22998046875,454100
2025-04-29,2565.419921875,2571.409912109375,2542.25,2550.25,547100
2025-04-30,2556.610107421875,2570.830078125,2544.4599609375,2561.0400390625,487500
2025-05-02,2559.7900390625,2567.0400390625,2540.570068359375,2556.52001953125,585500
2025-05-07,2573.800048828125,2581.85009765625,2559.169921875,2577.0400390625,546800
2025-05-08,2579.47998046875,2590.89990234375,2575.780029296875,2581.27001953125,471600
2025-05-09,2577.27001953125,2589.580078125,2571.199951171875,2587.929931640625,485600
2025-05-12,2607.330078125,2607.330078125,2585.60009765625,2593.93994140625,409700
2025-05-13,2608.419921875,2620.639892578125,2601.580078125,2601.760009765625,422500
2025-05-14,2640.570068359375,2646.010009765625,2619.14990234375,2625.360107421875,390500
2025-05-15,2621.360107421875,2643.830078125,2618.080078125,2634.5,339600
2025-05-16,2626.8701171875,2633.97998046875,2619.10009765625,2630.639892578125,359700
2025-05-19,2603.419921875,2619.429931640625,2593.43994140625,2613.699951171875,313300
2025-05-20,2601.800048828125,2622.909912109375,2598.10009765625,2622.679931640625,457000
2025-05-21,2625.580078125,2633.409912109375,2614.72998046875,2615.89990234375,371500
2025-05-22,2593.669921875,2616.530029296875,2588.090087890625,2614.659912109375,358100
2025-05-23,2592.090087890625,2604.139892578125,2589.510009765625,2603.570068359375,434000
2025-05-26,2644.39990234375,2644.39990234375,2595.9599609375,2598.449951171875,380200
2025-05-27,2637.219970703125,2642.6298828125,2625.659912109375,2630.2900390625,318300
2025-05-28,2670.14990234375,2692.469970703125,2643.5,2648.860107421875,405500
2025-05-29,2720.639892578125,2720.639892578125,2686.639892578125,2691.06005859375,448300
2025-05-30,2697.669921875,2717.5400390625,2689.8701171875,2713.239990234375,525700
2025-06-02,2698.969970703125,2719.8701171875,2685.139892578125,2692.909912109375,323600
2025-06-04,2770.840087890625,2771.030029296875,2734.02001953125,2737.919921875,489900
2025-06-05,2812.050048828125,2831.110107421875,2787.760009765625,2790.330078125,556000
2025-06-09,2855.77001953125,2867.27001953125,2841.389892578125,2841.56005859375,537600
2025-06-10,2871.85009765625,2885.669921875,2849.669921875,2872.6201171875,508200
2025-06-11,2907.0400390625,2908.159912109375,2879.919921875,2887.320068359375,393900
2025-06-12,2920.030029296875,2934.31005859375,2909.989990234375,2909.989990234375,713700
2025-06-13,2894.6201171875,2932.3798828125,2877.070068359375,2930.570068359375,931700
2025-06-16,2946.659912109375,2947.070068359375,2886.1298828125,2903.5,726400
2025-06-17,2950.300048828125,2998.6201171875,2925.7900390625,2959.929931640625,939600
2025-06-18,2972.18994140625,2979.320068359375,2933.6298828125,2933.6298828125,576500
2025-06-19,2977.739990234375,2996.0400390625,2954.469970703125,2989.56005859375,433300
2025-06-20,3021.840087890625,3022.06005859375,2972.3701171875,2986.52001953125,484900
2025-06-23,3014.469970703125,3019.81005859375,2971.360107421875,2992.199951171875,625700
2025-06-24,3103.639892578125,3105.0400390625,3061.139892578125,3061.139892578125,579200
2025-06-25,3108.25,3129.090087890625,3084.860107421875,3127.7900390625,644800
2025-06-26,3079.56005859375,3113.030029296875,3036.550048828125,3108.340087890625,460600
2025-06-27,3055.93994140625,3093.56005859375,3041.85009765625,3077.8701171875,381600
2025-06-30,3071.699951171875,3086.0,3063.419921875,3072.75,464200
2025-07-01,3089.64990234375,3133.52001953125,3088.449951171875,3089.639892578125,576000
2025-07-02,3075.06005859375,3090.610107421875,3032.469970703125,3083.820068359375,696800
2025-07-03,3116.27001953125,3116.27001953125,3085.97998046875,3100.330078125,539100
2025-07-04,3054.280029296875,3123.840087890625,3052.909912109375,3122.280029296875,520800
2025-07-07,3059.469970703125,3068.429931640625,3032.989990234375,3044.780029296875,359400
2025-07-08,3114.949951171875,3115.860107421875,3066.030029296875,3071.739990234375,745800
2025-07-09,3133.739990234375,3137.169921875,3111.02001953125,3123.219970703125,643000
2025-07-10,3183.22998046875,3183.22998046875,3133.81005859375,3144.139892578125,596600
2025-07-11,3175.77001953125,3216.68994140625,3170.4599609375,3186.35009765625,465300
2025-07-14,3202.030029296875,3202.06005859375,3170.719970703125,3175.590087890625,444000
2025-07-15,3215.280029296875,3216.010009765625,3183.830078125,3194.820068359375,419700
2025-07-16,3186.3798828125,3209.199951171875,3178.419921875,3207.47998046875,531500
2025-07-17,3192.2900390625,3201.419921875,3152.419921875,3201.419921875,424800
2025-07-18,3188.070068359375,3204.75,3169.68994140625,3200.43994140625,393400
2025-07-21,3210.81005859375,3211.139892578125,3188.8701171875,3191.110107421875,343900
2025-07-22,3169.93994140625,3220.27001953125,3155.25,3210.1201171875,378500
2025-07-23,3183.77001953125,3199.860107421875,3141.929931640625,3189.64990234375,664800
2025-07-24,3190.449951171875,3237.969970703125,3183.050048828125,3209.429931640625,425500
2025-07-25,3196.050048828125,3205.820068359375,3184.3701171875,3184.3701171875,389300
2025-07-28,3209.52001953125,3228.610107421875,3180.179931640625,3228.610107421875,502700
2025-07-29,3230.570068359375,3232.31005859375,3169.030029296875,3192.169921875,373200
2025-07-30,3254.469970703125,3269.39990234375,3227.280029296875,3233.31005859375,338100
2025-07-31,3245.43994140625,3288.260009765625,3227.4599609375,3275.780029296875,540300
2025-08-01,3119.409912109375,3210.320068359375,3117.919921875,3210.320068359375,507800
2025-08-04,3147.75,3157.449951171875,3105.6298828125,3114.27001953125,293500
2025-08-05,3198.0,3212.31005859375,3174.22998046875,3187.14990234375,273400
2025-08-06,3198.139892578125,3200.14990234375,3176.610107421875,3182.06005859375,327400
2025-08-07,3227.679931640625,3227.679931640625,3200.280029296875,3214.81005859375,327000
2025-08-08,3210.010009765625,3227.280029296875,3198.31005859375,3220.580078125,341400
2025-08-11,3206.77001953125,3223.22998046875,3199.89990234375,3220.719970703125,305000
2025-08-12,3189.909912109375,3242.169921875,3189.580078125,3209.75,373200
2025-08-13,3224.3701171875,3226.3701171875,3192.169921875,3225.39990234375,320100
2025-08-14,3225.659912109375,3239.550048828125,3210.830078125,3226.52001953125,441500
2025-08-18,3177.280029296875,3206.77001953125,3177.280029296875,3202.6298828125,326100
2025-08-19,3151.56005859375,3185.47998046875,3142.47998046875,3185.0400390625,285300
2025-08-20,3130.090087890625,3132.830078125,3079.27001953125,3121.52001953125,335300
2025-08-21,3141.739990234375,3166.5400390625,3134.860107421875,3140.7099609375,276900
2025-08-22,3168.72998046875,3181.949951171875,3159.449951171875,3165.409912109375,236800
2025-08-25,3209.860107421875,3209.860107421875,3180.1201171875,3195.139892578125,220200
2025-08-26,3179.360107421875,3199.919921875,3175.31005859375,3199.919921875,325400
2025-08-27,3187.159912109375,3189.31005859375,3165.77001953125,3185.8701171875,281700
2025-08-28,3196.320068359375,3211.340087890625,3164.080078125,3175.330078125,312200
2025-08-29,3186.010009765625,3212.68994140625,3184.47998046875,3208.800048828125,245100
2025-09-01,3142.929931640625,3177.39990234375,3135.02001953125,3164.580078125,260100
2025-09-02,3172.35009765625,3174.159912109375,3151.929931640625,3155.72998046875,310700
2025-09-03,3184.419921875,3187.47998046875,3167.22998046875,3177.75,335800
2025-09-04,3200.830078125,3205.610107421875,3185.489990234375,3188.840087890625,286300
2025-09-05,3205.1201171875,3214.639892578125,3196.18994140625,3208.830078125,323800
2025-09-08,3219.590087890625,3221.139892578125,3206.340087890625,3209.81005859375,372300
2025-09-09,3260.050048828125,3260.050048828125,3221.97998046875,3231.31005859375,439900
2025-09-10,3314.530029296875,3317.77001953125,3272.070068359375,3272.199951171875,564700
2025-09-11,3344.199951171875,3344.699951171875,3311.860107421875,3336.60009765625,435600
2025-09-12,3395.5400390625,3395.5400390625,3362.860107421875,3374.64990234375,448900
2025-09-15,3407.31005859375,3420.22998046875,3391.330078125,3407.780029296875,378900
2025-09-16,3449.6201171875,3452.5,3418.10009765625,3421.1298828125,406200
2025-09-17,3413.39990234375,3433.830078125,3406.75,3433.830078125,326600
2025-09-18,3461.300048828125,3461.300048828125,3422.77001953125,3432.77001953125,391200
2025-09-19,3445.239990234375,3467.889892578125,3434.610107421875,3461.22998046875,348800
2025-09-22,3468.64990234375,3482.25,3458.8701171875,3463.840087890625,287900
2025-09-23,3486.18994140625,3494.489990234375,3467.830078125,3489.4599609375,358300
2025-09-24,3472.139892578125,3497.949951171875,3442.409912109375,3492.030029296875,287100
2025-09-25,3471.110107421875,3479.419921875,3454.080078125,3458.97998046875,293100
2025-09-26,3386.050048828125,3441.909912109375,3365.72998046875,3440.389892578125,399200
2025-09-29,3431.2099609375,3439.1201171875,3413.330078125,3414.429931640625,416500
2025-09-30,3424.60009765625,3443.3798828125,3421.889892578125,3436.0,526400
2025-10-01,3455.830078125,3459.739990234375,3440.419921875,3444.06005859375,493600
2025-10-02,3549.2099609375,3565.9599609375,3512.159912109375,3525.47998046875,402100
2025-10-10,3610.60009765625,3617.860107421875,3569.43994140625,3598.110107421875,407400
2025-10-13,3584.550048828125,3584.550048828125,3522.5400390625,3550.080078125,408000
2025-10-14,3561.81005859375,3646.77001953125,3535.52001953125,3604.1201171875,734100
2025-10-15,3657.280029296875,3659.909912109375,3577.06005859375,3580.639892578125,543600
2025-10-16,3748.3701171875,3748.3701171875,3675.820068359375,3675.820068359375,495800
2025-10-17,3748.889892578125,3794.8701171875,3722.070068359375,3732.760009765625,420800
2025-10-20,3814.68994140625,3814.68994140625,3728.3798828125,3775.39990234375,410100
2025-10-21,3823.840087890625,3893.06005859375,3816.18994140625,3851.010009765625,526900
2025-10-22,3883.679931640625,3883.679931640625,3794.52001953125,3827.22998046875,597200
2025-10-23,3845.56005859375,3902.2099609375,3822.330078125,3835.7900390625,423600
2025-10-24,3941.590087890625,3951.070068359375,3886.639892578125,3893.22998046875,426900
2025-10-27,4042.830078125,4042.830078125,3999.7900390625,3999.7900390625,517000
2025-10-28,4010.409912109375,4018.219970703125,3972.56005859375,4010.469970703125,408200
2025-10-29,4081.14990234375,4084.090087890625,4014.840087890625,4061.5400390625,466900
2025-10-30,4086.889892578125,4146.72021484375,4070.7900390625,4105.9501953125,566500
2025-10-31,4107.5,4122.08984375,4059.739990234375,4083.25,386213