,FCI-G,NFCI,ANFCI,STLFSI4,KCFSI
2018-01-01,,,,,-0.842354845691489
2018-01-05,,-0.62623,-0.63328,-0.6345,-0.842354845691489
2018-01-12,,-0.62608,-0.63272,-0.7145,-0.842354845691489
2018-01-19,,-0.62142,-0.62366,-0.6557,-0.842354845691489
2018-01-26,,-0.61224,-0.60646,-0.6669,-0.842354845691489
2018-01-31,-0.768784268070666,-0.61224,-0.60646,-0.6669,-0.842354845691489
2018-02-01,-0.768784268070666,-0.61224,-0.60646,-0.6669,-0.536943072690253
2018-02-02,-0.768784268070666,-0.5982,-0.58337,-0.5114,-0.536943072690253
2018-02-09,-0.768784268070666,-0.58021,-0.55771,0.0908,-0.536943072690253
2018-02-16,-0.768784268070666,-0.56437,-0.53811,-0.2704,-0.536943072690253
2018-02-23,-0.768784268070666,-0.54946,-0.5219,-0.3494,-0.536943072690253
2018-02-28,-0.696812177798397,-0.54946,-0.5219,-0.3494,-0.536943072690253
2018-03-01,-0.696812177798397,-0.54946,-0.5219,-0.3494,-0.633650279854647
2018-03-02,-0.696812177798397,-0.53515,-0.50654,-0.0814,-0.633650279854647
2018-03-09,-0.696812177798397,-0.52209,-0.48984,-0.1056,-0.633650279854647
2018-03-16,-0.696812177798397,-0.51167,-0.47209,-0.0347,-0.633650279854647
2018-03-23,-0.696812177798397,-0.5042,-0.45454,0.2451,-0.633650279854647
2018-03-30,-0.667325917532336,-0.50261,-0.44401,0.327,-0.633650279854647
2018-04-01,-0.667325917532336,-0.50261,-0.44401,0.327,-0.369018887759696
2018-04-06,-0.667325917532336,-0.50627,-0.44185,0.3251,-0.369018887759696
2018-04-13,-0.667325917532336,-0.51637,-0.45252,0.1258,-0.369018887759696
2018-04-20,-0.667325917532336,-0.53068,-0.47214,-0.075,-0.369018887759696
2018-04-27,-0.667325917532336,-0.54416,-0.49175,-0.0385,-0.369018887759696
2018-04-30,-0.571644654175115,-0.54416,-0.49175,-0.0385,-0.369018887759696
2018-05-01,-0.571644654175115,-0.54416,-0.49175,-0.0385,-0.590505628954543
2018-05-04,-0.571644654175115,-0.55606,-0.50811,-0.0044,-0.590505628954543
2018-05-11,-0.571644654175115,-0.56513,-0.51889,-0.2475,-0.590505628954543
2018-05-18,-0.571644654175115,-0.56987,-0.52317,-0.307,-0.590505628954543
2018-05-25,-0.571644654175115,-0.56935,-0.52141,-0.2407,-0.590505628954543
2018-05-31,-0.580599811831529,-0.56935,-0.52141,-0.2407,-0.590505628954543
2018-06-01,-0.580599811831529,-0.56431,-0.51645,0.0506,-0.595741917125169
2018-06-08,-0.580599811831529,-0.55842,-0.51139,-0.3997,-0.595741917125169
2018-06-15,-0.580599811831529,-0.55149,-0.50496,-0.35,-0.595741917125169
2018-06-22,-0.580599811831529,-0.54559,-0.49895,-0.2829,-0.595741917125169
2018-06-29,-0.535968518870237,-0.54237,-0.49516,-0.0713,-0.595741917125169
2018-07-01,-0.535968518870237,-0.54237,-0.49516,-0.0713,-0.441105458541932
2018-07-06,-0.535968518870237,-0.54359,-0.49864,-0.1999,-0.441105458541932
2018-07-13,-0.535968518870237,-0.54907,-0.50977,-0.4289,-0.441105458541932
2018-07-20,-0.535968518870237,-0.55711,-0.52729,-0.4651,-0.441105458541932
2018-07-27,-0.535968518870237,-0.56624,-0.54851,-0.5482,-0.441105458541932
2018-07-31,-0.47383350758753,-0.56624,-0.54851,-0.5482,-0.441105458541932
2018-08-01,-0.47383350758753,-0.56624,-0.54851,-0.5482,-0.731369314069678
2018-08-03,-0.47383350758753,-0.57536,-0.56852,-0.4548,-0.731369314069678
2018-08-10,-0.47383350758753,-0.58437,-0.58368,-0.5608,-0.731369314069678
2018-08-17,-0.47383350758753,-0.59126,-0.59162,-0.4545,-0.731369314069678
2018-08-24,-0.47383350758753,-0.59696,-0.59549,-0.6373,-0.731369314069678
2018-08-31,-0.54006710232659,-0.60092,-0.59919,-0.6812,-0.731369314069678
2018-09-01,-0.54006710232659,-0.60092,-0.59919,-0.6812,-0.766404131357719
2018-09-07,-0.54006710232659,-0.60302,-0.605,-0.6076,-0.766404131357719
2018-09-14,-0.54006710232659,-0.60327,-0.61284,-0.7213,-0.766404131357719
2018-09-21,-0.54006710232659,-0.60051,-0.619,-0.8206,-0.766404131357719
2018-09-28,-0.527091189928938,-0.59594,-0.61986,-0.7573,-0.766404131357719
2018-10-01,-0.527091189928938,-0.59594,-0.61986,-0.7573,-0.370861013921459
2018-10-05,-0.527091189928938,-0.58896,-0.61415,-0.793,-0.370861013921459
2018-10-12,-0.527091189928938,-0.57864,-0.60069,-0.4501,-0.370861013921459
2018-10-19,-0.527091189928938,-0.56711,-0.58664,-0.5127,-0.370861013921459
2018-10-26,-0.527091189928938,-0.55329,-0.57392,-0.2188,-0.370861013921459
2018-10-31,-0.233201943498845,-0.55329,-0.57392,-0.2188,-0.370861013921459
2018-11-01,-0.233201943498845,-0.55329,-0.57392,-0.2188,-0.369353196731184
2018-11-02,-0.233201943498845,-0.53775,-0.56433,-0.233,-0.369353196731184
2018-11-09,-0.233201943498845,-0.52145,-0.55595,-0.4784,-0.369353196731184
2018-11-16,-0.233201943498845,-0.50174,-0.54024,-0.033,-0.369353196731184
2018-11-23,-0.233201943498845,-0.48022,-0.51521,0.0459,-0.369353196731184
2018-11-30,-0.187486223784958,-0.45975,-0.48366,-0.1529,-0.369353196731184
2018-12-01,-0.187486223784958,-0.45975,-0.48366,-0.1529,-0.0484619584796286
2018-12-07,-0.187486223784958,-0.4404,-0.44913,0.1958,-0.0484619584796286
2018-12-14,-0.187486223784958,-0.42681,-0.42344,0.2549,-0.0484619584796286
2018-12-21,-0.187486223784958,-0.42063,-0.41215,0.5323,-0.0484619584796286
2018-12-28,-0.187486223784958,-0.42396,-0.41711,0.6598,-0.0484619584796286
2018-12-31,0.0635406567575096,-0.42396,-0.41711,0.6598,-0.0484619584796286
2019-01-01,0.0635406567575096,-0.42396,-0.41711,0.6598,-0.072340528783566
2019-01-04,0.0635406567575096,-0.43697,-0.43536,0.3031,-0.072340528783566
2019-01-11,0.0635406567575096,-0.45703,-0.45687,-0.187,-0.072340528783566
2019-01-18,0.0635406567575096,-0.48064,-0.47824,-0.1551,-0.072340528783566
2019-01-25,0.0635406567575096,-0.50505,-0.49659,-0.1322,-0.072340528783566
2019-01-31,-0.134108564494111,-0.50505,-0.49659,-0.1322,-0.072340528783566
2019-02-01,-0.134108564494111,-0.52893,-0.51426,-0.1525,-0.520023730344621
2019-02-08,-0.134108564494111,-0.54939,-0.5321,-0.2977,-0.520023730344621
2019-02-15,-0.134108564494111,-0.56659,-0.55152,-0.363,-0.520023730344621
2019-02-22,-0.134108564494111,-0.57984,-0.56971,-0.5288,-0.520023730344621
2019-02-28,-0.268115167222534,-0.57984,-0.56971,-0.5288,-0.520023730344621
2019-03-01,-0.268115167222534,-0.58872,-0.58176,-0.5888,-0.428085108743497
2019-03-08,-0.268115167222534,-0.5939,-0.58531,-0.4712,-0.428085108743497
2019-03-15,-0.268115167222534,-0.59782,-0.58364,-0.5761,-0.428085108743497
2019-03-22,-0.268115167222534,-0.60178,-0.58078,-0.5869,-0.428085108743497
2019-03-29,-0.358716354307027,-0.60463,-0.58048,-0.327,-0.428085108743497
2019-04-01,-0.358716354307027,-0.60463,-0.58048,-0.327,-0.484961731290312
2019-04-05,-0.358716354307027,-0.60887,-0.58678,-0.6774,-0.484961731290312
2019-04-12,-0.358716354307027,-0.61224,-0.59714,-0.6605,-0.484961731290312
2019-04-19,-0.358716354307027,-0.61424,-0.607,-0.7784,-0.484961731290312
2019-04-26,-0.358716354307027,-0.61318,-0.61087,-0.6396,-0.484961731290312
2019-04-30,-0.40397976376523,-0.61318,-0.61087,-0.6396,-0.484961731290312
2019-05-01,-0.40397976376523,-0.61318,-0.61087,-0.6396,-0.419488817613799
2019-05-03,-0.40397976376523,-0.60959,-0.6083,-0.6788,-0.419488817613799
2019-05-10,-0.40397976376523,-0.60251,-0.59962,-0.386,-0.419488817613799
2019-05-17,-0.40397976376523,-0.59401,-0.58984,-0.3617,-0.419488817613799
2019-05-24,-0.40397976376523,-0.58574,-0.58278,-0.4824,-0.419488817613799
2019-05-31,-0.228694513493236,-0.57759,-0.57783,-0.1916,-0.419488817613799
2019-06-01,-0.228694513493236,-0.57759,-0.57783,-0.1916,-0.350443453898189
2019-06-07,-0.228694513493236,-0.57218,-0.57644,-0.2141,-0.350443453898189
2019-06-14,-0.228694513493236,-0.57005,-0.5756,-0.4377,-0.350443453898189
2019-06-21,-0.228694513493236,-0.56996,-0.574,-0.3501,-0.350443453898189
2019-06-28,-0.449160887919467,-0.57235,-0.57314,-0.3448,-0.350443453898189
2019-07-01,-0.449160887919467,-0.57235,-0.57314,-0.3448,-0.569963894135849
2019-07-05,-0.449160887919467,-0.57643,-0.57601,-0.5323,-0.569963894135849
2019-07-12,-0.449160887919467,-0.57844,-0.57938,-0.4573,-0.569963894135849
2019-07-19,-0.449160887919467,-0.5783,-0.58233,-0.3693,-0.569963894135849
2019-07-26,-0.449160887919467,-0.57501,-0.58154,-0.4973,-0.569963894135849
2019-07-31,-0.440069014361417,-0.57501,-0.58154,-0.4973,-0.569963894135849
2019-08-01,-0.440069014361417,-0.57501,-0.58154,-0.4973,-0.320394687820616
2019-08-02,-0.440069014361417,-0.56721,-0.57193,-0.2723,-0.320394687820616
2019-08-09,-0.440069014361417,-0.55631,-0.55696,0.2359,-0.320394687820616
2019-08-16,-0.440069014361417,-0.5447,-0.53997,0.1886,-0.320394687820616
2019-08-23,-0.440069014361417,-0.53449,-0.53003,-0.0995,-0.320394687820616
2019-08-30,-0.397401666410081,-0.52509,-0.52938,-0.0597,-0.320394687820616
2019-09-01,-0.397401666410081,-0.52509,-0.52938,-0.0597,-0.402278463221077
2019-09-06,-0.397401666410081,-0.51822,-0.54001,-0.105,-0.402278463221077
2019-09-13,-0.397401666410081,-0.51275,-0.55164,-0.3535,-0.402278463221077
2019-09-20,-0.397401666410081,-0.50858,-0.55866,-0.1594,-0.402278463221077
2019-09-27,-0.397401666410081,-0.50842,-0.55797,0.0927,-0.402278463221077
2019-09-30,-0.493426775196493,-0.50842,-0.55797,0.0927,-0.402278463221077
2019-10-01,-0.493426775196493,-0.50842,-0.55797,0.0927,-0.404803275881137
2019-10-04,-0.493426775196493,-0.51182,-0.5501,0.3557,-0.404803275881137
2019-10-11,-0.493426775196493,-0.52006,-0.54375,0.1291,-0.404803275881137
2019-10-18,-0.493426775196493,-0.53242,-0.54811,-0.1428,-0.404803275881137
2019-10-25,-0.493426775196493,-0.54629,-0.566,-0.14,-0.404803275881137
2019-10-31,-0.485246604157823,-0.54629,-0.566,-0.14,-0.404803275881137
2019-11-01,-0.485246604157823,-0.55846,-0.59023,-0.076,-0.65122575281717
2019-11-08,-0.485246604157823,-0.56824,-0.61075,-0.1074,-0.65122575281717
2019-11-15,-0.485246604157823,-0.57359,-0.6163,-0.1148,-0.65122575281717
2019-11-22,-0.485246604157823,-0.57382,-0.60353,-0.0637,-0.65122575281717
2019-11-29,-0.521677160299879,-0.56902,-0.57634,-0.2008,-0.65122575281717
2019-12-01,-0.521677160299879,-0.56902,-0.57634,-0.2008,-0.650025021567563
2019-12-06,-0.521677160299879,-0.56014,-0.54761,-0.1033,-0.650025021567563
2019-12-13,-0.521677160299879,-0.55262,-0.53326,-0.2788,-0.650025021567563
2019-12-20,-0.521677160299879,-0.54853,-0.53445,-0.3768,-0.650025021567563
2019-12-27,-0.521677160299879,-0.55313,-0.54711,-0.1922,-0.650025021567563
2019-12-31,-0.664010656372013,-0.55313,-0.54711,-0.1922,-0.650025021567563
2020-01-01,-0.664010656372013,-0.55313,-0.54711,-0.1922,-0.598416751376762
2020-01-03,-0.664010656372013,-0.56615,-0.56011,-0.2385,-0.598416751376762
2020-01-10,-0.664010656372013,-0.586,-0.56733,-0.3642,-0.598416751376762
2020-01-17,-0.664010656372013,-0.60738,-0.57161,-0.5318,-0.598416751376762
2020-01-24,-0.664010656372013,-0.62083,-0.57858,-0.4205,-0.598416751376762
2020-01-31,-0.642062514385573,-0.61895,-0.59395,-0.1332,-0.598416751376762
2020-02-01,-0.642062514385573,-0.61895,-0.59395,-0.1332,-0.399637289739684
2020-02-07,-0.642062514385573,-0.59363,-0.61119,-0.472,-0.399637289739684
2020-02-14,-0.642062514385573,-0.53414,-0.60227,-0.5795,-0.399637289739684
2020-02-21,-0.642062514385573,-0.43362,-0.53164,-0.4559,-0.399637289739684
2020-02-28,-0.454868904790078,-0.29335,-0.37883,0.6537,-0.399637289739684
2020-03-01,-0.454868904790078,-0.29335,-0.37883,0.6537,2.3563056210052906
2020-03-06,-0.454868904790078,-0.12983,-0.1613,1.3202,2.3563056210052906
2020-03-13,-0.454868904790078,0.03923,0.08712,3.4871,2.3563056210052906
2020-03-20,-0.454868904790078,0.18707,0.3094,5.6417,2.3563056210052906
2020-03-27,-0.454868904790078,0.28064,0.44302,5.3517,2.3563056210052906
2020-03-31,-0.134393621787836,0.28064,0.44302,5.3517,2.3563056210052906
2020-04-01,-0.134393621787836,0.28064,0.44302,5.3517,1.75298660173518
2020-04-03,-0.134393621787836,0.31881,0.47982,3.1406,1.75298660173518
2020-04-10,-0.134393621787836,0.30441,0.43122,2.6001,1.75298660173518
2020-04-17,-0.134393621787836,0.24756,0.33379,1.8666,1.75298660173518
2020-04-24,-0.134393621787836,0.16807,0.22813,2.3923,1.75298660173518
2020-04-30,-0.270704122667563,0.16807,0.22813,2.3923,1.75298660173518
2020-05-01,-0.270704122667563,0.06956,0.12132,1.234,0.926696358314644
2020-05-08,-0.270704122667563,-0.03093,0.01506,0.9367,0.926696358314644
2020-05-15,-0.270704122667563,-0.12203,-0.09046,0.9096,0.926696358314644
2020-05-22,-0.270704122667563,-0.2025,-0.20692,0.4235,0.926696358314644
2020-05-29,-0.315160992064636,-0.26655,-0.32066,0.1955,0.926696358314644
2020-06-01,-0.315160992064636,-0.26655,-0.32066,0.1955,0.523428533929703
2020-06-05,-0.315160992064636,-0.31334,-0.41319,-0.0963,0.523428533929703
2020-06-12,-0.315160992064636,-0.34313,-0.46469,0.2677,0.523428533929703
2020-06-19,-0.315160992064636,-0.36566,-0.48281,0.4729,0.523428533929703
2020-06-26,-0.315160992064636,-0.38385,-0.48021,0.499,0.523428533929703
2020-06-30,-0.474667215821661,-0.38385,-0.48021,0.499,0.523428533929703
2020-07-01,-0.474667215821661,-0.38385,-0.48021,0.499,0.328140380145479
2020-07-03,-0.474667215821661,-0.40106,-0.47782,0.4114,0.328140380145479
2020-07-10,-0.474667215821661,-0.41985,-0.49024,0.1115,0.328140380145479
2020-07-17,-0.474667215821661,-0.43894,-0.51504,0.0651,0.328140380145479
2020-07-24,-0.474667215821661,-0.45828,-0.54498,-0.2259,0.328140380145479
2020-07-31,-0.61325507084115,-0.47611,-0.56575,-0.0761,0.328140380145479
2020-08-01,-0.61325507084115,-0.47611,-0.56575,-0.0761,-0.0345638433417914
2020-08-07,-0.61325507084115,-0.49,-0.57151,-0.205,-0.0345638433417914
2020-08-14,-0.61325507084115,-0.50042,-0.57318,-0.2658,-0.0345638433417914
2020-08-21,-0.61325507084115,-0.50666,-0.5836,-0.0669,-0.0345638433417914
2020-08-28,-0.61325507084115,-0.50867,-0.60838,-0.2682,-0.0345638433417914
2020-08-31,-0.855124096298696,-0.50867,-0.60838,-0.2682,-0.0345638433417914
2020-09-01,-0.855124096298696,-0.50867,-0.60838,-0.2682,0.122667872871794
2020-09-04,-0.855124096298696,-0.50636,-0.64668,-0.1187,0.122667872871794
2020-09-11,-0.855124096298696,-0.5018,-0.67922,0.0532,0.122667872871794
2020-09-18,-0.855124096298696,-0.49786,-0.6951,-0.1317,0.122667872871794
2020-09-25,-0.855124096298696,-0.492,-0.68057,0.252,0.122667872871794
2020-09-30,-0.903822875717421,-0.492,-0.68057,0.252,0.122667872871794
2020-10-01,-0.903822875717421,-0.492,-0.68057,0.252,0.245710586002844
2020-10-02,-0.903822875717421,-0.48872,-0.6432,-0.0758,0.245710586002844
2020-10-09,-0.903822875717421,-0.48879,-0.59268,-0.2365,0.245710586002844
2020-10-16,-0.903822875717421,-0.49118,-0.55114,-0.0909,0.245710586002844
2020-10-23,-0.903822875717421,-0.497,-0.52599,0.0102,0.245710586002844
2020-10-30,-0.861781977756914,-0.50543,-0.51591,0.3863,0.245710586002844
2020-11-01,-0.861781977756914,-0.50543,-0.51591,0.3863,0.25686602380882
2020-11-06,-0.861781977756914,-0.5191,-0.51556,-0.0757,0.25686602380882
2020-11-13,-0.861781977756914,-0.53603,-0.51826,-0.4814,0.25686602380882
2020-11-20,-0.861781977756914,-0.55241,-0.51536,-0.1625,0.25686602380882
2020-11-27,-0.861781977756914,-0.56717,-0.50854,-0.398,0.25686602380882
2020-11-30,-1.12969757415124,-0.56717,-0.50854,-0.398,0.25686602380882
2020-12-01,-1.12969757415124,-0.56717,-0.50854,-0.398,-0.38019016563654
2020-12-04,-1.12969757415124,-0.5802,-0.50252,-0.4444,-0.38019016563654
2020-12-11,-1.12969757415124,-0.5905,-0.50197,-0.4199,-0.38019016563654
2020-12-18,-1.12969757415124,-0.59791,-0.50593,-0.3769,-0.38019016563654
2020-12-25,-1.12969757415124,-0.60413,-0.51079,-0.4178,-0.38019016563654
2020-12-31,-1.39162670314275,-0.60413,-0.51079,-0.4178,-0.38019016563654
2021-01-01,-1.39162670314275,-0.60942,-0.51401,-0.4749,-0.237954569157915
2021-01-08,-1.39162670314275,-0.61394,-0.51271,-0.4845,-0.237954569157915
2021-01-15,-1.39162670314275,-0.61661,-0.51142,-0.528,-0.237954569157915
2021-01-22,-1.39162670314275,-0.61858,-0.51242,-0.5147,-0.237954569157915
2021-01-29,-1.3692241571529,-0.61886,-0.51867,-0.2669,-0.237954569157915
2021-02-01,-1.3692241571529,-0.61886,-0.51867,-0.2669,-0.464133064936002
2021-02-05,-1.3692241571529,-0.62105,-0.53443,-0.5752,-0.464133064936002
2021-02-12,-1.3692241571529,-0.62275,-0.55012,-0.7609,-0.464133064936002
2021-02-19,-1.3692241571529,-0.62451,-0.56181,-0.6514,-0.464133064936002
2021-02-26,-1.4523772362641,-0.62654,-0.56647,-0.4435,-0.464133064936002
2021-03-01,-1.4523772362641,-0.62654,-0.56647,-0.4435,-0.300990730524579
2021-03-05,-1.4523772362641,-0.63072,-0.56587,-0.4056,-0.300990730524579
2021-03-12,-1.4523772362641,-0.63579,-0.5624,-0.4979,-0.300990730524579
2021-03-19,-1.4523772362641,-0.64127,-0.55976,-0.5439,-0.300990730524579
2021-03-26,-1.4523772362641,-0.64792,-0.56138,-0.6237,-0.300990730524579
2021-03-31,-1.53185591818697,-0.64792,-0.56138,-0.6237,-0.300990730524579
2021-04-01,-1.53185591818697,-0.64792,-0.56138,-0.6237,-0.754242394648811
2021-04-02,-1.53185591818697,-0.65493,-0.56584,-0.7157,-0.754242394648811
2021-04-09,-1.53185591818697,-0.66324,-0.56955,-0.8151,-0.754242394648811
2021-04-16,-1.53185591818697,-0.67011,-0.5696,-0.7672,-0.754242394648811
2021-04-23,-1.53185591818697,-0.67639,-0.56551,-0.717,-0.754242394648811
2021-04-30,-1.57300793942428,-0.68168,-0.56009,-0.8043,-0.754242394648811
2021-05-01,-1.57300793942428,-0.68168,-0.56009,-0.8043,-0.808284291321775
2021-05-07,-1.57300793942428,-0.68655,-0.55741,-0.8052,-0.808284291321775
2021-05-14,-1.57300793942428,-0.68855,-0.55809,-0.7461,-0.808284291321775
2021-05-21,-1.57300793942428,-0.69098,-0.56502,-0.7127,-0.808284291321775
2021-05-28,-1.55830082669881,-0.69311,-0.57465,-0.8116,-0.808284291321775
2021-06-01,-1.55830082669881,-0.69311,-0.57465,-0.8116,-0.730838016923849
2021-06-04,-1.55830082669881,-0.69402,-0.5832,-0.8474,-0.730838016923849
2021-06-11,-1.55830082669881,-0.69323,-0.58804,-0.7939,-0.730838016923849
2021-06-18,-1.55830082669881,-0.6901,-0.58931,-0.7725,-0.730838016923849
2021-06-25,-1.55830082669881,-0.68602,-0.59063,-0.8029,-0.730838016923849
2021-06-30,-1.75245489322836,-0.68602,-0.59063,-0.8029,-0.730838016923849
2021-07-01,-1.75245489322836,-0.68602,-0.59063,-0.8029,-0.718869498942519
2021-07-02,-1.75245489322836,-0.68039,-0.59299,-0.8438,-0.718869498942519
2021-07-09,-1.75245489322836,-0.67361,-0.59769,-0.7121,-0.718869498942519
2021-07-16,-1.75245489322836,-0.66681,-0.60176,-0.8011,-0.718869498942519
2021-07-23,-1.75245489322836,-0.66022,-0.60302,-0.5695,-0.718869498942519
2021-07-30,-1.73925433096831,-0.65487,-0.60109,-0.7649,-0.718869498942519
2021-08-01,-1.73925433096831,-0.65487,-0.60109,-0.7649,-0.722846452205324
2021-08-06,-1.73925433096831,-0.65019,-0.59786,-0.6768,-0.722846452205324
2021-08-13,-1.73925433096831,-0.64746,-0.59777,-0.8607,-0.722846452205324
2021-08-20,-1.73925433096831,-0.64578,-0.60475,-0.6201,-0.722846452205324
2021-08-27,-1.73925433096831,-0.64651,-0.62028,-0.7678,-0.722846452205324
2021-08-31,-1.73195849962079,-0.64651,-0.62028,-0.7678,-0.722846452205324
2021-09-01,-1.73195849962079,-0.64651,-0.62028,-0.7678,-0.754779944648507
2021-09-03,-1.73195849962079,-0.64768,-0.64027,-0.7614,-0.754779944648507
2021-09-10,-1.73195849962079,-0.64952,-0.6567,-0.7118,-0.754779944648507
2021-09-17,-1.73195849962079,-0.65167,-0.66567,-0.6797,-0.754779944648507
2021-09-24,-1.73195849962079,-0.65287,-0.665,-0.5451,-0.754779944648507
2021-09-30,-1.62738611161142,-0.65287,-0.665,-0.5451,-0.754779944648507
2021-10-01,-1.62738611161142,-0.65316,-0.65779,-0.6309,-0.6125901292393
2021-10-08,-1.62738611161142,-0.65145,-0.64837,-0.6384,-0.6125901292393
2021-10-15,-1.62738611161142,-0.64589,-0.64028,-0.7315,-0.6125901292393
2021-10-22,-1.62738611161142,-0.63606,-0.63275,-0.9053,-0.6125901292393
2021-10-29,-1.62689446591944,-0.62159,-0.62104,-0.8127,-0.6125901292393
2021-11-01,-1.62689446591944,-0.62159,-0.62104,-0.8127,-0.694375269748364
2021-11-05,-1.62689446591944,-0.60383,-0.60041,-0.6839,-0.694375269748364
2021-11-12,-1.62689446591944,-0.58442,-0.571,-0.7895,-0.694375269748364
2021-11-19,-1.62689446591944,-0.56625,-0.5381,-0.6889,-0.694375269748364
2021-11-26,-1.62689446591944,-0.55005,-0.50949,-0.4898,-0.694375269748364
2021-11-30,-1.51357411600297,-0.55005,-0.50949,-0.4898,-0.694375269748364
2021-12-01,-1.51357411600297,-0.55005,-0.50949,-0.4898,-0.582697318783463
2021-12-03,-1.51357411600297,-0.53879,-0.49408,-0.1734,-0.582697318783463
2021-12-10,-1.51357411600297,-0.53662,-0.49759,-0.7082,-0.582697318783463
2021-12-17,-1.51357411600297,-0.53922,-0.51249,-0.5018,-0.582697318783463
2021-12-24,-1.51357411600297,-0.54627,-0.53119,-0.5832,-0.582697318783463
2021-12-31,-1.56005190163094,-0.55487,-0.54418,-0.772,-0.582697318783463
2022-01-01,-1.56005190163094,-0.55487,-0.54418,-0.772,-0.335073078138315
2022-01-07,-1.56005190163094,-0.56075,-0.54719,-0.7022,-0.335073078138315
2022-01-14,-1.56005190163094,-0.56083,-0.54116,-0.6636,-0.335073078138315
2022-01-21,-1.56005190163094,-0.55417,-0.5311,-0.3863,-0.335073078138315
2022-01-28,-1.56005190163094,-0.54001,-0.51885,-0.2058,-0.335073078138315
2022-01-31,-1.24255071599459,-0.54001,-0.51885,-0.2058,-0.335073078138315
2022-02-01,-1.24255071599459,-0.54001,-0.51885,-0.2058,-0.333261266418846
2022-02-04,-1.24255071599459,-0.521,-0.50293,-0.5167,-0.333261266418846
2022-02-11,-1.24255071599459,-0.49547,-0.47382,-0.5885,-0.333261266418846
2022-02-18,-1.24255071599459,-0.4657,-0.42745,-0.1685,-0.333261266418846
2022-02-25,-1.24255071599459,-0.43601,-0.36801,-0.0111,-0.333261266418846
2022-02-28,-1.11132193548822,-0.43601,-0.36801,-0.0111,-0.333261266418846
2022-03-01,-1.11132193548822,-0.43601,-0.36801,-0.0111,-0.107356884441282
2022-03-04,-1.11132193548822,-0.40879,-0.30552,0.2873,-0.107356884441282
2022-03-11,-1.11132193548822,-0.38775,-0.25943,0.1461,-0.107356884441282
2022-03-18,-1.11132193548822,-0.37595,-0.24186,-0.3115,-0.107356884441282
2022-03-25,-1.11132193548822,-0.37044,-0.25034,-0.6141,-0.107356884441282
2022-03-31,-1.02725291390226,-0.37044,-0.25034,-0.6141,-0.107356884441282
2022-04-01,-1.02725291390226,-0.36838,-0.27089,-0.4801,-0.344016903193983
2022-04-08,-1.02725291390226,-0.3661,-0.28509,-0.3733,-0.344016903193983
2022-04-15,-1.02725291390226,-0.35932,-0.27568,-0.2837,-0.344016903193983
2022-04-22,-1.02725291390226,-0.34895,-0.24451,-0.3898,-0.344016903193983
2022-04-29,-0.607826260620124,-0.33383,-0.2018,0.1747,-0.344016903193983
2022-05-01,-0.607826260620124,-0.33383,-0.2018,0.1747,-0.0400421575318194
2022-05-06,-0.607826260620124,-0.31616,-0.16498,0.2043,-0.0400421575318194
2022-05-13,-0.607826260620124,-0.29732,-0.14439,0.5518,-0.0400421575318194
2022-05-20,-0.607826260620124,-0.27843,-0.13847,0.2972,-0.0400421575318194
2022-05-27,-0.607826260620124,-0.25726,-0.13273,0.2707,-0.0400421575318194
2022-05-31,-0.379692713551947,-0.25726,-0.13273,0.2707,-0.0400421575318194
2022-06-01,-0.379692713551947,-0.25726,-0.13273,0.2707,0.0483351041508461
2022-06-03,-0.379692713551947,-0.23425,-0.11574,-0.169,0.0483351041508461
2022-06-10,-0.379692713551947,-0.20973,-0.08354,-0.0535,0.0483351041508461
2022-06-17,-0.379692713551947,-0.18569,-0.04555,0.0285,0.0483351041508461
2022-06-24,-0.379692713551947,-0.16972,-0.02123,0.366,0.0483351041508461
2022-06-30,0.0394890559901309,-0.16972,-0.02123,0.366,0.0483351041508461
2022-07-01,0.0394890559901309,-0.16335,-0.02555,0.6009,0.0128350656493941
2022-07-08,0.0394890559901309,-0.16661,-0.06133,0.4159,0.0128350656493941
2022-07-15,0.0394890559901309,-0.18003,-0.1165,0.0584,0.0128350656493941
2022-07-22,0.0394890559901309,-0.19918,-0.17344,-0.2799,0.0128350656493941
2022-07-29,0.0305412549853585,-0.21742,-0.21397,-0.2006,0.0128350656493941
2022-08-01,0.0305412549853585,-0.21742,-0.21397,-0.2006,-0.145444438271844
2022-08-05,0.0305412549853585,-0.23068,-0.23279,-0.4881,-0.145444438271844
2022-08-12,0.0305412549853585,-0.23822,-0.23596,-0.4086,-0.145444438271844
2022-08-19,0.0305412549853585,-0.23595,-0.23106,-0.3733,-0.145444438271844
2022-08-26,0.0305412549853585,-0.22344,-0.22372,-0.2084,-0.145444438271844
2022-08-31,0.264653948636313,-0.22344,-0.22372,-0.2084,-0.145444438271844
2022-09-01,0.264653948636313,-0.22344,-0.22372,-0.2084,-0.042312531962486
2022-09-02,0.264653948636313,-0.20252,-0.21373,-0.1402,-0.042312531962486
2022-09-09,0.264653948636313,-0.17667,-0.19721,-0.3147,-0.042312531962486
2022-09-16,0.264653948636313,-0.14886,-0.16713,-0.4421,-0.042312531962486
2022-09-23,0.264653948636313,-0.1236,-0.12705,0.1275,-0.042312531962486
2022-09-30,0.643572989872229,-0.10476,-0.08782,0.5155,-0.042312531962486
2022-10-01,0.643572989872229,-0.10476,-0.08782,0.5155,0.509970087251589
2022-10-07,0.643572989872229,-0.09775,-0.06214,0.1574,0.509970087251589
2022-10-14,0.643572989872229,-0.09982,-0.05902,0.2828,0.509970087251589
2022-10-21,0.643572989872229,-0.11054,-0.07937,-0.1527,0.509970087251589
2022-10-28,0.643572989872229,-0.12594,-0.11255,-0.2991,0.509970087251589
2022-10-31,0.743408814339744,-0.12594,-0.11255,-0.2991,0.509970087251589
2022-11-01,0.743408814339744,-0.12594,-0.11255,-0.2991,-0.0166743126856905
2022-11-04,0.743408814339744,-0.14399,-0.14829,-0.3917,-0.0166743126856905
2022-11-11,0.743408814339744,-0.16121,-0.17421,-0.3273,-0.0166743126856905
2022-11-18,0.743408814339744,-0.17408,-0.18662,-0.2321,-0.0166743126856905
2022-11-25,0.743408814339744,-0.18191,-0.18793,-0.2335,-0.0166743126856905
2022-11-30,0.875571803055504,-0.18191,-0.18793,-0.2335,-0.0166743126856905
2022-12-01,0.875571803055504,-0.18191,-0.18793,-0.2335,-0.0672438167130191
2022-12-02,0.875571803055504,-0.18652,-0.18665,-0.1231,-0.0672438167130191
2022-12-09,0.875571803055504,-0.18944,-0.18968,0.1154,-0.0672438167130191
2022-12-16,0.875571803055504,-0.19576,-0.20096,0.0017,-0.0672438167130191
2022-12-23,0.875571803055504,-0.20569,-0.21703,0.0216,-0.0672438167130191
2022-12-30,0.999286718136177,-0.22295,-0.23707,-0.0431,-0.0672438167130191
2023-01-01,0.999286718136177,-0.22295,-0.23707,-0.0431,-0.0858515905339128
2023-01-06,0.999286718136177,-0.24563,-0.25523,-0.1708,-0.0858515905339128
2023-01-13,0.999286718136177,-0.27015,-0.27119,-0.4279,-0.0858515905339128
2023-01-20,0.999286718136177,-0.29109,-0.28329,-0.3944,-0.0858515905339128
2023-01-27,0.999286718136177,-0.30789,-0.29537,-0.5139,-0.0858515905339128
2023-01-31,0.689439241847883,-0.30789,-0.29537,-0.5139,-0.0858515905339128
2023-02-01,0.689439241847883,-0.30789,-0.29537,-0.5139,-0.331841842499753
2023-02-03,0.689439241847883,-0.31527,-0.3037,-0.5545,-0.331841842499753
2023-02-10,0.689439241847883,-0.31145,-0.30395,-0.6126,-0.331841842499753
2023-02-17,0.689439241847883,-0.29696,-0.28969,-0.4716,-0.331841842499753
2023-02-24,0.689439241847883,-0.27155,-0.25554,-0.234,-0.331841842499753
2023-02-28,0.662368606219299,-0.27155,-0.25554,-0.234,-0.331841842499753
2023-03-01,0.662368606219299,-0.27155,-0.25554,-0.234,0.674216370349499
2023-03-03,0.662368606219299,-0.2406,-0.20793,-0.4505,0.674216370349499
2023-03-10,0.662368606219299,-0.20806,-0.1566,-0.0928,0.674216370349499
2023-03-17,0.662368606219299,-0.17645,-0.1125,1.0921,0.674216370349499
2023-03-24,0.662368606219299,-0.15782,-0.09462,0.2615,0.674216370349499
2023-03-31,0.552060199764611,-0.1542,-0.1058,-0.2762,0.674216370349499
2023-04-01,0.552060199764611,-0.1542,-0.1058,-0.2762,0.186923757722336
2023-04-07,0.552060199764611,-0.15762,-0.13316,-0.1012,0.186923757722336
2023-04-14,0.552060199764611,-0.16901,-0.16864,-0.487,0.186923757722336
2023-04-21,0.552060199764611,-0.18253,-0.19853,-0.6601,0.186923757722336
2023-04-28,0.559184734331036,-0.19315,-0.21533,-0.2957,0.186923757722336
2023-05-01,0.559184734331036,-0.19315,-0.21533,-0.2957,0.289743612330823
2023-05-05,0.559184734331036,-0.20133,-0.22208,-0.3338,0.289743612330823
2023-05-12,0.559184734331036,-0.20782,-0.22412,-0.5134,0.289743612330823
2023-05-19,0.559184734331036,-0.21181,-0.22525,-0.447,0.289743612330823
2023-05-26,0.559184734331036,-0.21381,-0.22715,-0.3242,0.289743612330823
2023-05-31,0.636213602028817,-0.21381,-0.22715,-0.3242,0.289743612330823
2023-06-01,0.636213602028817,-0.21381,-0.22715,-0.3242,0.14079044318239
2023-06-02,0.636213602028817,-0.21568,-0.22913,-0.473,0.14079044318239
2023-06-09,0.636213602028817,-0.21683,-0.22536,-0.6989,0.14079044318239
2023-06-16,0.636213602028817,-0.21897,-0.21975,-0.6136,0.14079044318239
2023-06-23,0.636213602028817,-0.22312,-0.2155,-0.5898,0.14079044318239
2023-06-30,0.487096974192136,-0.22925,-0.21527,-0.6979,0.14079044318239
2023-07-01,0.487096974192136,-0.22925,-0.21527,-0.6979,0.164981429006455
2023-07-07,0.487096974192136,-0.23796,-0.22283,-0.7507,0.164981429006455
2023-07-14,0.487096974192136,-0.25079,-0.23841,-0.6958,0.164981429006455
2023-07-21,0.487096974192136,-0.26561,-0.25584,-0.7396,0.164981429006455
2023-07-28,0.487096974192136,-0.28137,-0.26977,-0.7604,0.164981429006455
2023-07-31,0.419593312949797,-0.28137,-0.26977,-0.7604,0.164981429006455
2023-08-01,0.419593312949797,-0.28137,-0.26977,-0.7604,-0.277820235353998
2023-08-04,0.419593312949797,-0.2986,-0.27809,-0.718,-0.277820235353998
2023-08-11,0.419593312949797,-0.31432,-0.28024,-0.6606,-0.277820235353998
2023-08-18,0.419593312949797,-0.32668,-0.27766,-0.6216,-0.277820235353998
2023-08-25,0.419593312949797,-0.33539,-0.27425,-0.6813,-0.277820235353998
2023-08-31,0.577709788325049,-0.33539,-0.27425,-0.6813,-0.277820235353998
2023-09-01,0.577709788325049,-0.34097,-0.27262,-0.6949,-0.347668368912989
2023-09-08,0.577709788325049,-0.34074,-0.27001,-0.7158,-0.347668368912989
2023-09-15,0.577709788325049,-0.33598,-0.26757,-0.7141,-0.347668368912989
2023-09-22,0.577709788325049,-0.32695,-0.26166,-0.7189,-0.347668368912989
2023-09-29,0.701605786300675,-0.31458,-0.25174,-0.4989,-0.347668368912989
2023-10-01,0.701605786300675,-0.31458,-0.25174,-0.4989,-0.0013895323051302
2023-10-06,0.701605786300675,-0.30327,-0.24451,-0.4276,-0.0013895323051302
2023-10-13,0.701605786300675,-0.29361,-0.24082,-0.5423,-0.0013895323051302
2023-10-20,0.701605786300675,-0.2876,-0.24502,-0.3282,-0.0013895323051302
2023-10-27,0.701605786300675,-0.28668,-0.25871,-0.3494,-0.0013895323051302
2023-10-31,0.877737231056429,-0.28668,-0.25871,-0.3494,-0.0013895323051302
2023-11-01,0.877737231056429,-0.28668,-0.25871,-0.3494,-0.321087139300352
2023-11-03,0.877737231056429,-0.29152,-0.28132,-0.6092,-0.321087139300352
2023-11-10,0.877737231056429,-0.30021,-0.30504,-0.7339,-0.321087139300352
2023-11-17,0.877737231056429,-0.31087,-0.3268,-0.6254,-0.321087139300352
2023-11-24,0.877737231056429,-0.32221,-0.34341,-0.7361,-0.321087139300352
2023-11-30,0.750559283558486,-0.32221,-0.34341,-0.7361,-0.321087139300352
2023-12-01,0.750559283558486,-0.33273,-0.35483,-0.5361,-0.379807883440007
2023-12-08,0.750559283558486,-0.34165,-0.36363,-0.5034,-0.379807883440007
2023-12-15,0.750559283558486,-0.35072,-0.37304,-0.612,-0.379807883440007
2023-12-22,0.750559283558486,-0.35997,-0.38436,-0.4395,-0.379807883440007
2023-12-29,0.533863361036227,-0.36847,-0.39707,-0.4198,-0.379807883440007
2024-01-01,0.533863361036227,-0.36847,-0.39707,-0.4198,-0.379462873377536
2024-01-05,0.533863361036227,-0.37712,-0.41005,-0.5567,-0.379462873377536
2024-01-12,0.533863361036227,-0.38525,-0.4198,-0.7108,-0.379462873377536
2024-01-19,0.533863361036227,-0.39242,-0.42614,-0.8076,-0.379462873377536
2024-01-26,0.533863361036227,-0.3986,-0.42991,-0.8336,-0.379462873377536
2024-01-31,0.325645699437067,-0.3986,-0.42991,-0.8336,-0.379462873377536
2024-02-01,0.325645699437067,-0.3986,-0.42991,-0.8336,-0.493524967151336
2024-02-02,0.325645699437067,-0.40546,-0.43359,-0.7579,-0.493524967151336
2024-02-09,0.325645699437067,-0.41223,-0.43765,-0.5996,-0.493524967151336
2024-02-16,0.325645699437067,-0.42008,-0.44518,-0.6445,-0.493524967151336
2024-02-23,0.325645699437067,-0.42817,-0.45485,-0.6735,-0.493524967151336
2024-02-29,0.164295746626,-0.42817,-0.45485,-0.6735,-0.493524967151336
2024-03-01,0.164295746626,-0.4345,-0.46499,-0.7923,-0.514046495036995
2024-03-08,0.164295746626,-0.43811,-0.47312,-0.7934,-0.514046495036995
2024-03-15,0.164295746626,-0.43953,-0.47734,-0.9239,-0.514046495036995
2024-03-22,0.164295746626,-0.4376,-0.47592,-0.9425,-0.514046495036995
2024-03-29,0.075995867314203,-0.43298,-0.46827,-0.9346,-0.514046495036995
2024-04-01,0.075995867314203,-0.43298,-0.46827,-0.9346,-0.474806929569999
2024-04-05,0.075995867314203,-0.42744,-0.45561,-0.8442,-0.474806929569999
2024-04-12,0.075995867314203,-0.42149,-0.4412,-0.795,-0.474806929569999
2024-04-19,0.075995867314203,-0.41632,-0.42827,-0.4167,-0.474806929569999
2024-04-26,0.075995867314203,-0.41426,-0.42078,-0.8421,-0.474806929569999
2024-04-30,0.237495041943729,-0.41426,-0.42078,-0.8421,-0.474806929569999
2024-05-01,0.237495041943729,-0.41426,-0.42078,-0.8421,-0.690773959836472
2024-05-03,0.237495041943729,-0.41428,-0.41786,-0.8309,-0.690773959836472
2024-05-10,0.237495041943729,-0.41522,-0.41817,-0.9239,-0.690773959836472
2024-05-17,0.237495041943729,-0.41578,-0.4172,-0.911,-0.690773959836472
2024-05-24,0.237495041943729,-0.41533,-0.41205,-0.9605,-0.690773959836472
2024-05-31,0.165001864111951,-0.41194,-0.40094,-0.8504,-0.690773959836472
2024-06-01,0.165001864111951,-0.41194,-0.40094,-0.8504,-0.643545372648322
2024-06-07,0.165001864111951,-0.40633,-0.38617,-0.8445,-0.643545372648322
2024-06-14,0.165001864111951,-0.39922,-0.37283,-0.8704,-0.643545372648322
2024-06-21,0.165001864111951,-0.39162,-0.36347,-0.8316,-0.643545372648322
2024-06-28,0.106669887414361,-0.38512,-0.35871,-0.836,-0.643545372648322
2024-07-01,0.106669887414361,-0.38512,-0.35871,-0.836,-0.324946334965098
2024-07-05,0.106669887414361,-0.38002,-0.35797,-0.8278,-0.324946334965098
2024-07-12,0.106669887414361,-0.37466,-0.35661,-0.8329,-0.324946334965098
2024-07-19,0.106669887414361,-0.36973,-0.35347,-0.6648,-0.324946334965098
2024-07-26,0.106669887414361,-0.36593,-0.35025,-0.6224,-0.324946334965098
2024-07-31,-0.00118936576187,-0.36593,-0.35025,-0.6224,-0.324946334965098
2024-08-01,-0.00118936576187,-0.36593,-0.35025,-0.6224,-0.403564586346233
2024-08-02,-0.00118936576187,-0.36377,-0.3499,-0.3422,-0.403564586346233
2024-08-09,-0.00118936576187,-0.36465,-0.3555,-0.1649,-0.403564586346233
2024-08-16,-0.00118936576187,-0.37279,-0.37102,-0.7392,-0.403564586346233
2024-08-23,-0.00118936576187,-0.38298,-0.39088,-0.6494,-0.403564586346233
2024-08-30,-0.0921453302602852,-0.39445,-0.41175,-0.6507,-0.403564586346233
2024-09-01,-0.0921453302602852,-0.39445,-0.41175,-0.6507,-0.44194834113838
2024-09-06,-0.0921453302602852,-0.40567,-0.43114,-0.3927,-0.44194834113838
2024-09-13,-0.0921453302602852,-0.41553,-0.44511,-0.3182,-0.44194834113838
2024-09-20,-0.0921453302602852,-0.42347,-0.45492,-0.445,-0.44194834113838
2024-09-27,-0.0921453302602852,-0.42961,-0.46258,-0.2711,-0.44194834113838
2024-09-30,-0.240759569703253,-0.42961,-0.46258,-0.2711,-0.44194834113838
2024-10-01,-0.240759569703253,-0.42961,-0.46258,-0.2711,-0.350732488265971
2024-10-04,-0.240759569703253,-0.43359,-0.47006,-0.6111,-0.350732488265971
2024-10-11,-0.240759569703253,-0.43655,-0.47672,-0.5885,-0.350732488265971
2024-10-18,-0.240759569703253,-0.44081,-0.48565,-0.5359,-0.350732488265971
2024-10-25,-0.240759569703253,-0.44523,-0.49386,-0.3853,-0.350732488265971
2024-10-31,-0.30933520792984,-0.44523,-0.49386,-0.3853,-0.350732488265971
2024-11-01,-0.30933520792984,-0.45124,-0.50234,-0.2965,-0.424971564921525
2024-11-08,-0.30933520792984,-0.45933,-0.51119,-0.5662,-0.424971564921525
2024-11-15,-0.30933520792984,-0.467,-0.51787,-0.8007,-0.424971564921525
2024-11-22,-0.30933520792984,-0.47226,-0.52032,-0.6136,-0.424971564921525
2024-11-29,-0.412891660894705,-0.4759,-0.5196,-0.621,-0.424971564921525
2024-12-01,-0.412891660894705,-0.4759,-0.5196,-0.621,-0.79074922420712
2024-12-06,-0.412891660894705,-0.47846,-0.51584,-0.5312,-0.79074922420712
2024-12-13,-0.412891660894705,-0.48022,-0.51056,-0.5805,-0.79074922420712
2024-12-20,-0.412891660894705,-0.48154,-0.5065,-0.4978,-0.79074922420712
2024-12-27,-0.412891660894705,-0.48583,-0.50706,-0.6248,-0.79074922420712
2024-12-31,-0.214862663939107,-0.48583,-0.50706,-0.6248,-0.79074922420712
2025-01-01,-0.214862663939107,-0.48583,-0.50706,-0.6248,-0.771863773295667
2025-01-03,-0.214862663939107,-0.49082,-0.51072,-0.6229,-0.771863773295667
2025-01-10,-0.214862663939107,-0.49712,-0.51659,-0.8018,-0.771863773295667
2025-01-17,-0.214862663939107,-0.50243,-0.52036,-0.8279,-0.771863773295667
2025-01-24,-0.214862663939107,-0.50739,-0.51992,-0.977,-0.771863773295667
2025-01-31,-0.264868162969343,-0.51018,-0.51357,-0.7647,-0.771863773295667
2025-02-01,-0.264868162969343,-0.51018,-0.51357,-0.7647,-0.792616998950511
2025-02-07,-0.264868162969343,-0.5089,-0.50021,-0.7857,-0.792616998950511
2025-02-14,-0.264868162969343,-0.50415,-0.48462,-0.8303,-0.792616998950511
2025-02-21,-0.264868162969343,-0.49447,-0.46889,-0.7623,-0.792616998950511
2025-02-28,-0.264494219237224,-0.48091,-0.45617,-0.4581,-0.792616998950511
2025-03-01,-0.264494219237224,-0.48091,-0.45617,-0.4581,-0.550083627306974
2025-03-07,-0.264494219237224,-0.46413,-0.44661,-0.3563,-0.550083627306974
2025-03-14,-0.264494219237224,-0.44574,-0.43743,-0.2153,-0.550083627306974
2025-03-21,-0.264494219237224,-0.42781,-0.42697,-0.6457,-0.550083627306974
2025-03-28,-0.264494219237224,-0.41094,-0.41391,-0.6247,-0.550083627306974
2025-03-31,-0.198012291666332,-0.41094,-0.41391,-0.6247,-0.550083627306974
2025-04-01,-0.198012291666332,-0.41094,-0.41391,-0.6247,0.068077702473169
2025-04-04,-0.198012291666332,-0.39576,-0.39895,0.0966,0.068077702473169
2025-04-11,-0.198012291666332,-0.38474,-0.38675,0.5829,0.068077702473169
2025-04-18,-0.198012291666332,-0.38512,-0.38681,-0.2047,0.068077702473169
2025-04-25,-0.198012291666332,-0.39162,-0.39668,-0.2699,0.068077702473169
2025-04-30,-0.306676717922015,-0.39162,-0.39668,-0.2699,0.068077702473169
2025-05-01,-0.306676717922015,-0.39162,-0.39668,-0.2699,-0.502054984471923
2025-05-02,-0.306676717922015,-0.40497,-0.41649,-0.3463,-0.502054984471923
2025-05-09,-0.306676717922015,-0.42229,-0.4398,-0.4694,-0.502054984471923
2025-05-16,-0.306676717922015,-0.4398,-0.45985,-0.898,-0.502054984471923
2025-05-23,-0.306676717922015,-0.4544,-0.47068,-0.502,-0.502054984471923
2025-05-30,-0.545930161117629,-0.4662,-0.47417,-0.5398,-0.502054984471923
2025-06-01,-0.545930161117629,-0.4662,-0.47417,-0.5398,-0.635306071205772
2025-06-06,-0.545930161117629,-0.47527,-0.47323,-0.8083,-0.635306071205772
2025-06-13,-0.545930161117629,-0.48267,-0.47354,-0.7854,-0.635306071205772
2025-06-20,-0.545930161117629,-0.48906,-0.47751,-0.6544,-0.635306071205772
2025-06-27,-0.545930161117629,-0.49575,-0.48496,-0.7074,-0.635306071205772
2025-06-30,-0.732599050545629,-0.49575,-0.48496,-0.7074,-0.635306071205772
2025-07-01,-0.732599050545629,-0.49575,-0.48496,-0.7074,-0.713471740944268
2025-07-04,-0.732599050545629,-0.5027,-0.49353,-0.881,-0.713471740944268
2025-07-11,-0.732599050545629,-0.50922,-0.49956,-0.7522,-0.713471740944268
2025-07-18,-0.732599050545629,-0.51429,-0.50145,-0.7179,-0.713471740944268
2025-07-25,-0.732599050545629,-0.51854,-0.5012,-0.8028,-0.713471740944268
2025-07-31,-0.783874544148506,-0.51854,-0.5012,-0.8028,-0.713471740944268
2025-08-01,-0.783874544148506,-0.52147,-0.50024,-0.6837,-0.805648380488785
2025-08-08,-0.783874544148506,-0.5234,-0.50103,-0.5742,-0.805648380488785
2025-08-15,-0.783874544148506,-0.52622,-0.50454,-0.8216,-0.805648380488785
2025-08-22,-0.783874544148506,-0.52774,-0.50739,-0.756,-0.805648380488785
2025-08-29,-0.911840073363271,-0.52904,-0.50997,-0.6108,-0.805648380488785
2025-09-01,-0.911840073363271,-0.52904,-0.50997,-0.6108,-0.838897434168135
2025-09-05,-0.911840073363271,-0.52959,-0.51197,-0.4268,-0.838897434168135
2025-09-12,-0.911840073363271,-0.53006,-0.51471,-0.5709,-0.838897434168135
2025-09-19,-0.911840073363271,-0.52892,-0.51831,-0.5969,-0.838897434168135
2025-09-26,-0.911840073363271,-0.5277,-0.52376,-0.5405,-0.838897434168135
2025-09-30,-1.0342347904188,-0.5277,-0.52376,-0.5405,-0.838897434168135
2025-10-01,-1.0342347904188,-0.5277,-0.52376,-0.5405,-0.557744214778459
2025-10-03,-1.0342347904188,-0.52626,-0.53059,-0.4999,-0.557744214778459
2025-10-10,-1.0342347904188,-0.52391,-0.53457,-0.4888,-0.557744214778459
2025-10-17,-1.0342347904188,-0.52039,-0.53466,-0.3725,-0.557744214778459
2025-10-24,-1.0342347904188,-0.5181,-0.53236,-0.5136,-0.557744214778459
2025-10-31,-1.08066573702589,-0.5164,-0.52912,-0.4629,-0.557744214778459
2025-11-01,-1.08066573702589,-0.5164,-0.52912,-0.4629,-0.747377658203899
2025-11-07,-1.08066573702589,-0.51601,-0.52856,-0.3135,-0.747377658203899
2025-11-14,-1.08066573702589,-0.51828,-0.53133,-0.5102,-0.747377658203899
2025-11-21,-1.08066573702589,-0.52269,-0.53657,-0.1355,-0.747377658203899
2025-11-28,-1.09564697418838,-0.52938,-0.54341,-0.3981,-0.747377658203899
2025-12-05,-1.09564697418838,-0.53696,-0.54697,-0.427,-0.747377658203899
2025-12-12,-1.09564697418838,-0.54299,-0.54518,-0.361,-0.747377658203899
2025-12-19,-1.09564697418838,-0.54911,-0.54051,-0.342,-0.747377658203899
