effectiveDate,type,rate,percentPercentile1,percentPercentile25,percentPercentile75,percentPercentile99,volume_billions,revisionIndicator,footnoteId
2018-01-02,OBFR,1.42,1.3,1.41,1.43,1.52,189,,
2018-01-03,OBFR,1.42,1.3,1.41,1.43,1.52,208,,
2018-01-04,OBFR,1.42,1.3,1.41,1.43,1.52,204,,
2018-01-05,OBFR,1.42,1.3,1.41,1.43,1.52,214,,
2018-01-08,OBFR,1.42,1.3,1.41,1.43,1.52,206,,
2018-01-09,OBFR,1.42,1.3,1.41,1.43,1.52,212,,
2018-01-10,OBFR,1.42,1.3,1.41,1.43,1.52,211,,
2018-01-11,OBFR,1.42,1.3,1.41,1.43,1.52,205,,
2018-01-12,OBFR,1.42,1.3,1.41,1.43,1.52,197,,
2018-01-16,OBFR,1.42,1.3,1.41,1.43,1.52,205,,
2018-01-17,OBFR,1.42,1.3,1.41,1.43,1.54,210,,
2018-01-18,OBFR,1.42,1.3,1.41,1.43,1.52,200,,
2018-01-19,OBFR,1.42,1.3,1.41,1.43,1.52,196,,
2018-01-22,OBFR,1.42,1.3,1.41,1.43,1.52,204,,
2018-01-23,OBFR,1.42,1.3,1.41,1.43,1.52,204,,
2018-01-24,OBFR,1.42,0.95,1.41,1.43,1.52,212,,
2018-01-25,OBFR,1.42,1.3,1.41,1.43,1.52,198,,
2018-01-26,OBFR,1.42,1.3,1.41,1.43,1.52,201,,
2018-01-29,OBFR,1.42,1.3,1.41,1.43,1.52,210,,
2018-01-30,OBFR,1.42,1.32,1.41,1.43,1.52,218,,
2018-01-31,OBFR,1.34,1.25,1.33,1.35,1.52,204,,
2018-02-01,OBFR,1.42,1.3,1.41,1.43,1.52,224,,
2018-02-02,OBFR,1.42,1.3,1.41,1.43,1.52,218,,
2018-02-05,OBFR,1.42,1.31,1.41,1.43,1.52,217,,
2018-02-06,OBFR,1.42,1.28,1.41,1.43,1.52,209,,
2018-02-07,OBFR,1.42,1.28,1.41,1.43,1.52,220,,
2018-02-08,OBFR,1.42,1.3,1.41,1.43,1.52,218,,
2018-02-09,OBFR,1.42,0.48,1.41,1.43,1.52,219,,
2018-02-12,OBFR,1.42,1.35,1.41,1.43,1.52,221,,
2018-02-13,OBFR,1.42,1.35,1.41,1.43,1.52,222,,
2018-02-14,OBFR,1.42,1.25,1.41,1.42,1.52,218,,
2018-02-15,OBFR,1.42,1.3,1.42,1.43,1.52,214,,
2018-02-16,OBFR,1.42,1.3,1.41,1.42,1.52,210,,
2018-02-20,OBFR,1.42,1.35,1.41,1.43,1.52,196,,
2018-02-21,OBFR,1.42,1.3,1.41,1.42,1.52,200,,
2018-02-22,OBFR,1.42,1.3,1.41,1.42,1.52,205,,
2018-02-23,OBFR,1.42,0.65,1.41,1.43,1.54,216,,
2018-02-26,OBFR,1.42,1.3,1.41,1.43,1.52,208,,
2018-02-27,OBFR,1.42,1.3,1.41,1.43,1.52,214,,
2018-02-28,OBFR,1.35,1.29,1.34,1.35,1.52,204,,
2018-03-01,OBFR,1.42,1.3,1.41,1.43,1.52,210,,
2018-03-02,OBFR,1.42,1.3,1.41,1.43,1.52,214,,
2018-03-05,OBFR,1.42,1.3,1.41,1.43,1.52,214,,
2018-03-06,OBFR,1.42,1.3,1.41,1.43,1.52,212,,
2018-03-07,OBFR,1.42,1.25,1.41,1.43,1.52,212,,
2018-03-08,OBFR,1.42,1.3,1.41,1.43,1.52,209,,
2018-03-09,OBFR,1.42,1.3,1.42,1.43,1.52,192,,
2018-03-12,OBFR,1.42,1.3,1.42,1.43,1.52,204,,
2018-03-13,OBFR,1.42,1.3,1.42,1.43,1.52,188,,
2018-03-14,OBFR,1.42,1.35,1.42,1.43,1.52,198,,
2018-03-15,OBFR,1.42,1.3,1.42,1.44,1.55,171,,
2018-03-16,OBFR,1.43,1.32,1.42,1.44,1.56,188,,
2018-03-19,OBFR,1.43,1.35,1.42,1.44,1.56,174,,
2018-03-20,OBFR,1.43,1.35,1.42,1.45,1.56,178,,
2018-03-21,OBFR,1.43,1.35,1.43,1.45,1.52,184,,
2018-03-22,OBFR,1.68,1.55,1.67,1.69,2.05,163,,
2018-03-23,OBFR,1.68,0.7,1.67,1.69,1.8,158,,
2018-03-26,OBFR,1.68,1.4,1.67,1.69,1.8,162,,
2018-03-27,OBFR,1.68,1.58,1.68,1.69,1.8,168,,
2018-03-28,OBFR,1.68,1.56,1.67,1.69,1.77,169,,
2018-03-29,OBFR,1.68,1.4,1.68,1.69,1.8,102,,
2018-03-30,OBFR,1.67,1.4,1.67,1.69,1.81,104,,
2018-04-02,OBFR,1.68,1.4,1.68,1.69,1.8,160,,
2018-04-03,OBFR,1.68,1.22,1.68,1.69,1.77,177,,
2018-04-04,OBFR,1.69,1.55,1.68,1.7,1.8,176,,
2018-04-05,OBFR,1.69,1.4,1.68,1.7,1.8,173,,
2018-04-06,OBFR,1.69,1.15,1.68,1.7,1.8,154,,
2018-04-09,OBFR,1.69,1.15,1.68,1.7,1.8,153,,
2018-04-10,OBFR,1.69,1.15,1.68,1.7,1.78,155,,
2018-04-11,OBFR,1.69,1.4,1.68,1.7,1.77,156,,
2018-04-12,OBFR,1.69,1.58,1.68,1.7,1.8,160,,
2018-04-13,OBFR,1.69,1.4,1.68,1.7,1.8,144,,
2018-04-16,OBFR,1.69,1.6,1.68,1.7,1.81,166,,
2018-04-17,OBFR,1.69,0.9,1.68,1.7,1.8,143,,
2018-04-18,OBFR,1.69,1.4,1.68,1.7,1.8,144,,
2018-04-19,OBFR,1.69,1.4,1.68,1.7,1.8,148,,
2018-04-20,OBFR,1.69,1.15,1.68,1.7,1.8,154,,
2018-04-23,OBFR,1.69,0.9,1.68,1.7,1.81,152,,
2018-04-24,OBFR,1.69,0.7,1.68,1.71,1.81,149,,
2018-04-25,OBFR,1.69,1.6,1.68,1.71,1.8,146,,
2018-04-26,OBFR,1.69,1.4,1.68,1.71,1.8,155,,
2018-04-27,OBFR,1.69,1.4,1.68,1.7,1.8,158,,
2018-04-30,OBFR,1.69,1.56,1.68,1.7,1.81,163,,
2018-05-01,OBFR,1.69,1.4,1.68,1.7,1.8,151,,
2018-05-02,OBFR,1.69,1.4,1.68,1.7,1.8,161,,
2018-05-03,OBFR,1.69,1.4,1.69,1.71,1.8,162,,
2018-05-04,OBFR,1.7,1.4,1.69,1.71,1.8,160,,
2018-05-07,OBFR,1.7,1.4,1.69,1.71,1.8,173,,
2018-05-08,OBFR,1.7,1.4,1.69,1.71,1.8,169,,
2018-05-09,OBFR,1.7,1.4,1.69,1.71,1.8,169,,
2018-05-10,OBFR,1.7,1.4,1.68,1.71,1.8,173,,
2018-05-11,OBFR,1.7,1.4,1.69,1.71,1.8,171,,
2018-05-14,OBFR,1.7,1.4,1.69,1.71,1.8,161,,
2018-05-15,OBFR,1.7,1.4,1.69,1.71,1.8,160,,
2018-05-16,OBFR,1.7,1.4,1.69,1.71,1.8,160,,
2018-05-17,OBFR,1.7,1.4,1.69,1.71,1.8,157,,
2018-05-18,OBFR,1.7,1.4,1.69,1.72,1.8,153,,
2018-05-21,OBFR,1.7,1.4,1.69,1.72,1.81,160,,
2018-05-22,OBFR,1.7,1.6,1.69,1.71,1.8,167,,
2018-05-23,OBFR,1.7,1.63,1.69,1.71,1.83,167,,
2018-05-24,OBFR,1.7,0.7,1.69,1.71,1.8,168,,
2018-05-25,OBFR,1.7,1.4,1.69,1.71,1.8,167,,
2018-05-29,OBFR,1.7,1.58,1.69,1.71,1.81,163,,
2018-05-30,OBFR,1.7,1.55,1.69,1.71,1.8,153,,
2018-05-31,OBFR,1.7,1.4,1.69,1.7,1.8,155,,
2018-06-01,OBFR,1.7,1.4,1.69,1.71,1.8,162,,
2018-06-04,OBFR,1.7,1.4,1.69,1.7,1.8,168,,
2018-06-05,OBFR,1.7,1.4,1.69,1.7,1.8,168,,
2018-06-06,OBFR,1.7,1.55,1.69,1.71,1.78,176,,
2018-06-07,OBFR,1.7,1.35,1.69,1.7,1.8,162,,
2018-06-08,OBFR,1.7,1.55,1.69,1.7,1.8,165,,
2018-06-11,OBFR,1.7,1.45,1.69,1.71,1.8,146,,
2018-06-12,OBFR,1.7,1.4,1.69,1.71,1.78,166,,
2018-06-13,OBFR,1.7,1.5,1.69,1.71,1.8,163,,
2018-06-14,OBFR,1.9,1.6,1.89,1.91,2.02,163,,
2018-06-15,OBFR,1.9,1.6,1.89,1.91,2.02,148,,
2018-06-18,OBFR,1.9,1.6,1.89,1.91,2.02,135,,
2018-06-19,OBFR,1.9,1.6,1.89,1.92,2.02,135,,
2018-06-20,OBFR,1.91,1.75,1.9,1.93,2.02,145,,
2018-06-21,OBFR,1.91,1.8,1.9,1.92,2.02,157,,
2018-06-22,OBFR,1.91,0.85,1.9,1.92,2.02,161,,
2018-06-25,OBFR,1.91,1.8,1.9,1.92,2.02,156,,
2018-06-26,OBFR,1.91,1.79,1.9,1.92,2.02,158,,
2018-06-27,OBFR,1.91,1.75,1.9,1.92,2.02,162,,
2018-06-28,OBFR,1.91,1.83,1.9,1.92,2.02,159,,
2018-06-29,OBFR,1.9,1.75,1.89,1.91,2.02,152,,
2018-07-02,OBFR,1.91,1.6,1.9,1.92,2.02,155,,
2018-07-03,OBFR,1.91,1.79,1.9,1.91,2.02,165,,
2018-07-05,OBFR,1.91,1.79,1.9,1.91,2.02,159,,
2018-07-06,OBFR,1.91,1.75,1.9,1.91,2.02,157,,
2018-07-09,OBFR,1.91,1.8,1.9,1.91,2.02,159,,
2018-07-10,OBFR,1.91,1.79,1.9,1.91,2.02,167,,
2018-07-11,OBFR,1.91,1.79,1.9,1.91,2.02,163,,
2018-07-12,OBFR,1.91,1.65,1.9,1.91,2.02,167,,
2018-07-13,OBFR,1.91,1.6,1.9,1.91,2.02,156,,
2018-07-16,OBFR,1.91,1.6,1.9,1.91,2.02,160,,
2018-07-17,OBFR,1.91,1.6,1.9,1.91,2.02,157,,
2018-07-18,OBFR,1.91,1.7,1.9,1.91,2.02,168,,
2018-07-19,OBFR,1.91,1.6,1.9,1.91,2.02,161,,
2018-07-20,OBFR,1.91,1.7,1.9,1.91,2.02,162,,
2018-07-23,OBFR,1.91,1.6,1.9,1.91,2.02,162,,
2018-07-24,OBFR,1.91,0.85,1.9,1.91,2.02,164,,
2018-07-25,OBFR,1.91,1.8,1.9,1.91,2.02,164,,
2018-07-26,OBFR,1.91,1.74,1.9,1.91,2.02,157,,
2018-07-27,OBFR,1.91,1.8,1.9,1.91,2.02,162,,
2018-07-30,OBFR,1.91,1.6,1.9,1.91,2.02,161,,
2018-07-31,OBFR,1.9,1.6,1.9,1.91,2.02,151,,
2018-08-01,OBFR,1.9,1.75,1.9,1.91,2.02,159,,
2018-08-02,OBFR,1.91,1.79,1.9,1.91,2.05,161,,
2018-08-03,OBFR,1.9,1.6,1.9,1.91,2.02,164,,
2018-08-06,OBFR,1.91,1.6,1.9,1.91,2.02,167,,
2018-08-07,OBFR,1.91,1.6,1.9,1.91,2.02,160,,
2018-08-08,OBFR,1.91,1.75,1.9,1.91,2.02,161,,
2018-08-09,OBFR,1.91,1.6,1.9,1.92,2.02,155,,
2018-08-10,OBFR,1.91,1.75,1.9,1.91,2.02,166,,
2018-08-13,OBFR,1.91,1.6,1.9,1.92,2.02,151,,
2018-08-14,OBFR,1.91,1.6,1.9,1.92,2.02,135,,
2018-08-15,OBFR,1.91,1.6,1.9,1.92,2.02,141,,
2018-08-16,OBFR,1.91,1.75,1.9,1.93,2.02,134,,
2018-08-17,OBFR,1.91,1.6,1.9,1.93,2.02,127,,
2018-08-20,OBFR,1.91,1.6,1.9,1.92,2.06,126,,
2018-08-21,OBFR,1.91,1.6,1.9,1.93,2.02,130,,
2018-08-22,OBFR,1.91,1.6,1.9,1.93,2.02,138,,
2018-08-23,OBFR,1.91,1.6,1.9,1.93,2.03,135,,
2018-08-24,OBFR,1.91,1.6,1.9,1.93,2.02,131,,
2018-08-27,OBFR,1.91,1.6,1.9,1.93,2.03,133,,
2018-08-28,OBFR,1.91,1.6,1.9,1.93,2.02,137,,
2018-08-29,OBFR,1.91,1.6,1.91,1.93,2.02,133,,
2018-08-30,OBFR,1.91,1.6,1.91,1.93,2.05,137,,
2018-08-31,OBFR,1.91,1.6,1.9,1.92,2.03,146,,
2018-09-04,OBFR,1.91,1.6,1.91,1.93,2.02,137,,
2018-09-05,OBFR,1.91,1.8,1.91,1.92,2.02,147,,
2018-09-06,OBFR,1.91,1.6,1.91,1.93,2.03,142,,
2018-09-07,OBFR,1.91,1.6,1.9,1.92,2.02,144,,
2018-09-10,OBFR,1.91,1.6,1.91,1.93,2.02,139,,
2018-09-11,OBFR,1.91,1.6,1.9,1.93,2.03,147,,
2018-09-12,OBFR,1.92,1.6,1.91,1.93,2.03,146,,
2018-09-13,OBFR,1.91,1.8,1.91,1.92,2.03,140,,
2018-09-14,OBFR,1.91,1.6,1.9,1.92,2.06,132,,
2018-09-17,OBFR,1.91,1.6,1.91,1.93,2.06,118,,
2018-09-18,OBFR,1.91,1.6,1.91,1.93,2.06,125,,
2018-09-19,OBFR,1.92,1.72,1.91,1.93,2.06,133,,
2018-09-20,OBFR,1.92,1.6,1.91,1.93,2.06,137,,
2018-09-21,OBFR,1.92,1.6,1.91,1.93,2.06,138,,
2018-09-24,OBFR,1.92,1.7,1.91,1.93,2.06,142,,
2018-09-25,OBFR,1.92,1.6,1.91,1.93,2.05,150,,
2018-09-26,OBFR,1.92,1.6,1.91,1.93,2.05,144,,
2018-09-27,OBFR,2.17,1.85,2.16,2.18,2.3,144,,
2018-09-28,OBFR,2.17,1.85,2.16,2.18,2.35,145,,
2018-10-01,OBFR,2.17,1.85,2.16,2.18,2.35,131,,
2018-10-02,OBFR,2.17,1.85,2.16,2.18,2.35,133,,
2018-10-03,OBFR,2.17,1.85,2.16,2.19,2.31,133,,
2018-10-04,OBFR,2.18,1.85,2.16,2.18,2.32,132,,
2018-10-05,OBFR,2.18,1.85,2.16,2.19,2.35,123,,
2018-10-09,OBFR,2.18,1.4,2.16,2.18,2.35,127,,
2018-10-10,OBFR,2.18,1.85,2.17,2.19,2.27,133,,
2018-10-11,OBFR,2.18,1.85,2.17,2.19,2.35,135,,
2018-10-12,OBFR,2.18,1.85,2.17,2.18,2.35,129,,
2018-10-15,OBFR,2.18,1.8,2.17,2.19,2.35,119,,
2018-10-16,OBFR,2.18,1.85,2.17,2.19,2.35,120,,
2018-10-17,OBFR,2.18,1.85,2.17,2.19,2.35,125,,
2018-10-18,OBFR,2.18,1.8,2.17,2.19,2.34,123,,
2018-10-19,OBFR,2.18,1.8,2.17,2.19,2.35,121,,
2018-10-22,OBFR,2.18,1.85,2.17,2.19,2.35,127,,
2018-10-23,OBFR,2.18,1.85,2.18,2.2,2.35,132,,
2018-10-24,OBFR,2.18,2.05,2.17,2.2,2.35,137,,
2018-10-25,OBFR,2.19,1.85,2.18,2.2,2.35,135,,
2018-10-26,OBFR,2.19,1.95,2.18,2.2,2.35,140,,
2018-10-29,OBFR,2.19,1.85,2.18,2.2,2.35,138,,
2018-10-30,OBFR,2.19,2.05,2.18,2.2,2.35,137,,
2018-10-31,OBFR,2.19,1.85,2.18,2.2,2.35,135,,
2018-11-01,OBFR,2.19,1.85,2.18,2.2,2.35,140,,
2018-11-02,OBFR,2.19,2.05,2.18,2.2,2.35,154,,
2018-11-05,OBFR,2.19,1.85,2.18,2.2,2.35,148,,
2018-11-06,OBFR,2.19,1.85,2.18,2.2,2.35,149,,
2018-11-07,OBFR,2.19,2.05,2.18,2.2,2.35,150,,
2018-11-08,OBFR,2.19,1.85,2.18,2.2,2.35,137,,
2018-11-09,OBFR,2.19,2.07,2.18,2.2,2.35,137,,
2018-11-13,OBFR,2.19,1.4,2.18,2.2,2.35,126,,
2018-11-14,OBFR,2.19,2.05,2.18,2.2,2.35,138,,
2018-11-15,OBFR,2.19,1.85,2.18,2.2,2.35,131,,
2018-11-16,OBFR,2.19,1.85,2.18,2.2,2.35,137,,
2018-11-19,OBFR,2.19,1.85,2.18,2.2,2.35,148,,
2018-11-20,OBFR,2.19,1.85,2.18,2.2,2.35,140,,
2018-11-21,OBFR,2.19,2.08,2.18,2.2,2.35,124,,
2018-11-23,OBFR,2.19,2.1,2.18,2.2,2.35,129,,
2018-11-26,OBFR,2.19,2.08,2.18,2.2,2.35,142,,
2018-11-27,OBFR,2.19,2.08,2.18,2.2,2.35,132,,
2018-11-28,OBFR,2.19,2.03,2.18,2.2,2.35,132,,
2018-11-29,OBFR,2.19,2.08,2.18,2.2,2.35,134,,
2018-11-30,OBFR,2.19,2.08,2.18,2.2,2.35,146,,
2018-12-03,OBFR,2.19,2.08,2.18,2.2,2.35,149,,
2018-12-04,OBFR,2.19,1.53,2.19,2.2,2.35,120,,
2018-12-05,OBFR,2.19,2.03,2.18,2.2,2.35,105,,
2018-12-06,OBFR,2.19,2.08,2.18,2.2,2.35,140,,
2018-12-07,OBFR,2.19,2.08,2.17,2.2,2.35,147,,
2018-12-10,OBFR,2.19,2.08,2.18,2.2,2.35,151,,
2018-12-11,OBFR,2.19,2.09,2.18,2.2,2.35,152,,
2018-12-12,OBFR,2.19,2.09,2.18,2.2,2.35,155,,
2018-12-13,OBFR,2.19,2.07,2.18,2.2,2.35,143,,
2018-12-14,OBFR,2.19,2.08,2.18,2.2,2.35,122,,
2018-12-17,OBFR,2.19,2.08,2.18,2.2,2.35,124,,
2018-12-18,OBFR,2.19,2.08,2.18,2.2,2.35,127,,
2018-12-19,OBFR,2.19,2.09,2.18,2.2,2.35,141,,
2018-12-20,OBFR,2.4,2.29,2.38,2.4,2.6,123,,
2018-12-21,OBFR,2.4,2.3,2.38,2.4,2.6,139,,
2018-12-24,OBFR,2.4,2.3,2.38,2.4,2.6,127,,
2018-12-26,OBFR,2.4,2.29,2.38,2.4,2.6,136,,
2018-12-27,OBFR,2.4,2.3,2.38,2.4,2.6,154,,
2018-12-28,OBFR,2.39,2.25,2.37,2.4,2.6,136,,
2018-12-31,OBFR,2.4,2.15,2.36,2.41,2.6,102,,
2019-01-02,OBFR,2.4,2.29,2.38,2.4,2.6,116,,
2019-01-03,OBFR,2.4,2.29,2.38,2.4,2.6,136,,
2019-01-04,OBFR,2.4,2.29,2.38,2.4,2.6,143,,
2019-01-07,OBFR,2.4,2.29,2.38,2.4,2.6,149,,
2019-01-08,OBFR,2.4,2.3,2.38,2.4,2.6,146,,
2019-01-09,OBFR,2.4,2.3,2.38,2.4,2.6,144,,
2019-01-10,OBFR,2.39,2.3,2.38,2.4,2.6,139,,
2019-01-11,OBFR,2.39,2.29,2.38,2.4,2.6,134,,
2019-01-14,OBFR,2.39,2.29,2.38,2.4,2.6,135,,
2019-01-15,OBFR,2.39,2.29,2.38,2.4,2.6,126,,
2019-01-16,OBFR,2.4,2.27,2.38,2.4,2.6,135,,
2019-01-17,OBFR,2.4,2.3,2.38,2.4,2.6,129,,
2019-01-18,OBFR,2.4,2.27,2.38,2.4,2.6,125,,
2019-01-22,OBFR,2.39,2.28,2.37,2.4,2.6,121,,
2019-01-23,OBFR,2.39,2.3,2.38,2.4,2.6,133,,
2019-01-24,OBFR,2.39,2.3,2.38,2.4,2.6,132,,
2019-01-25,OBFR,2.39,2.3,2.38,2.4,2.6,137,,
2019-01-28,OBFR,2.39,2.29,2.38,2.4,2.6,141,,
2019-01-29,OBFR,2.39,2.27,2.38,2.4,2.6,128,,
2019-01-30,OBFR,2.39,2.27,2.38,2.4,2.6,130,,
2019-01-31,OBFR,2.4,2.29,2.38,2.4,2.6,122,,
2019-02-01,OBFR,2.4,2.29,2.38,2.4,2.6,138,,
2019-02-04,OBFR,2.39,2.3,2.38,2.4,2.6,153,,
2019-02-05,OBFR,2.39,2.3,2.38,2.4,2.6,147,,
2019-02-06,OBFR,2.39,2.3,2.38,2.4,2.52,155,,
2019-02-07,OBFR,2.39,2.3,2.38,2.4,2.6,147,,
2019-02-08,OBFR,2.39,2.29,2.38,2.4,2.6,152,,
2019-02-11,OBFR,2.4,2.29,2.38,2.4,2.6,134,,
2019-02-12,OBFR,2.4,2.29,2.38,2.4,2.6,132,,
2019-02-13,OBFR,2.4,2.29,2.38,2.4,2.6,131,,
2019-02-14,OBFR,2.4,2.25,2.38,2.4,2.55,131,,
2019-02-15,OBFR,2.4,2.25,2.38,2.4,2.6,125,,
2019-02-19,OBFR,2.4,2.25,2.38,2.41,2.6,124,,
2019-02-20,OBFR,2.4,2.25,2.38,2.41,2.6,128,,
2019-02-21,OBFR,2.4,2.27,2.38,2.4,2.6,134,,
2019-02-22,OBFR,2.4,2.27,2.38,2.4,2.55,139,,
2019-02-25,OBFR,2.4,2.25,2.38,2.4,2.55,142,,
2019-02-26,OBFR,2.4,2.25,2.38,2.4,2.6,141,,
2019-02-27,OBFR,2.4,2.1,2.38,2.4,2.54,149,,
2019-02-28,OBFR,2.4,2.28,2.38,2.41,2.6,138,,
2019-03-01,OBFR,2.4,2.25,2.38,2.4,2.55,154,,
2019-03-04,OBFR,2.4,2.29,2.38,2.4,2.55,156,,
2019-03-05,OBFR,2.4,2.29,2.38,2.4,2.55,152,,
2019-03-06,OBFR,2.4,2.27,2.38,2.4,2.54,148,,
2019-03-07,OBFR,2.4,2.28,2.38,2.4,2.55,141,,
2019-03-08,OBFR,2.4,2.25,2.38,2.4,2.52,142,,
2019-03-11,OBFR,2.4,2.29,2.38,2.4,2.52,144,,
2019-03-12,OBFR,2.4,2.28,2.38,2.4,2.52,143,,
2019-03-13,OBFR,2.4,2.27,2.38,2.4,2.52,144,,
2019-03-14,OBFR,2.4,2.28,2.38,2.4,2.54,141,,
2019-03-15,OBFR,2.4,2.27,2.38,2.41,2.54,124,,
2019-03-18,OBFR,2.4,2.28,2.38,2.4,2.55,121,,
2019-03-19,OBFR,2.4,2.17,2.39,2.41,2.55,109,,
2019-03-20,OBFR,2.4,2.26,2.39,2.41,2.55,124,,
2019-03-21,OBFR,2.4,2.25,2.39,2.41,2.55,115,,
2019-03-22,OBFR,2.4,2.28,2.38,2.41,2.55,123,,
2019-03-25,OBFR,2.4,2.25,2.38,2.41,2.55,129,,
2019-03-26,OBFR,2.4,2.25,2.39,2.41,2.55,124,,
2019-03-27,OBFR,2.4,2.17,2.39,2.41,2.53,121,,
2019-03-28,OBFR,2.4,2.17,2.38,2.41,2.55,127,,
2019-03-29,OBFR,2.41,2.17,2.4,2.43,2.6,123,,
2019-04-01,OBFR,2.4,2.17,2.39,2.41,2.55,110,,
2019-04-02,OBFR,2.4,2.17,2.4,2.41,2.55,128,,
2019-04-03,OBFR,2.4,2.2,2.4,2.41,2.55,128,,
2019-04-04,OBFR,2.4,2.25,2.4,2.41,2.53,131,,
2019-04-05,OBFR,2.4,2.17,2.4,2.41,2.52,124,,
2019-04-08,OBFR,2.4,2.17,2.4,2.41,2.52,126,,
2019-04-09,OBFR,2.4,2.17,2.4,2.41,2.52,129,,
2019-04-10,OBFR,2.4,2.2,2.4,2.41,2.52,125,,
2019-04-11,OBFR,2.4,2.17,2.4,2.41,2.55,123,,
2019-04-12,OBFR,2.4,2.17,2.4,2.41,2.55,113,,
2019-04-15,OBFR,2.4,2.17,2.4,2.41,2.55,103,,
2019-04-16,OBFR,2.4,2.17,2.4,2.41,2.55,101,,
2019-04-17,OBFR,2.41,2.17,2.4,2.43,2.55,100,,
2019-04-18,OBFR,2.42,2.17,2.4,2.43,2.55,74,,
2019-04-19,OBFR,2.43,2.17,2.41,2.44,2.55,72,,
2019-04-22,OBFR,2.42,2.17,2.4,2.44,2.55,110,,
2019-04-23,OBFR,2.42,2.17,2.4,2.45,2.55,106,,
2019-04-24,OBFR,2.42,2.17,2.4,2.45,2.57,112,,
2019-04-25,OBFR,2.42,2.17,2.4,2.45,2.55,118,,
2019-04-26,OBFR,2.43,2.17,2.4,2.45,2.55,122,,
2019-04-29,OBFR,2.42,2.17,2.4,2.45,2.55,119,,
2019-04-30,OBFR,2.45,2.17,2.4,2.45,2.55,117,,
2019-05-01,OBFR,2.44,2.28,2.4,2.45,2.55,155,,
2019-05-02,OBFR,2.4,2.25,2.35,2.41,2.55,170,,
2019-05-03,OBFR,2.4,2.29,2.35,2.41,2.52,156,,
2019-05-06,OBFR,2.38,2.25,2.35,2.4,2.52,160,,
2019-05-07,OBFR,2.38,2.25,2.35,2.4,2.52,160,,
2019-05-08,OBFR,2.38,2.24,2.35,2.4,2.52,158,,
2019-05-09,OBFR,2.37,2.25,2.35,2.4,2.52,154,,
2019-05-10,OBFR,2.37,2.23,2.35,2.39,2.52,156,,
2019-05-13,OBFR,2.36,2.25,2.35,2.38,2.52,161,,
2019-05-14,OBFR,2.37,2.23,2.35,2.38,2.52,143,,
2019-05-15,OBFR,2.39,2.2,2.35,2.4,2.52,148,,
2019-05-16,OBFR,2.38,2.25,2.35,2.4,2.52,160,,
2019-05-17,OBFR,2.37,2.25,2.35,2.4,2.52,167,,
2019-05-20,OBFR,2.38,2.17,2.35,2.39,2.52,152,,
2019-05-21,OBFR,2.37,2.25,2.35,2.39,2.52,169,,
2019-05-22,OBFR,2.37,2.2,2.35,2.39,2.52,172,,
2019-05-23,OBFR,2.36,2.25,2.35,2.38,2.52,169,,
2019-05-24,OBFR,2.37,2.2,2.35,2.38,2.52,161,,
2019-05-28,OBFR,2.37,2.2,2.35,2.39,2.52,161,,
2019-05-29,OBFR,2.37,2.25,2.35,2.39,2.52,161,,
2019-05-30,OBFR,2.37,2.17,2.35,2.39,2.52,158,,
2019-05-31,OBFR,2.38,2.17,2.35,2.4,2.58,156,,
2019-06-03,OBFR,2.37,2.25,2.35,2.39,2.52,158,,
2019-06-04,OBFR,2.37,2.25,2.35,2.38,2.52,164,,
2019-06-05,OBFR,2.37,2.25,2.35,2.38,2.52,164,,
2019-06-06,OBFR,2.36,2.2,2.34,2.38,2.52,176,,
2019-06-07,OBFR,2.36,2.24,2.34,2.38,2.52,163,,
2019-06-10,OBFR,2.37,2.2,2.34,2.38,2.52,158,,
2019-06-11,OBFR,2.36,2.24,2.33,2.38,2.51,174,,
2019-06-12,OBFR,2.35,2.24,2.34,2.37,2.52,175,,
2019-06-13,OBFR,2.35,2.24,2.33,2.37,2.52,180,,
2019-06-14,OBFR,2.35,2.25,2.34,2.37,2.52,169,,
2019-06-17,OBFR,2.37,2.17,2.35,2.38,2.52,147,,
2019-06-18,OBFR,2.37,2.17,2.34,2.38,2.52,159,,
2019-06-19,OBFR,2.36,2.2,2.34,2.38,2.52,163,,
2019-06-20,OBFR,2.36,2.2,2.34,2.38,2.52,165,,
2019-06-21,OBFR,2.37,2.22,2.34,2.38,2.52,167,,
2019-06-24,OBFR,2.37,2.2,2.34,2.38,2.52,164,,
2019-06-25,OBFR,2.37,2.2,2.35,2.39,2.52,164,,
2019-06-26,OBFR,2.37,2.2,2.35,2.39,2.52,172,,
2019-06-27,OBFR,2.36,2.25,2.34,2.39,2.51,180,,
2019-06-28,OBFR,2.38,2.2,2.35,2.4,2.52,153,,
2019-07-01,OBFR,2.38,2.17,2.35,2.4,2.52,161,,
2019-07-02,OBFR,2.4,2.25,2.35,2.41,2.53,170,,
2019-07-03,OBFR,2.4,2.23,2.35,2.42,2.58,156,,
2019-07-05,OBFR,2.4,2.25,2.35,2.42,2.62,163,,
2019-07-08,OBFR,2.4,2.25,2.35,2.42,2.52,167,,
2019-07-09,OBFR,2.4,2.25,2.35,2.42,2.52,176,,
2019-07-10,OBFR,2.4,2.2,2.35,2.42,2.52,167,,
2019-07-11,OBFR,2.38,2.23,2.35,2.41,2.5,172,,
2019-07-12,OBFR,2.37,2.17,2.35,2.39,2.5,156,,
2019-07-15,OBFR,2.39,2.17,2.35,2.4,2.5,146,,
2019-07-16,OBFR,2.4,2.17,2.35,2.42,2.5,149,,
2019-07-17,OBFR,2.39,2.17,2.35,2.42,2.52,158,,
2019-07-18,OBFR,2.38,2.17,2.35,2.42,2.51,163,r,
2019-07-19,OBFR,2.4,2.17,2.35,2.41,2.5,148,,
2019-07-22,OBFR,2.4,2.17,2.35,2.41,2.52,155,,
2019-07-23,OBFR,2.39,2.17,2.35,2.41,2.52,157,,
2019-07-24,OBFR,2.38,2.17,2.35,2.41,2.52,165,,
2019-07-25,OBFR,2.37,2.17,2.34,2.41,2.52,175,,
2019-07-26,OBFR,2.37,2.17,2.34,2.4,2.5,182,,
2019-07-29,OBFR,2.37,2.17,2.34,2.4,2.5,181,,
2019-07-30,OBFR,2.37,2.17,2.34,2.4,2.52,182,,
2019-07-31,OBFR,2.37,2.17,2.34,2.41,2.57,180,,
2019-08-01,OBFR,2.12,1.87,2.09,2.15,2.25,184,,
2019-08-02,OBFR,2.1,1.87,2.08,2.15,2.24,185,,
2019-08-05,OBFR,2.1,1.87,2.09,2.14,2.27,183,,
2019-08-06,OBFR,2.11,1.87,2.1,2.13,2.25,175,,
2019-08-07,OBFR,2.1,1.95,2.08,2.12,2.2,188,,
2019-08-08,OBFR,2.1,1.9,2.08,2.12,2.25,182,,
2019-08-09,OBFR,2.1,1.9,2.08,2.12,2.25,187,,
2019-08-12,OBFR,2.1,1.87,2.08,2.12,2.27,184,,
2019-08-13,OBFR,2.11,1.9,2.09,2.13,2.27,174,,
2019-08-14,OBFR,2.1,1.87,2.09,2.13,2.27,167,,
2019-08-15,OBFR,2.1,1.87,2.08,2.13,2.22,171,,
2019-08-16,OBFR,2.11,1.9,2.09,2.13,2.2,172,,
2019-08-19,OBFR,2.1,1.87,2.09,2.13,2.19,175,,
2019-08-20,OBFR,2.1,1.9,2.08,2.13,2.19,174,,
2019-08-21,OBFR,2.11,1.95,2.09,2.12,2.18,185,,
2019-08-22,OBFR,2.1,2.0,2.08,2.12,2.18,186,,
2019-08-23,OBFR,2.1,1.9,2.08,2.12,2.18,173,,
2019-08-26,OBFR,2.1,1.9,2.09,2.12,2.18,171,,
2019-08-27,OBFR,2.11,1.87,2.09,2.13,2.2,171,,
2019-08-28,OBFR,2.11,1.87,2.08,2.13,2.2,167,,
2019-08-29,OBFR,2.1,1.87,2.08,2.13,2.2,167,,
2019-08-30,OBFR,2.11,1.9,2.08,2.13,2.35,179,,
2019-09-03,OBFR,2.12,1.87,2.09,2.14,2.2,163,,
2019-09-04,OBFR,2.11,1.87,2.09,2.14,2.22,163,,
2019-09-05,OBFR,2.11,1.87,2.09,2.14,2.22,165,,
2019-09-06,OBFR,2.11,1.87,2.09,2.13,2.18,160,,
2019-09-09,OBFR,2.11,1.87,2.09,2.13,2.2,155,,
2019-09-10,OBFR,2.11,1.87,2.09,2.14,2.2,144,,
2019-09-11,OBFR,2.11,1.87,2.09,2.13,2.2,156,,
2019-09-12,OBFR,2.13,1.87,2.1,2.14,2.23,142,,
2019-09-13,OBFR,2.14,1.87,2.11,2.15,2.22,123,,
2019-09-16,OBFR,2.18,1.87,2.15,2.4,3.3,110,,
2019-09-17,OBFR,2.25,1.87,2.1,2.5,5.55,141,,
2019-09-18,OBFR,2.18,1.87,2.09,2.25,2.6,158,,
2019-09-19,OBFR,1.85,1.66,1.8,1.9,2.1,160,,
2019-09-20,OBFR,1.85,1.7,1.8,1.9,2.1,162,,
2019-09-23,OBFR,1.85,1.66,1.8,1.9,2.0,158,,
2019-09-24,OBFR,1.85,1.66,1.8,1.9,2.05,159,,
2019-09-25,OBFR,1.85,1.7,1.8,1.92,2.03,171,,
2019-09-26,OBFR,1.83,1.69,1.79,1.88,2.0,181,,
2019-09-27,OBFR,1.82,1.68,1.79,1.85,2.0,183,,
2019-09-30,OBFR,1.9,1.66,1.83,1.95,2.39,140,,
2019-10-01,OBFR,1.85,1.66,1.8,1.88,2.0,160,,
2019-10-02,OBFR,1.84,1.7,1.79,1.87,1.98,182,,
2019-10-03,OBFR,1.82,1.7,1.79,1.86,1.98,176,,
2019-10-04,OBFR,1.81,1.66,1.79,1.83,1.97,173,,
2019-10-07,OBFR,1.8,1.66,1.79,1.83,1.94,172,,
2019-10-08,OBFR,1.8,1.66,1.79,1.83,1.94,157,,
2019-10-09,OBFR,1.8,1.66,1.79,1.83,1.95,153,,
2019-10-10,OBFR,1.81,1.66,1.79,1.83,1.95,153,,
2019-10-11,OBFR,1.81,1.66,1.8,1.83,1.95,150,,
2019-10-15,OBFR,1.9,1.66,1.85,1.9,2.0,158,,
2019-10-16,OBFR,1.88,1.7,1.8,1.93,2.06,181,,
2019-10-17,OBFR,1.85,1.66,1.79,1.88,2.0,165,,
2019-10-18,OBFR,1.83,1.7,1.8,1.85,1.95,160,,
2019-10-21,OBFR,1.82,1.7,1.8,1.85,1.93,163,,
2019-10-22,OBFR,1.83,1.7,1.79,1.85,1.98,173,,
2019-10-23,OBFR,1.82,1.68,1.79,1.85,1.95,175,,
2019-10-24,OBFR,1.82,1.66,1.79,1.85,1.95,173,,
2019-10-25,OBFR,1.81,1.7,1.79,1.84,1.95,180,,
2019-10-28,OBFR,1.8,1.66,1.79,1.83,1.95,183,,
2019-10-29,OBFR,1.8,1.7,1.79,1.83,1.95,174,,
2019-10-30,OBFR,1.8,1.68,1.79,1.83,2.0,178,,
2019-10-31,OBFR,1.57,1.43,1.55,1.6,1.8,172,,
2019-11-01,OBFR,1.56,1.43,1.55,1.57,1.7,176,,
2019-11-04,OBFR,1.55,1.45,1.53,1.57,1.65,205,,
2019-11-05,OBFR,1.55,1.45,1.53,1.56,1.75,192,,
2019-11-06,OBFR,1.55,1.45,1.53,1.56,1.7,181,,
2019-11-07,OBFR,1.55,1.42,1.53,1.56,1.75,168,,
2019-11-08,OBFR,1.55,1.41,1.53,1.56,1.75,168,,
2019-11-12,OBFR,1.55,1.41,1.53,1.56,1.75,161,,
2019-11-13,OBFR,1.55,1.44,1.53,1.56,1.75,172,,
2019-11-14,OBFR,1.55,1.41,1.53,1.56,1.75,155,,
2019-11-15,OBFR,1.55,1.41,1.53,1.56,1.75,159,,
2019-11-18,OBFR,1.55,1.41,1.53,1.56,1.75,160,,
2019-11-19,OBFR,1.55,1.45,1.54,1.56,1.75,156,,
2019-11-20,OBFR,1.55,1.45,1.54,1.56,1.75,168,,
2019-11-21,OBFR,1.55,1.47,1.53,1.56,1.71,175,,
2019-11-22,OBFR,1.55,1.48,1.54,1.56,1.65,164,,
2019-11-25,OBFR,1.55,1.47,1.53,1.55,1.75,179,,
2019-11-26,OBFR,1.54,1.45,1.53,1.55,1.67,171,,
2019-11-27,OBFR,1.54,1.45,1.53,1.55,1.7,154,,
2019-11-29,OBFR,1.55,1.48,1.53,1.58,1.68,183,,
2019-12-02,OBFR,1.55,1.45,1.54,1.57,1.7,162,,
2019-12-03,OBFR,1.55,1.45,1.53,1.56,1.75,160,,
2019-12-04,OBFR,1.54,1.45,1.53,1.55,1.7,170,,
2019-12-05,OBFR,1.54,1.45,1.53,1.55,1.75,165,,
2019-12-06,OBFR,1.54,1.45,1.53,1.55,1.75,184,,
2019-12-09,OBFR,1.54,1.45,1.53,1.55,1.75,175,,
2019-12-10,OBFR,1.54,1.45,1.53,1.55,1.75,184,,
2019-12-11,OBFR,1.54,1.45,1.53,1.55,1.75,179,,
2019-12-12,OBFR,1.54,1.45,1.53,1.55,1.75,179,,
2019-12-13,OBFR,1.54,1.45,1.53,1.55,1.75,161,,
2019-12-16,OBFR,1.55,1.45,1.53,1.59,1.75,170,,
2019-12-17,OBFR,1.54,1.47,1.53,1.55,1.75,166,,
2019-12-18,OBFR,1.54,1.45,1.53,1.55,1.7,185,,
2019-12-19,OBFR,1.54,1.45,1.53,1.55,1.75,178,,
2019-12-20,OBFR,1.54,1.47,1.53,1.55,1.75,179,,
2019-12-23,OBFR,1.54,1.47,1.53,1.55,1.65,191,,
2019-12-24,OBFR,1.54,1.5,1.53,1.55,1.65,195,,
2019-12-26,OBFR,1.54,1.47,1.53,1.55,1.65,208,,
2019-12-27,OBFR,1.54,1.45,1.53,1.55,1.75,188,,
2019-12-30,OBFR,1.54,1.45,1.53,1.55,1.75,196,,
2019-12-31,OBFR,1.55,1.0,1.53,1.58,1.75,99,,
2020-01-02,OBFR,1.54,1.46,1.53,1.55,1.7,170,,
2020-01-03,OBFR,1.54,1.45,1.53,1.55,1.65,187,,
2020-01-06,OBFR,1.54,1.45,1.53,1.55,1.65,178,,
2020-01-07,OBFR,1.54,1.45,1.53,1.55,1.65,182,,
2020-01-08,OBFR,1.54,1.48,1.53,1.55,1.67,186,,
2020-01-09,OBFR,1.54,1.48,1.53,1.55,1.66,192,,
2020-01-10,OBFR,1.54,1.5,1.53,1.55,1.65,192,,
2020-01-13,OBFR,1.54,1.48,1.53,1.55,1.65,190,,
2020-01-14,OBFR,1.54,1.48,1.53,1.55,1.67,179,,
2020-01-15,OBFR,1.54,1.47,1.53,1.55,1.75,174,,
2020-01-16,OBFR,1.54,1.5,1.53,1.55,1.75,177,,
2020-01-17,OBFR,1.54,1.47,1.53,1.55,1.75,162,,
2020-01-21,OBFR,1.54,1.45,1.53,1.55,1.65,164,,
2020-01-22,OBFR,1.54,1.45,1.53,1.55,1.75,176,,
2020-01-23,OBFR,1.54,1.47,1.53,1.55,1.7,175,,
2020-01-24,OBFR,1.54,1.5,1.53,1.55,1.65,179,,
2020-01-27,OBFR,1.54,1.48,1.53,1.55,1.65,185,,
2020-01-28,OBFR,1.54,1.47,1.53,1.55,1.7,176,,
2020-01-29,OBFR,1.54,1.47,1.53,1.55,1.7,184,,
2020-01-30,OBFR,1.58,1.49,1.57,1.6,1.7,176,,
2020-01-31,OBFR,1.58,1.5,1.57,1.6,1.7,193,,
2020-02-03,OBFR,1.58,1.5,1.57,1.6,1.68,188,,
2020-02-04,OBFR,1.58,1.5,1.57,1.59,1.68,202,,
2020-02-05,OBFR,1.58,1.5,1.57,1.59,1.7,199,,
2020-02-06,OBFR,1.58,1.5,1.57,1.59,1.7,192,,
2020-02-07,OBFR,1.58,1.5,1.57,1.59,1.7,194,,
2020-02-10,OBFR,1.58,1.5,1.57,1.59,1.7,185,,
2020-02-11,OBFR,1.58,1.45,1.57,1.58,1.69,179,,
2020-02-12,OBFR,1.58,1.47,1.57,1.58,1.69,181,,
2020-02-13,OBFR,1.58,1.48,1.57,1.58,1.7,170,,
2020-02-14,OBFR,1.58,1.49,1.57,1.59,1.7,148,,
2020-02-18,OBFR,1.58,1.41,1.57,1.59,1.72,153,,
2020-02-19,OBFR,1.58,1.41,1.57,1.59,1.7,162,,
2020-02-20,OBFR,1.58,1.49,1.57,1.59,1.69,163,,
2020-02-21,OBFR,1.58,1.5,1.57,1.58,1.69,174,,
2020-02-24,OBFR,1.58,1.47,1.57,1.59,1.69,172,,
2020-02-25,OBFR,1.58,1.45,1.57,1.59,1.69,157,,
2020-02-26,OBFR,1.58,1.45,1.57,1.59,1.7,155,,
2020-02-27,OBFR,1.58,1.5,1.57,1.58,1.7,165,,
2020-02-28,OBFR,1.58,1.49,1.57,1.59,1.7,154,,
2020-03-02,OBFR,1.58,1.4,1.57,1.59,1.7,149,,
2020-03-03,OBFR,1.58,1.4,1.57,1.6,1.7,158,,
2020-03-04,OBFR,1.08,1.0,1.07,1.1,1.2,194,,
2020-03-05,OBFR,1.08,1.0,1.07,1.09,1.2,176,,
2020-03-06,OBFR,1.08,1.0,1.08,1.09,1.2,163,,
2020-03-09,OBFR,1.08,0.95,1.08,1.1,1.2,178,,
2020-03-10,OBFR,1.09,0.95,1.08,1.1,1.2,169,,
2020-03-11,OBFR,1.09,0.97,1.08,1.1,1.2,176,,
2020-03-12,OBFR,1.1,0.97,1.08,1.12,1.2,152,,
2020-03-13,OBFR,1.1,0.9,1.08,1.12,1.3,153,,
2020-03-16,OBFR,0.15,0.05,0.09,0.4,1.0,186,,
2020-03-17,OBFR,0.2,0.05,0.09,0.3,1.5,201,,
2020-03-18,OBFR,0.2,0.05,0.08,0.3,1.0,198,,
2020-03-19,OBFR,0.12,0.05,0.08,0.25,0.51,228,,
2020-03-20,OBFR,0.15,0.05,0.08,0.25,0.6,215,,
2020-03-23,OBFR,0.1,0.05,0.08,0.2,0.5,212,,
2020-03-24,OBFR,0.1,0.05,0.08,0.15,0.5,235,,
2020-03-25,OBFR,0.1,0.05,0.07,0.15,0.55,261,,
2020-03-26,OBFR,0.08,0.05,0.07,0.12,0.55,276,,
2020-03-27,OBFR,0.08,0.04,0.06,0.1,0.55,274,,
2020-03-30,OBFR,0.08,0.03,0.05,0.1,0.55,257,,
2020-03-31,OBFR,0.06,0.01,0.03,0.1,0.55,183,,
2020-04-01,OBFR,0.05,0.02,0.04,0.08,0.7,250,,
2020-04-02,OBFR,0.05,0.02,0.04,0.07,0.55,239,,
2020-04-03,OBFR,0.05,0.03,0.04,0.06,0.5,249,,
2020-04-06,OBFR,0.05,0.02,0.04,0.05,0.5,251,,
2020-04-07,OBFR,0.05,0.03,0.04,0.05,0.5,256,,
2020-04-08,OBFR,0.05,0.02,0.04,0.05,0.5,240,,
2020-04-09,OBFR,0.05,0.03,0.05,0.06,0.6,108,,
2020-04-10,OBFR,0.05,0.03,0.05,0.06,0.6,106,,
2020-04-13,OBFR,0.05,0.03,0.04,0.05,0.5,265,,
2020-04-14,OBFR,0.05,0.03,0.04,0.06,0.55,231,,
2020-04-15,OBFR,0.05,0.03,0.04,0.05,0.5,245,,
2020-04-16,OBFR,0.05,0.02,0.04,0.05,0.5,244,,
2020-04-17,OBFR,0.05,0.02,0.04,0.05,0.42,256,,
2020-04-20,OBFR,0.05,0.03,0.04,0.05,0.42,284,,
2020-04-21,OBFR,0.04,0.02,0.04,0.05,0.5,272,,
2020-04-22,OBFR,0.04,0.02,0.04,0.05,0.5,255,,
2020-04-23,OBFR,0.04,0.03,0.04,0.05,0.45,253,,
2020-04-24,OBFR,0.04,0.03,0.04,0.05,0.3,245,,
2020-04-27,OBFR,0.04,0.02,0.04,0.05,0.4,267,,
2020-04-28,OBFR,0.04,0.03,0.04,0.05,0.35,229,,
2020-04-29,OBFR,0.04,0.02,0.04,0.05,0.3,246,,
2020-04-30,OBFR,0.04,0.02,0.04,0.05,0.3,211,,
2020-05-01,OBFR,0.04,0.03,0.04,0.05,0.4,217,,
2020-05-04,OBFR,0.05,0.03,0.04,0.05,0.3,221,,
2020-05-05,OBFR,0.05,0.03,0.04,0.05,0.3,206,,
2020-05-06,OBFR,0.05,0.03,0.04,0.05,0.27,216,,
2020-05-07,OBFR,0.05,0.03,0.05,0.05,0.3,205,,
2020-05-08,OBFR,0.05,0.03,0.05,0.05,0.25,200,,
2020-05-11,OBFR,0.05,0.03,0.05,0.05,0.23,217,,
2020-05-12,OBFR,0.05,0.03,0.05,0.05,0.2,210,,
2020-05-13,OBFR,0.05,0.03,0.05,0.05,0.2,227,,
2020-05-14,OBFR,0.05,0.03,0.05,0.05,0.2,227,,
2020-05-15,OBFR,0.05,0.03,0.05,0.05,0.2,225,,
2020-05-18,OBFR,0.05,0.03,0.05,0.05,0.25,229,,
2020-05-19,OBFR,0.05,0.03,0.05,0.05,0.2,214,,
2020-05-20,OBFR,0.05,0.03,0.05,0.05,0.23,226,,
2020-05-21,OBFR,0.05,0.03,0.05,0.05,0.2,215,,
2020-05-22,OBFR,0.05,0.03,0.05,0.05,0.2,196,,
2020-05-26,OBFR,0.05,0.03,0.05,0.06,0.2,200,,
2020-05-27,OBFR,0.05,0.03,0.05,0.06,0.18,205,,
2020-05-28,OBFR,0.05,0.03,0.05,0.06,0.2,182,,
2020-05-29,OBFR,0.05,0.03,0.05,0.06,0.2,175,,
2020-06-01,OBFR,0.05,0.03,0.05,0.06,0.18,175,,
2020-06-02,OBFR,0.06,0.03,0.05,0.06,0.18,172,,
2020-06-03,OBFR,0.06,0.03,0.06,0.06,0.18,173,,
2020-06-04,OBFR,0.06,0.03,0.06,0.07,0.18,172,,
2020-06-05,OBFR,0.06,0.03,0.06,0.07,0.16,153,,
2020-06-08,OBFR,0.07,0.03,0.06,0.08,0.18,156,,
2020-06-09,OBFR,0.07,0.04,0.07,0.08,0.18,173,,
2020-06-10,OBFR,0.07,0.03,0.07,0.08,0.18,167,,
2020-06-11,OBFR,0.07,0.03,0.07,0.08,0.18,165,,
2020-06-12,OBFR,0.07,0.03,0.07,0.08,0.18,145,,
2020-06-15,OBFR,0.08,0.03,0.08,0.09,0.18,155,,
2020-06-16,OBFR,0.08,0.04,0.08,0.09,0.19,158,,
2020-06-17,OBFR,0.08,0.04,0.08,0.09,0.19,162,,
2020-06-18,OBFR,0.08,0.03,0.08,0.09,0.19,163,,
2020-06-19,OBFR,0.08,0.03,0.08,0.09,0.18,170,,
2020-06-22,OBFR,0.08,0.03,0.08,0.09,0.15,189,,
2020-06-23,OBFR,0.08,0.03,0.08,0.09,0.18,188,,
2020-06-24,OBFR,0.08,0.03,0.08,0.09,0.18,178,,
2020-06-25,OBFR,0.08,0.03,0.08,0.09,0.18,182,,
2020-06-26,OBFR,0.08,0.03,0.08,0.09,0.18,171,,
2020-06-29,OBFR,0.08,0.03,0.08,0.09,0.18,162,,
2020-06-30,OBFR,0.08,0.01,0.08,0.09,0.19,139,,
2020-07-01,OBFR,0.08,0.03,0.08,0.09,0.18,152,,
2020-07-02,OBFR,0.09,0.03,0.08,0.09,0.14,84,,
2020-07-03,OBFR,0.09,0.03,0.08,0.1,0.14,85,,
2020-07-06,OBFR,0.09,0.03,0.08,0.09,0.18,161,,
2020-07-07,OBFR,0.09,0.03,0.08,0.09,0.18,155,,
2020-07-08,OBFR,0.09,0.03,0.08,0.09,0.19,153,,
2020-07-09,OBFR,0.09,0.03,0.08,0.09,0.19,148,,
2020-07-10,OBFR,0.09,0.03,0.08,0.09,0.19,133,,
2020-07-13,OBFR,0.09,0.03,0.08,0.09,0.18,144,,
2020-07-14,OBFR,0.09,0.03,0.08,0.09,0.18,141,,
2020-07-15,OBFR,0.09,0.03,0.08,0.11,0.18,150,,
2020-07-16,OBFR,0.1,0.03,0.08,0.1,0.2,152,,
2020-07-17,OBFR,0.09,0.03,0.08,0.1,0.2,134,,
2020-07-20,OBFR,0.09,0.04,0.08,0.1,0.19,140,,
2020-07-21,OBFR,0.09,0.04,0.08,0.1,0.2,145,,
2020-07-22,OBFR,0.09,0.04,0.08,0.1,0.2,155,,
2020-07-23,OBFR,0.09,0.04,0.08,0.09,0.19,152,,
2020-07-24,OBFR,0.09,0.03,0.08,0.09,0.2,138,,
2020-07-27,OBFR,0.09,0.03,0.08,0.1,0.19,146,,
2020-07-28,OBFR,0.09,0.04,0.08,0.09,0.2,151,,
2020-07-29,OBFR,0.09,0.04,0.08,0.1,0.2,143,,
2020-07-30,OBFR,0.09,0.04,0.08,0.1,0.2,149,,
2020-07-31,OBFR,0.09,0.03,0.08,0.1,0.2,137,,
2020-08-03,OBFR,0.09,0.02,0.08,0.1,0.2,147,,
2020-08-04,OBFR,0.09,0.04,0.08,0.1,0.2,150,,
2020-08-05,OBFR,0.09,0.04,0.08,0.1,0.2,157,,
2020-08-06,OBFR,0.09,0.04,0.08,0.1,0.2,160,,
2020-08-07,OBFR,0.09,0.04,0.08,0.1,0.2,150,,
2020-08-10,OBFR,0.09,0.05,0.08,0.1,0.2,141,,
2020-08-11,OBFR,0.09,0.05,0.08,0.1,0.2,149,,
2020-08-12,OBFR,0.09,0.04,0.08,0.1,0.2,145,,
2020-08-13,OBFR,0.09,0.03,0.08,0.1,0.2,151,,
2020-08-14,OBFR,0.09,0.04,0.08,0.1,0.21,146,,
2020-08-17,OBFR,0.09,0.04,0.08,0.1,0.2,154,,
2020-08-18,OBFR,0.09,0.04,0.08,0.09,0.2,155,,
2020-08-19,OBFR,0.08,0.05,0.08,0.09,0.2,166,,
2020-08-20,OBFR,0.08,0.05,0.08,0.09,0.2,186,,
2020-08-21,OBFR,0.08,0.05,0.08,0.09,0.2,175,,
2020-08-24,OBFR,0.08,0.05,0.08,0.09,0.2,175,,
2020-08-25,OBFR,0.08,0.05,0.08,0.09,0.2,183,,
2020-08-26,OBFR,0.08,0.05,0.08,0.09,0.2,179,,
2020-08-27,OBFR,0.08,0.03,0.08,0.09,0.2,193,,
2020-08-28,OBFR,0.08,0.05,0.08,0.09,0.2,184,,
2020-08-31,OBFR,0.08,0.03,0.08,0.09,0.2,173,,
2020-09-01,OBFR,0.08,0.04,0.08,0.09,0.2,154,,
2020-09-02,OBFR,0.08,0.04,0.08,0.09,0.2,163,,
2020-09-03,OBFR,0.08,0.05,0.08,0.09,0.2,171,,
2020-09-04,OBFR,0.08,0.04,0.08,0.09,0.2,149,,
2020-09-08,OBFR,0.08,0.04,0.08,0.09,0.2,160,,
2020-09-09,OBFR,0.08,0.04,0.08,0.09,0.2,152,,
2020-09-10,OBFR,0.08,0.03,0.08,0.09,0.2,165,,
2020-09-11,OBFR,0.08,0.03,0.08,0.09,0.2,149,,
2020-09-14,OBFR,0.08,0.03,0.08,0.09,0.2,156,,
2020-09-15,OBFR,0.09,0.04,0.08,0.09,0.2,148,,
2020-09-16,OBFR,0.08,0.04,0.08,0.09,0.2,158,,
2020-09-17,OBFR,0.08,0.04,0.08,0.09,0.2,168,,
2020-09-18,OBFR,0.09,0.03,0.08,0.09,0.2,164,,
2020-09-21,OBFR,0.08,0.04,0.08,0.09,0.18,179,,
2020-09-22,OBFR,0.08,0.03,0.08,0.09,0.18,184,,
2020-09-23,OBFR,0.08,0.04,0.08,0.09,0.15,208,,
2020-09-24,OBFR,0.08,0.04,0.08,0.09,0.18,202,,
2020-09-25,OBFR,0.08,0.04,0.08,0.09,0.2,186,,
2020-09-28,OBFR,0.08,0.04,0.08,0.09,0.2,195,,
2020-09-29,OBFR,0.08,0.04,0.08,0.09,0.2,195,,
2020-09-30,OBFR,0.08,0.01,0.07,0.09,0.19,126,,
2020-10-01,OBFR,0.08,0.05,0.08,0.09,0.19,153,,
2020-10-02,OBFR,0.08,0.03,0.08,0.09,0.2,156,,
2020-10-05,OBFR,0.08,0.05,0.08,0.09,0.2,156,,
2020-10-06,OBFR,0.08,0.05,0.08,0.09,0.2,170,,
2020-10-07,OBFR,0.08,0.05,0.08,0.09,0.2,171,,
2020-10-08,OBFR,0.08,0.04,0.08,0.09,0.2,172,,
2020-10-09,OBFR,0.08,0.05,0.08,0.09,0.2,165,,
2020-10-13,OBFR,0.08,0.04,0.08,0.09,0.2,172,,
2020-10-14,OBFR,0.08,0.04,0.08,0.09,0.2,163,,
2020-10-15,OBFR,0.08,0.05,0.08,0.09,0.2,166,,
2020-10-16,OBFR,0.08,0.05,0.08,0.09,0.2,159,,
2020-10-19,OBFR,0.08,0.04,0.08,0.09,0.2,155,,
2020-10-20,OBFR,0.08,0.04,0.08,0.09,0.2,158,,
2020-10-21,OBFR,0.08,0.05,0.08,0.09,0.2,166,,
2020-10-22,OBFR,0.08,0.05,0.08,0.09,0.19,183,,
2020-10-23,OBFR,0.08,0.05,0.08,0.09,0.19,165,,
2020-10-26,OBFR,0.08,0.05,0.08,0.09,0.18,179,,
2020-10-27,OBFR,0.08,0.04,0.08,0.09,0.18,177,,
2020-10-28,OBFR,0.08,0.05,0.08,0.09,0.18,172,,
2020-10-29,OBFR,0.08,0.04,0.08,0.09,0.18,162,,
2020-10-30,OBFR,0.08,0.03,0.08,0.09,0.18,147,,
2020-11-02,OBFR,0.08,0.03,0.08,0.09,0.18,146,,
2020-11-03,OBFR,0.08,0.03,0.08,0.09,0.18,157,,
2020-11-04,OBFR,0.08,0.04,0.08,0.09,0.18,168,,
2020-11-05,OBFR,0.08,0.04,0.08,0.09,0.18,164,,
2020-11-06,OBFR,0.08,0.04,0.08,0.09,0.18,159,,
2020-11-09,OBFR,0.08,0.04,0.08,0.09,0.18,152,,
2020-11-10,OBFR,0.08,0.04,0.08,0.09,0.18,157,,
2020-11-12,OBFR,0.09,0.04,0.08,0.1,0.18,165,,
2020-11-13,OBFR,0.08,0.03,0.08,0.09,0.18,149,,
2020-11-16,OBFR,0.08,0.03,0.08,0.09,0.18,157,,
2020-11-17,OBFR,0.08,0.04,0.08,0.09,0.18,163,,
2020-11-18,OBFR,0.08,0.04,0.08,0.09,0.18,183,,
2020-11-19,OBFR,0.08,0.05,0.08,0.09,0.18,182,,
2020-11-20,OBFR,0.08,0.04,0.08,0.08,0.18,196,,
2020-11-23,OBFR,0.08,0.04,0.08,0.08,0.18,201,,
2020-11-24,OBFR,0.08,0.04,0.08,0.08,0.18,202,,
2020-11-25,OBFR,0.08,0.05,0.08,0.08,0.16,208,,
2020-11-27,OBFR,0.08,0.04,0.08,0.08,0.16,190,,
2020-11-30,OBFR,0.08,0.01,0.08,0.09,0.18,157,,
2020-12-01,OBFR,0.08,0.04,0.08,0.09,0.18,168,,
2020-12-02,OBFR,0.08,0.04,0.08,0.09,0.15,167,,
2020-12-03,OBFR,0.08,0.04,0.08,0.09,0.15,170,,
2020-12-04,OBFR,0.08,0.04,0.08,0.09,0.15,152,,
2020-12-07,OBFR,0.08,0.04,0.08,0.09,0.15,154,,
2020-12-08,OBFR,0.08,0.04,0.08,0.09,0.15,158,,
2020-12-09,OBFR,0.08,0.05,0.08,0.09,0.15,172,,
2020-12-10,OBFR,0.08,0.04,0.08,0.09,0.15,163,,
2020-12-11,OBFR,0.08,0.04,0.08,0.09,0.15,155,,
2020-12-14,OBFR,0.08,0.04,0.08,0.09,0.15,143,,
2020-12-15,OBFR,0.08,0.04,0.08,0.09,0.15,142,,
2020-12-16,OBFR,0.08,0.04,0.08,0.09,0.15,146,,
2020-12-17,OBFR,0.08,0.03,0.08,0.09,0.15,153,,
2020-12-18,OBFR,0.08,0.03,0.08,0.09,0.15,145,,
2020-12-21,OBFR,0.08,0.03,0.08,0.09,0.15,164,,
2020-12-22,OBFR,0.08,0.03,0.08,0.09,0.15,158,,
2020-12-23,OBFR,0.08,0.04,0.08,0.09,0.15,157,,
2020-12-24,OBFR,0.08,0.04,0.08,0.09,0.14,149,,
2020-12-28,OBFR,0.08,0.05,0.08,0.09,0.14,161,,
2020-12-29,OBFR,0.08,0.03,0.08,0.09,0.15,154,,
2020-12-30,OBFR,0.08,0.02,0.08,0.09,0.15,155,,
2020-12-31,OBFR,0.08,0.01,0.07,0.09,0.15,76,,
2021-01-04,OBFR,0.09,0.03,0.08,0.09,0.15,131,,
2021-01-05,OBFR,0.08,0.04,0.08,0.09,0.15,140,,
2021-01-06,OBFR,0.08,0.04,0.08,0.09,0.14,139,,
2021-01-07,OBFR,0.08,0.04,0.08,0.09,0.14,142,,
2021-01-08,OBFR,0.08,0.04,0.08,0.09,0.14,154,,
2021-01-11,OBFR,0.08,0.04,0.08,0.09,0.14,145,,
2021-01-12,OBFR,0.08,0.04,0.08,0.09,0.14,143,,
2021-01-13,OBFR,0.08,0.04,0.08,0.09,0.14,167,,
2021-01-14,OBFR,0.08,0.04,0.08,0.09,0.14,150,,
2021-01-15,OBFR,0.08,0.04,0.08,0.09,0.14,154,,
2021-01-19,OBFR,0.08,0.04,0.08,0.09,0.14,162,,
2021-01-20,OBFR,0.08,0.04,0.08,0.09,0.14,188,,
2021-01-21,OBFR,0.08,0.04,0.08,0.08,0.14,204,,
2021-01-22,OBFR,0.08,0.02,0.08,0.08,0.14,193,,
2021-01-25,OBFR,0.08,0.03,0.08,0.08,0.14,217,,
2021-01-26,OBFR,0.08,0.04,0.07,0.08,0.14,213,,
2021-01-27,OBFR,0.07,0.04,0.07,0.08,0.14,210,,
2021-01-28,OBFR,0.07,0.03,0.07,0.07,0.14,195,,
2021-01-29,OBFR,0.07,0.02,0.07,0.07,0.14,186,,
2021-02-01,OBFR,0.07,0.02,0.07,0.08,0.14,171,,
2021-02-02,OBFR,0.08,0.03,0.07,0.08,0.14,183,,
2021-02-03,OBFR,0.08,0.04,0.08,0.09,0.14,186,,
2021-02-04,OBFR,0.08,0.04,0.07,0.08,0.14,194,,
2021-02-05,OBFR,0.07,0.04,0.07,0.08,0.14,206,,
2021-02-08,OBFR,0.07,0.04,0.07,0.08,0.14,205,,
2021-02-09,OBFR,0.07,0.04,0.07,0.08,0.14,211,,
2021-02-10,OBFR,0.07,0.05,0.07,0.08,0.14,200,,
2021-02-11,OBFR,0.07,0.04,0.07,0.08,0.14,206,,
2021-02-12,OBFR,0.07,0.04,0.07,0.08,0.14,200,,
2021-02-16,OBFR,0.07,0.04,0.07,0.08,0.14,201,,
2021-02-17,OBFR,0.07,0.04,0.07,0.08,0.14,199,,
2021-02-18,OBFR,0.07,0.04,0.07,0.07,0.14,215,,
2021-02-19,OBFR,0.07,0.03,0.07,0.07,0.14,204,,
2021-02-22,OBFR,0.07,0.03,0.07,0.07,0.14,206,,
2021-02-23,OBFR,0.07,0.03,0.07,0.07,0.14,212,,
2021-02-24,OBFR,0.07,0.04,0.07,0.07,0.14,212,,
2021-02-25,OBFR,0.07,0.03,0.07,0.07,0.14,243,,
2021-02-26,OBFR,0.07,0.03,0.06,0.07,0.14,208,,
2021-03-01,OBFR,0.07,0.03,0.07,0.07,0.14,194,,
2021-03-02,OBFR,0.07,0.03,0.07,0.07,0.14,204,,
2021-03-03,OBFR,0.07,0.04,0.07,0.07,0.14,215,,
2021-03-04,OBFR,0.07,0.03,0.07,0.07,0.13,224,,
2021-03-05,OBFR,0.07,0.04,0.07,0.07,0.14,210,,
2021-03-08,OBFR,0.07,0.03,0.07,0.07,0.14,213,,
2021-03-09,OBFR,0.07,0.03,0.07,0.07,0.14,219,,
2021-03-10,OBFR,0.07,0.03,0.07,0.07,0.13,228,,
2021-03-11,OBFR,0.07,0.03,0.07,0.07,0.13,216,,
2021-03-12,OBFR,0.07,0.03,0.07,0.07,0.13,217,,
2021-03-15,OBFR,0.07,0.03,0.07,0.07,0.13,213,,
2021-03-16,OBFR,0.07,0.03,0.07,0.07,0.14,220,,
2021-03-17,OBFR,0.07,0.03,0.07,0.07,0.14,222,,
2021-03-18,OBFR,0.07,0.03,0.07,0.07,0.13,239,,
2021-03-19,OBFR,0.07,0.03,0.07,0.07,0.13,226,,
2021-03-22,OBFR,0.07,0.03,0.07,0.07,0.13,241,,
2021-03-23,OBFR,0.07,0.04,0.07,0.07,0.12,247,,
2021-03-24,OBFR,0.07,0.03,0.07,0.07,0.13,248,,
2021-03-25,OBFR,0.07,0.04,0.07,0.07,0.12,270,,
2021-03-26,OBFR,0.07,0.04,0.06,0.07,0.11,252,,
2021-03-29,OBFR,0.07,0.03,0.06,0.07,0.11,252,,
2021-03-30,OBFR,0.07,0.03,0.06,0.07,0.11,246,,
2021-03-31,OBFR,0.05,0.01,0.02,0.07,0.14,148,,
2021-04-01,OBFR,0.07,0.03,0.06,0.08,0.1,95,,
2021-04-02,OBFR,0.07,0.03,0.06,0.08,0.1,92,,
2021-04-05,OBFR,0.07,0.04,0.06,0.07,0.12,262,,
2021-04-06,OBFR,0.07,0.04,0.06,0.07,0.13,255,,
2021-04-07,OBFR,0.06,0.04,0.06,0.07,0.11,256,,
2021-04-08,OBFR,0.06,0.03,0.06,0.07,0.12,257,,
2021-04-09,OBFR,0.06,0.04,0.06,0.07,0.1,244,,
2021-04-12,OBFR,0.06,0.04,0.06,0.07,0.11,252,,
2021-04-13,OBFR,0.06,0.03,0.06,0.07,0.1,242,,
2021-04-14,OBFR,0.06,0.03,0.06,0.07,0.1,235,,
2021-04-15,OBFR,0.06,0.03,0.06,0.07,0.1,242,,
2021-04-16,OBFR,0.06,0.03,0.06,0.07,0.1,246,,
2021-04-19,OBFR,0.06,0.03,0.06,0.07,0.1,248,,
2021-04-20,OBFR,0.06,0.03,0.06,0.07,0.1,256,,
2021-04-21,OBFR,0.06,0.03,0.06,0.07,0.1,250,,
2021-04-22,OBFR,0.06,0.03,0.06,0.07,0.11,263,,
2021-04-23,OBFR,0.06,0.03,0.06,0.07,0.11,259,,
2021-04-26,OBFR,0.06,0.03,0.06,0.06,0.1,276,,
2021-04-27,OBFR,0.06,0.03,0.05,0.06,0.1,265,,
2021-04-28,OBFR,0.05,0.03,0.05,0.06,0.1,259,,
2021-04-29,OBFR,0.05,0.02,0.05,0.06,0.1,269,,
2021-04-30,OBFR,0.03,0.01,0.02,0.05,0.11,235,,
2021-05-03,OBFR,0.05,0.02,0.05,0.06,0.13,248,,
2021-05-04,OBFR,0.05,0.03,0.05,0.06,0.11,257,,
2021-05-05,OBFR,0.05,0.03,0.05,0.06,0.13,244,,
2021-05-06,OBFR,0.05,0.03,0.05,0.05,0.1,261,,
2021-05-07,OBFR,0.05,0.03,0.05,0.05,0.1,258,,
2021-05-10,OBFR,0.05,0.03,0.04,0.05,0.1,271,,
2021-05-11,OBFR,0.05,0.03,0.04,0.05,0.1,261,,
2021-05-12,OBFR,0.05,0.03,0.04,0.05,0.1,253,,
2021-05-13,OBFR,0.05,0.02,0.04,0.05,0.1,253,,
2021-05-14,OBFR,0.05,0.03,0.04,0.05,0.1,245,,
2021-05-17,OBFR,0.05,0.03,0.04,0.05,0.1,267,,
2021-05-18,OBFR,0.05,0.03,0.04,0.06,0.1,266,,
2021-05-19,OBFR,0.05,0.03,0.04,0.05,0.1,249,,
2021-05-20,OBFR,0.05,0.03,0.04,0.05,0.11,259,,
2021-05-21,OBFR,0.05,0.02,0.04,0.05,0.11,270,,
2021-05-24,OBFR,0.05,0.02,0.04,0.05,0.12,265,,
2021-05-25,OBFR,0.04,0.02,0.04,0.05,0.11,261,,
2021-05-26,OBFR,0.04,0.02,0.04,0.05,0.12,262,,
2021-05-27,OBFR,0.04,0.02,0.04,0.06,0.12,243,,
2021-05-28,OBFR,0.03,0.01,0.02,0.05,0.12,219,,
2021-06-01,OBFR,0.04,0.02,0.04,0.06,0.14,233,,
2021-06-02,OBFR,0.05,0.03,0.04,0.06,0.12,250,,
2021-06-03,OBFR,0.04,0.03,0.04,0.05,0.1,272,,
2021-06-04,OBFR,0.04,0.03,0.04,0.06,0.1,262,,
2021-06-07,OBFR,0.04,0.03,0.04,0.06,0.1,267,,
2021-06-08,OBFR,0.04,0.02,0.04,0.06,0.1,254,,
2021-06-09,OBFR,0.04,0.03,0.04,0.05,0.1,259,,
2021-06-10,OBFR,0.04,0.02,0.04,0.06,0.1,249,,
2021-06-11,OBFR,0.04,0.02,0.04,0.06,0.1,252,,
2021-06-14,OBFR,0.04,0.02,0.04,0.05,0.1,251,,
2021-06-15,OBFR,0.04,0.02,0.04,0.06,0.1,248,,
2021-06-16,OBFR,0.04,0.02,0.04,0.06,0.1,242,,
2021-06-17,OBFR,0.08,0.04,0.08,0.09,0.14,226,,
2021-06-18,OBFR,0.08,0.04,0.08,0.1,0.12,224,,
2021-06-21,OBFR,0.08,0.05,0.08,0.09,0.12,253,,
2021-06-22,OBFR,0.08,0.05,0.08,0.1,0.12,261,,
2021-06-23,OBFR,0.08,0.05,0.08,0.1,0.12,261,,
2021-06-24,OBFR,0.08,0.05,0.08,0.1,0.12,266,,
2021-06-25,OBFR,0.08,0.05,0.08,0.09,0.12,267,,
2021-06-28,OBFR,0.08,0.05,0.08,0.09,0.12,266,,
2021-06-29,OBFR,0.08,0.05,0.08,0.09,0.12,252,,
2021-06-30,OBFR,0.06,0.03,0.05,0.09,0.14,137,,
2021-07-01,OBFR,0.08,0.04,0.08,0.09,0.12,246,,
2021-07-02,OBFR,0.08,0.04,0.08,0.1,0.14,242,,
2021-07-06,OBFR,0.08,0.05,0.08,0.09,0.12,262,,
2021-07-07,OBFR,0.08,0.01,0.08,0.09,0.12,247,,
2021-07-08,OBFR,0.08,0.04,0.08,0.09,0.12,256,,
2021-07-09,OBFR,0.08,0.04,0.08,0.09,0.12,257,,
2021-07-12,OBFR,0.08,0.04,0.08,0.09,0.14,256,,
2021-07-13,OBFR,0.08,0.05,0.08,0.09,0.12,249,,
2021-07-14,OBFR,0.08,0.04,0.08,0.09,0.12,246,,
2021-07-15,OBFR,0.08,0.05,0.08,0.09,0.13,253,,
2021-07-16,OBFR,0.08,0.05,0.08,0.09,0.13,254,,
2021-07-19,OBFR,0.08,0.05,0.08,0.09,0.12,255,,
2021-07-20,OBFR,0.08,0.05,0.07,0.09,0.12,259,,
2021-07-21,OBFR,0.08,0.05,0.07,0.09,0.12,258,,
2021-07-22,OBFR,0.08,0.05,0.07,0.09,0.12,255,,
2021-07-23,OBFR,0.08,0.05,0.07,0.09,0.12,245,,
2021-07-26,OBFR,0.08,0.05,0.07,0.09,0.12,260,,
2021-07-27,OBFR,0.08,0.04,0.07,0.09,0.12,256,,
2021-07-28,OBFR,0.08,0.04,0.07,0.09,0.12,244,,
2021-07-29,OBFR,0.08,0.04,0.07,0.09,0.12,253,,
2021-07-30,OBFR,0.06,0.03,0.05,0.08,0.12,215,,
2021-08-02,OBFR,0.08,0.04,0.07,0.09,0.12,246,,
2021-08-03,OBFR,0.08,0.04,0.07,0.09,0.12,245,,
2021-08-04,OBFR,0.08,0.04,0.07,0.09,0.12,250,,
2021-08-05,OBFR,0.08,0.04,0.07,0.09,0.12,243,,
2021-08-06,OBFR,0.08,0.04,0.07,0.09,0.12,248,,
2021-08-09,OBFR,0.08,0.04,0.07,0.09,0.12,252,,
2021-08-10,OBFR,0.08,0.04,0.07,0.09,0.12,251,,
2021-08-11,OBFR,0.08,0.04,0.07,0.09,0.12,248,,
2021-08-12,OBFR,0.08,0.04,0.07,0.09,0.12,247,,
2021-08-13,OBFR,0.08,0.04,0.07,0.09,0.12,249,,
2021-08-16,OBFR,0.08,0.04,0.07,0.09,0.12,252,,
2021-08-17,OBFR,0.08,0.04,0.07,0.09,0.12,250,,
2021-08-18,OBFR,0.08,0.04,0.07,0.09,0.12,255,,
2021-08-19,OBFR,0.08,0.04,0.07,0.09,0.12,250,,
2021-08-20,OBFR,0.08,0.04,0.07,0.09,0.12,259,,
2021-08-23,OBFR,0.08,0.05,0.07,0.08,0.12,261,,
2021-08-24,OBFR,0.08,0.04,0.07,0.08,0.12,255,,
2021-08-25,OBFR,0.07,0.04,0.07,0.08,0.12,256,,
2021-08-26,OBFR,0.07,0.04,0.07,0.08,0.12,246,,
2021-08-27,OBFR,0.07,0.04,0.06,0.08,0.12,257,,
2021-08-30,OBFR,0.07,0.04,0.06,0.08,0.12,262,,
2021-08-31,OBFR,0.05,0.03,0.04,0.07,0.12,214,,
2021-09-01,OBFR,0.07,0.05,0.06,0.08,0.12,266,,
2021-09-02,OBFR,0.07,0.04,0.06,0.08,0.12,267,,
2021-09-03,OBFR,0.07,0.05,0.06,0.08,0.12,267,,
2021-09-07,OBFR,0.07,0.04,0.06,0.08,0.12,271,,
2021-09-08,OBFR,0.07,0.04,0.06,0.08,0.12,276,,
2021-09-09,OBFR,0.07,0.04,0.06,0.08,0.12,281,,
2021-09-10,OBFR,0.07,0.05,0.06,0.08,0.12,277,,
2021-09-13,OBFR,0.07,0.05,0.06,0.08,0.12,262,,
2021-09-14,OBFR,0.07,0.05,0.06,0.08,0.12,258,,
2021-09-15,OBFR,0.07,0.05,0.06,0.08,0.12,252,,
2021-09-16,OBFR,0.07,0.05,0.06,0.08,0.12,256,,
2021-09-17,OBFR,0.07,0.05,0.06,0.08,0.12,256,,
2021-09-20,OBFR,0.07,0.05,0.06,0.08,0.12,258,,
2021-09-21,OBFR,0.07,0.04,0.06,0.08,0.12,277,,
2021-09-22,OBFR,0.07,0.05,0.06,0.08,0.12,265,,
2021-09-23,OBFR,0.07,0.05,0.06,0.08,0.12,264,,
2021-09-24,OBFR,0.07,0.05,0.06,0.08,0.12,254,,
2021-09-27,OBFR,0.07,0.05,0.06,0.08,0.12,254,,
2021-09-28,OBFR,0.07,0.05,0.06,0.08,0.11,244,,
2021-09-29,OBFR,0.07,0.05,0.06,0.08,0.11,248,,
2021-09-30,OBFR,0.06,0.03,0.05,0.07,0.14,137,,
2021-10-01,OBFR,0.07,0.05,0.07,0.08,0.11,257,,
2021-10-04,OBFR,0.07,0.05,0.07,0.08,0.11,261,,
2021-10-05,OBFR,0.07,0.04,0.07,0.08,0.11,263,,
2021-10-06,OBFR,0.07,0.05,0.07,0.08,0.11,256,,
2021-10-07,OBFR,0.07,0.05,0.06,0.08,0.11,259,,
2021-10-08,OBFR,0.07,0.04,0.06,0.08,0.11,264,,
2021-10-12,OBFR,0.07,0.05,0.07,0.08,0.11,275,,
2021-10-13,OBFR,0.07,0.04,0.06,0.08,0.11,270,,
2021-10-14,OBFR,0.07,0.05,0.06,0.08,0.11,266,,
2021-10-15,OBFR,0.07,0.05,0.06,0.08,0.11,266,,
2021-10-18,OBFR,0.07,0.05,0.06,0.08,0.11,277,,
2021-10-19,OBFR,0.07,0.05,0.06,0.08,0.12,269,,
2021-10-20,OBFR,0.07,0.05,0.06,0.08,0.14,271,,
2021-10-21,OBFR,0.07,0.04,0.06,0.08,0.14,284,,
2021-10-22,OBFR,0.07,0.05,0.06,0.08,0.12,274,,
2021-10-25,OBFR,0.07,0.05,0.06,0.08,0.11,286,,
2021-10-26,OBFR,0.07,0.05,0.06,0.08,0.11,276,,
2021-10-27,OBFR,0.07,0.05,0.06,0.08,0.14,267,,
2021-10-28,OBFR,0.07,0.04,0.06,0.08,0.14,272,,
2021-10-29,OBFR,0.06,0.04,0.05,0.07,0.14,222,,
2021-11-01,OBFR,0.07,0.04,0.06,0.08,0.14,266,,
2021-11-02,OBFR,0.07,0.04,0.06,0.08,0.11,264,,
2021-11-03,OBFR,0.07,0.05,0.06,0.08,0.11,276,,
2021-11-04,OBFR,0.07,0.04,0.06,0.08,0.11,276,,
2021-11-05,OBFR,0.07,0.04,0.06,0.08,0.11,283,,
2021-11-08,OBFR,0.07,0.04,0.06,0.08,0.11,285,,
2021-11-09,OBFR,0.07,0.04,0.06,0.08,0.11,281,,
2021-11-10,OBFR,0.07,0.04,0.06,0.08,0.14,277,,
2021-11-12,OBFR,0.07,0.04,0.06,0.08,0.11,264,,
2021-11-15,OBFR,0.07,0.04,0.06,0.08,0.11,283,,
2021-11-16,OBFR,0.07,0.04,0.06,0.08,0.11,265,,
2021-11-17,OBFR,0.07,0.04,0.06,0.08,0.11,271,,
2021-11-18,OBFR,0.07,0.04,0.06,0.08,0.11,273,,
2021-11-19,OBFR,0.07,0.04,0.06,0.08,0.11,272,,
2021-11-22,OBFR,0.07,0.04,0.06,0.08,0.12,278,,
2021-11-23,OBFR,0.07,0.04,0.06,0.08,0.14,272,,
2021-11-24,OBFR,0.07,0.04,0.06,0.08,0.14,257,,
2021-11-26,OBFR,0.07,0.04,0.06,0.08,0.14,268,,
2021-11-29,OBFR,0.07,0.04,0.06,0.08,0.14,279,,
2021-11-30,OBFR,0.07,0.04,0.05,0.08,0.14,220,,
2021-12-01,OBFR,0.07,0.04,0.07,0.08,0.14,256,,
2021-12-02,OBFR,0.07,0.04,0.06,0.08,0.14,270,,
2021-12-03,OBFR,0.07,0.04,0.06,0.08,0.14,261,,
2021-12-06,OBFR,0.07,0.04,0.06,0.08,0.14,259,,
2021-12-07,OBFR,0.07,0.04,0.06,0.08,0.14,257,,
2021-12-08,OBFR,0.07,0.04,0.06,0.08,0.14,261,,
2021-12-09,OBFR,0.07,0.04,0.06,0.08,0.14,266,,
2021-12-10,OBFR,0.07,0.05,0.06,0.08,0.14,261,,
2021-12-13,OBFR,0.07,0.05,0.06,0.08,0.14,250,,
2021-12-14,OBFR,0.07,0.05,0.06,0.08,0.12,256,,
2021-12-15,OBFR,0.07,0.04,0.06,0.08,0.14,248,,
2021-12-16,OBFR,0.07,0.05,0.06,0.08,0.14,248,,
2021-12-17,OBFR,0.07,0.04,0.06,0.08,0.14,257,,
2021-12-20,OBFR,0.07,0.05,0.06,0.08,0.14,259,,
2021-12-21,OBFR,0.07,0.05,0.06,0.08,0.14,249,,
2021-12-22,OBFR,0.07,0.05,0.06,0.08,0.14,234,,
2021-12-23,OBFR,0.08,0.04,0.07,0.09,0.2,91,,
2021-12-24,OBFR,0.08,0.04,0.07,0.08,0.17,88,,
2021-12-27,OBFR,0.07,0.05,0.07,0.08,0.14,257,,
2021-12-28,OBFR,0.07,0.04,0.07,0.08,0.14,242,,
2021-12-29,OBFR,0.07,0.05,0.07,0.08,0.14,230,,
2021-12-30,OBFR,0.07,0.04,0.07,0.08,0.14,239,,
2021-12-31,OBFR,0.07,0.03,0.06,0.08,0.15,88,,
2022-01-03,OBFR,0.07,0.05,0.07,0.08,0.14,249,,
2022-01-04,OBFR,0.07,0.05,0.06,0.08,0.12,252,,
2022-01-05,OBFR,0.07,0.05,0.06,0.08,0.12,263,,
2022-01-06,OBFR,0.07,0.05,0.06,0.08,0.12,262,,
2022-01-07,OBFR,0.07,0.05,0.06,0.08,0.12,258,,
2022-01-10,OBFR,0.07,0.05,0.06,0.08,0.12,267,,
2022-01-11,OBFR,0.07,0.05,0.07,0.08,0.12,260,,
2022-01-12,OBFR,0.07,0.05,0.07,0.08,0.12,250,,
2022-01-13,OBFR,0.07,0.05,0.07,0.08,0.12,259,,
2022-01-14,OBFR,0.07,0.05,0.07,0.08,0.12,260,,
2022-01-18,OBFR,0.07,0.05,0.07,0.08,0.14,269,,
2022-01-19,OBFR,0.07,0.05,0.07,0.08,0.14,262,,
2022-01-20,OBFR,0.07,0.05,0.07,0.08,0.14,265,,
2022-01-21,OBFR,0.07,0.05,0.07,0.08,0.14,276,,
2022-01-24,OBFR,0.07,0.05,0.07,0.08,0.14,273,,
2022-01-25,OBFR,0.07,0.05,0.07,0.08,0.14,278,,
2022-01-26,OBFR,0.07,0.05,0.07,0.08,0.14,278,,
2022-01-27,OBFR,0.07,0.05,0.07,0.08,0.14,274,,
2022-01-28,OBFR,0.07,0.05,0.07,0.08,0.14,281,,
2022-01-31,OBFR,0.07,0.05,0.06,0.08,0.14,256,,
2022-02-01,OBFR,0.07,0.05,0.07,0.08,0.12,286,,
2022-02-02,OBFR,0.07,0.05,0.07,0.08,0.12,274,,
2022-02-03,OBFR,0.07,0.05,0.06,0.08,0.14,277,,
2022-02-04,OBFR,0.07,0.05,0.07,0.08,0.14,254,,
2022-02-07,OBFR,0.07,0.05,0.07,0.08,0.14,260,,
2022-02-08,OBFR,0.07,0.05,0.07,0.08,0.14,263,,
2022-02-09,OBFR,0.07,0.05,0.07,0.08,0.12,266,,
2022-02-10,OBFR,0.07,0.05,0.07,0.08,0.12,280,,
2022-02-11,OBFR,0.07,0.04,0.07,0.08,0.14,251,,
2022-02-14,OBFR,0.07,0.05,0.06,0.08,0.14,249,,
2022-02-15,OBFR,0.07,0.04,0.07,0.08,0.14,249,,
2022-02-16,OBFR,0.07,0.05,0.07,0.08,0.14,241,,
2022-02-17,OBFR,0.07,0.05,0.07,0.08,0.14,249,,
2022-02-18,OBFR,0.07,0.05,0.07,0.08,0.14,245,,
2022-02-22,OBFR,0.07,0.05,0.07,0.08,0.14,257,,
2022-02-23,OBFR,0.07,0.05,0.07,0.08,0.14,261,,
2022-02-24,OBFR,0.07,0.05,0.07,0.08,0.14,243,,
2022-02-25,OBFR,0.07,0.05,0.07,0.08,0.14,249,,
2022-02-28,OBFR,0.07,0.05,0.07,0.08,0.14,236,,
2022-03-01,OBFR,0.07,0.05,0.07,0.08,0.14,247,,
2022-03-02,OBFR,0.07,0.05,0.07,0.08,0.14,258,,
2022-03-03,OBFR,0.07,0.05,0.07,0.08,0.14,253,,
2022-03-04,OBFR,0.07,0.05,0.07,0.08,0.14,252,,
2022-03-07,OBFR,0.07,0.05,0.07,0.08,0.14,263,,
2022-03-08,OBFR,0.07,0.05,0.07,0.08,0.13,256,,
2022-03-09,OBFR,0.07,0.05,0.07,0.08,0.14,246,,
2022-03-10,OBFR,0.07,0.04,0.07,0.08,0.13,256,,
2022-03-11,OBFR,0.07,0.05,0.07,0.08,0.13,247,,
2022-03-14,OBFR,0.07,0.05,0.07,0.08,0.12,251,,
2022-03-15,OBFR,0.07,0.05,0.07,0.08,0.14,253,,
2022-03-16,OBFR,0.07,0.05,0.07,0.08,0.14,260,,
2022-03-17,OBFR,0.32,0.27,0.32,0.33,0.35,266,,
2022-03-18,OBFR,0.32,0.28,0.32,0.33,0.36,253,,
2022-03-21,OBFR,0.32,0.28,0.32,0.33,0.35,260,,
2022-03-22,OBFR,0.32,0.28,0.32,0.33,0.35,254,,
2022-03-23,OBFR,0.32,0.29,0.32,0.33,0.36,243,,
2022-03-24,OBFR,0.32,0.25,0.32,0.33,0.36,246,,
2022-03-25,OBFR,0.32,0.28,0.32,0.33,0.36,261,,
2022-03-28,OBFR,0.32,0.29,0.32,0.33,0.36,249,,
2022-03-29,OBFR,0.32,0.29,0.32,0.33,0.36,255,,
2022-03-30,OBFR,0.32,0.29,0.32,0.33,0.38,249,,
2022-03-31,OBFR,0.32,0.25,0.31,0.33,0.39,145,,
2022-04-01,OBFR,0.32,0.29,0.32,0.33,0.36,243,,
2022-04-04,OBFR,0.32,0.29,0.32,0.33,0.36,254,,
2022-04-05,OBFR,0.32,0.29,0.32,0.33,0.36,263,,
2022-04-06,OBFR,0.32,0.29,0.32,0.33,0.36,254,,
2022-04-07,OBFR,0.32,0.25,0.32,0.33,0.36,257,,
2022-04-08,OBFR,0.32,0.28,0.32,0.33,0.36,258,,
2022-04-11,OBFR,0.32,0.28,0.32,0.33,0.36,266,,
2022-04-12,OBFR,0.32,0.26,0.32,0.33,0.36,266,,
2022-04-13,OBFR,0.32,0.27,0.32,0.33,0.37,244,,
2022-04-14,OBFR,0.33,0.2,0.32,0.34,0.36,97,,
2022-04-15,OBFR,0.33,0.23,0.32,0.34,0.36,99,,
2022-04-18,OBFR,0.32,0.3,0.32,0.33,0.37,263,,
2022-04-19,OBFR,0.32,0.28,0.32,0.33,0.38,263,,
2022-04-20,OBFR,0.32,0.29,0.32,0.33,0.37,258,,
2022-04-21,OBFR,0.32,0.28,0.32,0.33,0.37,264,,
2022-04-22,OBFR,0.32,0.27,0.32,0.33,0.39,260,,
2022-04-25,OBFR,0.32,0.28,0.32,0.33,0.39,273,,
2022-04-26,OBFR,0.32,0.26,0.32,0.33,0.36,261,,
2022-04-27,OBFR,0.32,0.29,0.32,0.33,0.4,262,,
2022-04-28,OBFR,0.32,0.29,0.32,0.33,0.4,259,,
2022-04-29,OBFR,0.32,0.29,0.31,0.33,0.42,244,,
2022-05-02,OBFR,0.32,0.3,0.32,0.33,0.4,253,,
2022-05-03,OBFR,0.32,0.3,0.32,0.33,0.39,260,,
2022-05-04,OBFR,0.32,0.29,0.32,0.33,0.39,273,,
2022-05-05,OBFR,0.82,0.78,0.82,0.83,0.88,284,,
2022-05-06,OBFR,0.82,0.78,0.82,0.83,0.88,267,,
2022-05-09,OBFR,0.82,0.78,0.82,0.83,0.85,270,,
2022-05-10,OBFR,0.82,0.78,0.82,0.83,0.85,253,,
2022-05-11,OBFR,0.82,0.78,0.82,0.83,0.88,256,,
2022-05-12,OBFR,0.82,0.78,0.82,0.83,0.88,275,,
2022-05-13,OBFR,0.82,0.78,0.82,0.83,0.87,266,,
2022-05-16,OBFR,0.82,0.78,0.82,0.83,0.87,271,,
2022-05-17,OBFR,0.82,0.78,0.81,0.83,0.88,267,,
2022-05-18,OBFR,0.82,0.77,0.81,0.83,0.88,252,,
2022-05-19,OBFR,0.82,0.78,0.81,0.83,0.88,257,,
2022-05-20,OBFR,0.82,0.78,0.81,0.83,0.87,261,,
2022-05-23,OBFR,0.82,0.78,0.81,0.83,0.88,254,,
2022-05-24,OBFR,0.82,0.78,0.81,0.83,0.9,253,,
2022-05-25,OBFR,0.82,0.78,0.81,0.83,0.89,260,,
2022-05-26,OBFR,0.82,0.78,0.81,0.83,0.89,252,,
2022-05-27,OBFR,0.82,0.78,0.81,0.83,0.88,254,,
2022-05-31,OBFR,0.82,0.78,0.81,0.83,0.88,235,,
2022-06-01,OBFR,0.82,0.79,0.81,0.83,0.86,255,,
2022-06-02,OBFR,0.82,0.79,0.81,0.83,0.86,256,,
2022-06-03,OBFR,0.82,0.78,0.81,0.83,0.85,252,,
2022-06-06,OBFR,0.82,0.78,0.81,0.83,0.87,266,,
2022-06-07,OBFR,0.82,0.78,0.81,0.83,0.86,252,,
2022-06-08,OBFR,0.82,0.78,0.81,0.83,0.88,247,,
2022-06-09,OBFR,0.82,0.78,0.81,0.83,0.87,247,,
2022-06-10,OBFR,0.82,0.78,0.81,0.83,0.86,243,,
2022-06-13,OBFR,0.82,0.78,0.81,0.83,0.88,238,,
2022-06-14,OBFR,0.82,0.78,0.81,0.83,0.9,248,,
2022-06-15,OBFR,0.82,0.78,0.81,0.83,0.9,250,,
2022-06-16,OBFR,1.57,1.3,1.56,1.58,1.65,254,,
2022-06-17,OBFR,1.57,1.53,1.56,1.58,1.66,243,,
2022-06-21,OBFR,1.57,1.53,1.56,1.58,1.7,242,,
2022-06-22,OBFR,1.57,1.53,1.56,1.58,1.7,261,,
2022-06-23,OBFR,1.57,1.54,1.56,1.58,1.68,257,,
2022-06-24,OBFR,1.57,1.54,1.56,1.58,1.64,256,,
2022-06-27,OBFR,1.57,1.54,1.56,1.58,1.65,258,,
2022-06-28,OBFR,1.57,1.54,1.56,1.58,1.7,247,,
2022-06-29,OBFR,1.57,1.53,1.56,1.58,1.7,238,,
2022-06-30,OBFR,1.57,1.5,1.56,1.58,1.7,157,,
2022-07-01,OBFR,1.57,1.52,1.56,1.58,1.66,249,,
2022-07-05,OBFR,1.57,1.53,1.56,1.58,1.68,262,,
2022-07-06,OBFR,1.57,1.53,1.56,1.58,1.65,270,,
2022-07-07,OBFR,1.57,1.52,1.56,1.58,1.65,271,,
2022-07-08,OBFR,1.57,1.54,1.56,1.58,1.65,278,,
2022-07-11,OBFR,1.57,1.53,1.56,1.58,1.62,269,,
2022-07-12,OBFR,1.57,1.53,1.56,1.58,1.68,275,,
2022-07-13,OBFR,1.57,1.52,1.56,1.58,1.65,274,,
2022-07-14,OBFR,1.57,1.51,1.56,1.58,1.69,271,,
2022-07-15,OBFR,1.57,1.52,1.56,1.58,1.7,276,,
2022-07-18,OBFR,1.57,1.52,1.56,1.58,1.7,284,,
2022-07-19,OBFR,1.57,1.53,1.56,1.58,1.7,274,,
2022-07-20,OBFR,1.57,1.53,1.56,1.58,1.7,274,,
2022-07-21,OBFR,1.57,1.51,1.56,1.58,1.7,287,,
2022-07-22,OBFR,1.57,1.54,1.56,1.58,1.7,284,,
2022-07-25,OBFR,1.57,1.53,1.56,1.58,1.7,291,,
2022-07-26,OBFR,1.57,1.53,1.56,1.58,1.7,293,,
2022-07-27,OBFR,1.57,1.53,1.56,1.58,1.7,287,,
2022-07-28,OBFR,2.32,2.2,2.31,2.33,2.45,287,,
2022-07-29,OBFR,2.31,2.26,2.31,2.32,2.45,240,,
2022-08-01,OBFR,2.32,2.26,2.31,2.33,2.45,270,,
2022-08-02,OBFR,2.32,2.26,2.31,2.33,2.45,278,,
2022-08-03,OBFR,2.32,2.26,2.31,2.33,2.45,274,,
2022-08-04,OBFR,2.32,2.26,2.31,2.33,2.43,280,,
2022-08-05,OBFR,2.32,2.26,2.31,2.33,2.43,282,,
2022-08-08,OBFR,2.32,2.26,2.31,2.33,2.4,279,,
2022-08-09,OBFR,2.32,2.26,2.31,2.33,2.4,283,,
2022-08-10,OBFR,2.32,2.26,2.31,2.33,2.4,281,,
2022-08-11,OBFR,2.32,2.26,2.31,2.33,2.4,285,,
2022-08-12,OBFR,2.32,2.26,2.31,2.33,2.37,286,,
2022-08-15,OBFR,2.32,2.26,2.31,2.33,2.4,294,,
2022-08-16,OBFR,2.32,2.26,2.31,2.33,2.4,289,,
2022-08-17,OBFR,2.32,2.26,2.31,2.33,2.4,286,,
2022-08-18,OBFR,2.32,2.28,2.31,2.33,2.4,285,,
2022-08-19,OBFR,2.32,2.29,2.31,2.33,2.43,289,,
2022-08-22,OBFR,2.32,2.28,2.31,2.33,2.45,284,,
2022-08-23,OBFR,2.32,2.28,2.31,2.33,2.45,281,,
2022-08-24,OBFR,2.32,2.28,2.31,2.33,2.45,278,,
2022-08-25,OBFR,2.32,2.26,2.31,2.33,2.43,280,,
2022-08-26,OBFR,2.32,2.28,2.31,2.33,2.45,281,,
2022-08-29,OBFR,2.32,2.28,2.31,2.33,2.45,265,,
2022-08-30,OBFR,2.32,2.28,2.31,2.33,2.45,266,,
2022-08-31,OBFR,2.31,2.27,2.3,2.33,2.45,253,,
2022-09-01,OBFR,2.32,2.28,2.31,2.33,2.45,295,,
2022-09-02,OBFR,2.32,2.28,2.31,2.33,2.45,288,,
2022-09-06,OBFR,2.32,2.28,2.31,2.33,2.45,283,,
2022-09-07,OBFR,2.32,2.28,2.31,2.33,2.43,313,,
2022-09-08,OBFR,2.32,2.28,2.3,2.33,2.43,298,,
2022-09-09,OBFR,2.32,2.28,2.31,2.33,2.4,299,,
2022-09-12,OBFR,2.32,2.28,2.3,2.33,2.4,293,,
2022-09-13,OBFR,2.32,2.28,2.3,2.33,2.4,302,,
2022-09-14,OBFR,2.32,2.28,2.3,2.33,2.41,292,,
2022-09-15,OBFR,2.32,2.25,2.3,2.33,2.45,294,,
2022-09-16,OBFR,2.32,2.28,2.3,2.33,2.45,294,,
2022-09-19,OBFR,2.32,2.28,2.3,2.33,2.45,295,,
2022-09-20,OBFR,2.32,2.28,2.3,2.33,2.45,301,,
2022-09-21,OBFR,2.32,2.28,2.3,2.33,2.45,300,,
2022-09-22,OBFR,3.07,2.98,3.05,3.08,3.2,308,,
2022-09-23,OBFR,3.07,3.02,3.05,3.08,3.23,295,,
2022-09-26,OBFR,3.07,3.02,3.06,3.08,3.2,288,,
2022-09-27,OBFR,3.07,3.02,3.06,3.08,3.2,279,,
2022-09-28,OBFR,3.07,3.03,3.06,3.08,3.23,272,,
2022-09-29,OBFR,3.07,2.97,3.06,3.08,3.2,260,,
2022-09-30,OBFR,3.07,2.95,3.06,3.08,3.2,197,,
2022-10-03,OBFR,3.07,3.02,3.06,3.08,3.2,282,,
2022-10-04,OBFR,3.07,3.0,3.06,3.08,3.2,281,,
2022-10-05,OBFR,3.07,3.02,3.06,3.08,3.2,281,,
2022-10-06,OBFR,3.07,3.02,3.06,3.08,3.2,282,,
2022-10-07,OBFR,3.07,3.02,3.06,3.08,3.2,282,,
2022-10-11,OBFR,3.07,3.02,3.06,3.08,3.2,282,,
2022-10-12,OBFR,3.07,3.03,3.06,3.08,3.2,287,,
2022-10-13,OBFR,3.07,3.0,3.06,3.08,3.2,285,,
2022-10-14,OBFR,3.07,3.02,3.06,3.08,3.17,287,,
2022-10-17,OBFR,3.07,3.02,3.06,3.08,3.2,275,,
2022-10-18,OBFR,3.07,3.02,3.06,3.08,3.2,276,,
2022-10-19,OBFR,3.07,3.02,3.06,3.08,3.2,272,,
2022-10-20,OBFR,3.07,3.03,3.06,3.08,3.23,267,,
2022-10-21,OBFR,3.07,3.03,3.06,3.08,3.23,265,,
2022-10-24,OBFR,3.07,3.02,3.06,3.08,3.23,276,,
2022-10-25,OBFR,3.07,3.02,3.06,3.08,3.25,283,,
2022-10-26,OBFR,3.07,3.02,3.06,3.08,3.25,282,,
2022-10-27,OBFR,3.07,3.02,3.06,3.08,3.25,286,,
2022-10-28,OBFR,3.07,3.0,3.05,3.08,3.27,300,,
2022-10-31,OBFR,3.06,2.99,3.05,3.08,3.28,249,,
2022-11-01,OBFR,3.07,3.02,3.05,3.08,3.28,289,,
2022-11-02,OBFR,3.07,3.02,3.05,3.08,3.3,292,,
2022-11-03,OBFR,3.82,3.73,3.8,3.83,4.0,284,,
2022-11-04,OBFR,3.82,3.74,3.8,3.83,4.0,286,,
2022-11-07,OBFR,3.82,3.75,3.8,3.83,4.0,291,,
2022-11-08,OBFR,3.82,3.75,3.8,3.83,4.0,288,,
2022-11-09,OBFR,3.82,3.0,3.8,3.83,4.0,293,,
2022-11-10,OBFR,3.82,3.75,3.8,3.83,3.95,283,,
2022-11-14,OBFR,3.82,3.77,3.8,3.83,4.0,284,,
2022-11-15,OBFR,3.82,3.76,3.8,3.83,3.95,275,,
2022-11-16,OBFR,3.82,3.76,3.8,3.83,4.0,281,,
2022-11-17,OBFR,3.82,3.75,3.8,3.83,4.0,279,,
2022-11-18,OBFR,3.82,3.76,3.8,3.83,4.0,283,,
2022-11-21,OBFR,3.82,3.76,3.8,3.83,4.0,281,,
2022-11-22,OBFR,3.82,3.76,3.8,3.83,4.0,280,,
2022-11-23,OBFR,3.82,3.77,3.8,3.83,4.0,273,,
2022-11-25,OBFR,3.82,3.76,3.8,3.83,4.0,265,,
2022-11-28,OBFR,3.82,3.76,3.8,3.83,4.02,271,,
2022-11-29,OBFR,3.82,3.76,3.8,3.83,4.02,269,,
2022-11-30,OBFR,3.82,3.75,3.8,3.83,4.02,242,,
2022-12-01,OBFR,3.82,3.75,3.81,3.83,4.0,269,,
2022-12-02,OBFR,3.82,3.75,3.8,3.83,4.0,282,,
2022-12-05,OBFR,3.82,3.74,3.8,3.83,4.0,287,,
2022-12-06,OBFR,3.82,3.77,3.81,3.83,4.02,306,,
2022-12-07,OBFR,3.82,3.77,3.8,3.83,4.02,273,,
2022-12-08,OBFR,3.82,3.77,3.8,3.83,4.0,270,,
2022-12-09,OBFR,3.82,3.76,3.8,3.83,4.0,271,,
2022-12-12,OBFR,3.82,3.76,3.8,3.83,4.0,269,,
2022-12-13,OBFR,3.82,3.74,3.8,3.83,4.02,281,,
2022-12-14,OBFR,3.82,3.72,3.8,3.83,4.02,281,,
2022-12-15,OBFR,4.32,4.2,4.3,4.33,4.5,279,,
2022-12-16,OBFR,4.32,4.24,4.3,4.33,4.5,267,,
2022-12-19,OBFR,4.32,4.23,4.3,4.33,4.5,259,,
2022-12-20,OBFR,4.32,4.23,4.3,4.33,4.5,267,,
2022-12-21,OBFR,4.32,4.25,4.3,4.33,4.52,263,,
2022-12-22,OBFR,4.32,4.24,4.3,4.33,4.52,270,,
2022-12-23,OBFR,4.32,4.26,4.31,4.33,4.5,270,,
2022-12-27,OBFR,4.32,4.26,4.3,4.33,4.55,277,,
2022-12-28,OBFR,4.32,4.26,4.3,4.33,4.55,255,,
2022-12-29,OBFR,4.32,4.17,4.3,4.33,4.53,249,,
2022-12-30,OBFR,4.33,4.23,4.31,4.34,4.55,126,,
2023-01-03,OBFR,4.32,4.27,4.31,4.33,4.52,270,,
2023-01-04,OBFR,4.32,4.25,4.31,4.33,4.52,278,,
2023-01-05,OBFR,4.32,4.25,4.3,4.33,4.52,283,,
2023-01-06,OBFR,4.32,4.27,4.3,4.33,4.52,290,,
2023-01-09,OBFR,4.32,4.27,4.3,4.33,4.52,287,,
2023-01-10,OBFR,4.32,4.27,4.3,4.33,4.55,293,,
2023-01-11,OBFR,4.32,4.27,4.3,4.33,4.53,291,,
2023-01-12,OBFR,4.32,4.27,4.3,4.33,4.55,286,,
2023-01-13,OBFR,4.32,4.27,4.31,4.33,4.55,281,,
2023-01-17,OBFR,4.32,4.27,4.3,4.33,4.52,276,,
2023-01-18,OBFR,4.32,4.27,4.3,4.33,4.52,293,,
2023-01-19,OBFR,4.32,4.25,4.3,4.33,4.6,273,,
2023-01-20,OBFR,4.32,4.27,4.3,4.33,4.6,276,,
2023-01-23,OBFR,4.32,4.27,4.3,4.33,4.6,282,,
2023-01-24,OBFR,4.32,4.27,4.3,4.33,4.52,287,,
2023-01-25,OBFR,4.32,4.27,4.3,4.33,4.52,292,,
2023-01-26,OBFR,4.32,4.25,4.3,4.33,4.52,302,,
2023-01-27,OBFR,4.32,4.25,4.3,4.33,4.52,304,,
2023-01-30,OBFR,4.32,4.26,4.3,4.33,4.51,289,,
2023-01-31,OBFR,4.32,4.25,4.3,4.33,4.6,251,,
2023-02-01,OBFR,4.32,4.25,4.3,4.33,4.6,276,,
2023-02-02,OBFR,4.57,4.49,4.55,4.58,4.85,282,,
2023-02-03,OBFR,4.57,4.5,4.55,4.58,4.85,284,,
2023-02-06,OBFR,4.57,4.5,4.55,4.58,4.65,278,,
2023-02-07,OBFR,4.57,4.5,4.55,4.58,4.65,271,,
2023-02-08,OBFR,4.57,4.5,4.55,4.58,4.75,284,,
2023-02-09,OBFR,4.57,4.5,4.55,4.58,4.75,287,,
2023-02-10,OBFR,4.57,4.5,4.55,4.58,4.8,291,,
2023-02-13,OBFR,4.57,4.5,4.55,4.58,4.65,294,,
2023-02-14,OBFR,4.57,4.5,4.55,4.58,4.8,287,,
2023-02-15,OBFR,4.57,4.5,4.56,4.58,4.8,319,,
2023-02-16,OBFR,4.57,4.5,4.55,4.58,4.85,286,,
2023-02-17,OBFR,4.57,4.5,4.55,4.58,4.85,292,,
2023-02-21,OBFR,4.57,4.5,4.55,4.58,4.85,295,,
2023-02-22,OBFR,4.57,4.5,4.55,4.58,4.85,298,,
2023-02-23,OBFR,4.57,4.48,4.55,4.58,4.85,299,,
2023-02-24,OBFR,4.57,4.5,4.55,4.58,4.85,298,,
2023-02-27,OBFR,4.57,4.5,4.55,4.57,4.65,297,,
2023-02-28,OBFR,4.57,4.5,4.55,4.58,4.85,269,,
2023-03-01,OBFR,4.57,4.5,4.55,4.58,4.85,304,,
2023-03-02,OBFR,4.57,4.5,4.55,4.58,4.85,295,,
2023-03-03,OBFR,4.57,4.5,4.55,4.58,4.65,304,,
2023-03-06,OBFR,4.57,4.5,4.55,4.57,4.85,310,,
2023-03-07,OBFR,4.57,4.5,4.55,4.57,4.84,308,,
2023-03-08,OBFR,4.56,4.5,4.55,4.57,4.85,290,,
2023-03-09,OBFR,4.57,4.5,4.55,4.57,4.82,305,,
2023-03-10,OBFR,4.56,4.5,4.55,4.57,4.85,279,,
2023-03-13,OBFR,4.56,4.5,4.55,4.57,4.7,232,,
2023-03-14,OBFR,4.57,4.5,4.55,4.58,4.65,252,,
2023-03-15,OBFR,4.57,4.5,4.55,4.58,4.75,262,,
2023-03-16,OBFR,4.57,4.5,4.55,4.58,4.75,261,,
2023-03-17,OBFR,4.57,4.5,4.55,4.58,4.75,269,,
2023-03-20,OBFR,4.57,4.5,4.55,4.58,4.75,277,,
2023-03-21,OBFR,4.57,4.5,4.55,4.58,4.75,278,,
2023-03-22,OBFR,4.57,4.5,4.55,4.58,4.75,281,,
2023-03-23,OBFR,4.82,4.75,4.8,4.83,4.9,276,,
2023-03-24,OBFR,4.82,4.74,4.8,4.83,4.95,271,,
2023-03-27,OBFR,4.82,4.75,4.8,4.83,5.0,268,,
2023-03-28,OBFR,4.82,4.75,4.81,4.83,5.0,268,,
2023-03-29,OBFR,4.82,4.75,4.81,4.83,5.0,247,,
2023-03-30,OBFR,4.82,4.75,4.81,4.83,4.9,240,,
2023-03-31,OBFR,4.82,4.75,4.81,4.83,5.0,175,,
2023-04-03,OBFR,4.82,4.77,4.81,4.83,4.9,261,,
2023-04-04,OBFR,4.82,4.77,4.81,4.83,4.9,263,,
2023-04-05,OBFR,4.82,4.77,4.81,4.83,4.9,255,,
2023-04-06,OBFR,4.83,4.75,4.82,4.84,5.15,122,,
2023-04-07,OBFR,4.83,4.75,4.82,4.84,5.15,123,,
2023-04-10,OBFR,4.82,4.76,4.81,4.83,4.9,284,,
2023-04-11,OBFR,4.82,4.77,4.81,4.83,4.9,273,,
2023-04-12,OBFR,4.82,4.77,4.81,4.83,4.9,283,,
2023-04-13,OBFR,4.82,4.77,4.8,4.83,4.9,279,,
2023-04-14,OBFR,4.82,4.77,4.81,4.83,4.9,280,,
2023-04-17,OBFR,4.82,4.77,4.8,4.83,4.9,279,,
2023-04-18,OBFR,4.82,4.77,4.81,4.83,4.88,287,,
2023-04-19,OBFR,4.82,4.77,4.8,4.83,4.88,281,,
2023-04-20,OBFR,4.82,4.76,4.8,4.83,4.88,281,,
2023-04-21,OBFR,4.81,4.77,4.8,4.83,4.9,283,,
2023-04-24,OBFR,4.81,4.77,4.8,4.83,4.9,275,,
2023-04-25,OBFR,4.82,4.77,4.8,4.83,4.9,280,,
2023-04-26,OBFR,4.82,4.77,4.8,4.83,4.9,285,,
2023-04-27,OBFR,4.81,4.75,4.8,4.83,4.9,282,,
2023-04-28,OBFR,4.81,4.75,4.8,4.83,4.9,259,,
2023-05-01,OBFR,4.81,4.77,4.8,4.83,4.9,276,,
2023-05-02,OBFR,4.82,4.77,4.8,4.83,4.9,273,,
2023-05-03,OBFR,4.82,4.76,4.8,4.83,4.9,277,,
2023-05-04,OBFR,5.06,5.0,5.05,5.08,5.15,282,,
2023-05-05,OBFR,5.06,5.02,5.05,5.08,5.15,278,,
2023-05-08,OBFR,5.06,5.01,5.05,5.08,5.13,281,,
2023-05-09,OBFR,5.07,5.0,5.05,5.08,5.15,277,,
2023-05-10,OBFR,5.07,5.01,5.05,5.08,5.13,284,,
2023-05-11,OBFR,5.07,4.99,5.05,5.08,5.17,282,,
2023-05-12,OBFR,5.07,5.02,5.05,5.08,5.15,294,,
2023-05-15,OBFR,5.07,5.02,5.05,5.08,5.15,295,,
2023-05-16,OBFR,5.07,5.02,5.06,5.08,5.15,290,,
2023-05-17,OBFR,5.07,5.02,5.06,5.08,5.15,292,,
2023-05-18,OBFR,5.07,5.0,5.05,5.08,5.15,289,,
2023-05-19,OBFR,5.07,5.02,5.06,5.08,5.15,287,,
2023-05-22,OBFR,5.06,5.01,5.05,5.08,5.15,290,,
2023-05-23,OBFR,5.07,5.02,5.06,5.08,5.15,298,,
2023-05-24,OBFR,5.07,5.02,5.06,5.08,5.15,279,,
2023-05-25,OBFR,5.07,5.0,5.06,5.08,5.15,285,,
2023-05-26,OBFR,5.07,5.0,5.06,5.08,5.15,286,,
2023-05-30,OBFR,5.06,5.01,5.05,5.08,5.15,278,,
2023-05-31,OBFR,5.07,5.0,5.05,5.08,5.2,250,,
2023-06-01,OBFR,5.06,5.01,5.05,5.08,5.15,283,,
2023-06-02,OBFR,5.06,5.0,5.05,5.08,5.15,309,,
2023-06-05,OBFR,5.07,5.02,5.06,5.08,5.15,294,,
2023-06-06,OBFR,5.07,5.02,5.06,5.08,5.15,307,,
2023-06-07,OBFR,5.07,5.02,5.06,5.08,5.15,292,,
2023-06-08,OBFR,5.07,5.0,5.06,5.08,5.15,293,,
2023-06-09,OBFR,5.06,5.02,5.06,5.08,5.15,288,,
2023-06-12,OBFR,5.06,5.02,5.05,5.08,5.15,296,,
2023-06-13,OBFR,5.06,5.02,5.06,5.08,5.15,291,,
2023-06-14,OBFR,5.06,5.0,5.05,5.08,5.15,290,,
2023-06-15,OBFR,5.06,5.0,5.05,5.08,5.15,292,,
2023-06-16,OBFR,5.06,5.0,5.05,5.08,5.15,285,,
2023-06-20,OBFR,5.06,5.02,5.05,5.08,5.15,295,,
2023-06-21,OBFR,5.06,5.02,5.06,5.08,5.2,297,,
2023-06-22,OBFR,5.06,5.0,5.06,5.08,5.2,297,,
2023-06-23,OBFR,5.06,5.02,5.06,5.08,5.2,284,,
2023-06-26,OBFR,5.06,5.02,5.06,5.08,5.17,292,,
2023-06-27,OBFR,5.06,5.02,5.05,5.08,5.2,282,,
2023-06-28,OBFR,5.06,5.02,5.06,5.08,5.18,290,,
2023-06-29,OBFR,5.07,4.98,5.06,5.08,5.18,270,,
2023-06-30,OBFR,5.07,5.0,5.06,5.08,5.25,181,,
2023-07-03,OBFR,5.07,5.02,5.06,5.08,5.15,259,,
2023-07-05,OBFR,5.07,5.02,5.06,5.08,5.15,269,,
2023-07-06,OBFR,5.07,5.0,5.06,5.08,5.15,269,,
2023-07-07,OBFR,5.07,5.02,5.06,5.08,5.15,268,,
2023-07-10,OBFR,5.07,5.02,5.06,5.08,5.15,270,,
2023-07-11,OBFR,5.06,5.02,5.06,5.08,5.2,274,,
2023-07-12,OBFR,5.07,5.02,5.06,5.08,5.25,263,,
2023-07-13,OBFR,5.07,5.02,5.06,5.08,5.2,269,,
2023-07-14,OBFR,5.07,5.02,5.06,5.08,5.2,270,,
2023-07-17,OBFR,5.07,5.02,5.06,5.08,5.25,265,,
2023-07-18,OBFR,5.07,5.02,5.06,5.08,5.25,264,,
2023-07-19,OBFR,5.07,5.02,5.06,5.08,5.25,262,,
2023-07-20,OBFR,5.07,5.0,5.06,5.08,5.25,272,,
2023-07-21,OBFR,5.07,5.02,5.06,5.08,5.25,262,,
2023-07-24,OBFR,5.07,5.02,5.06,5.08,5.25,260,,
2023-07-25,OBFR,5.06,5.02,5.06,5.08,5.25,247,,1.0
2023-07-26,OBFR,5.07,5.02,5.06,5.08,5.25,265,,
2023-07-27,OBFR,5.32,5.24,5.31,5.33,5.45,261,,
2023-07-28,OBFR,5.32,5.25,5.31,5.33,5.4,258,,
2023-07-31,OBFR,5.32,5.26,5.3,5.33,5.5,237,,
2023-08-01,OBFR,5.32,5.27,5.31,5.33,5.4,268,,
2023-08-02,OBFR,5.32,5.27,5.31,5.33,5.4,266,,
2023-08-03,OBFR,5.32,5.25,5.31,5.33,5.41,263,,
2023-08-04,OBFR,5.32,5.27,5.31,5.33,5.4,270,,
2023-08-07,OBFR,5.32,5.27,5.31,5.33,5.4,273,,
2023-08-08,OBFR,5.32,5.27,5.31,5.33,5.4,284,,
2023-08-09,OBFR,5.31,5.27,5.31,5.33,5.4,282,,
2023-08-10,OBFR,5.32,5.26,5.31,5.33,5.39,275,,
2023-08-11,OBFR,5.31,5.27,5.31,5.33,5.4,271,,
2023-08-14,OBFR,5.32,5.27,5.31,5.33,5.4,261,,
2023-08-15,OBFR,5.32,5.27,5.31,5.33,5.4,268,,
2023-08-16,OBFR,5.32,5.27,5.31,5.33,5.4,251,,
2023-08-17,OBFR,5.32,5.25,5.31,5.33,5.4,259,,
2023-08-18,OBFR,5.32,5.27,5.31,5.33,5.4,257,,
2023-08-21,OBFR,5.31,5.27,5.31,5.33,5.4,263,,
2023-08-22,OBFR,5.31,5.25,5.31,5.33,5.39,273,,
2023-08-23,OBFR,5.32,5.27,5.31,5.33,5.39,265,,
2023-08-24,OBFR,5.31,5.25,5.31,5.33,5.38,267,,
2023-08-25,OBFR,5.31,5.25,5.31,5.33,5.38,261,,
2023-08-28,OBFR,5.31,5.25,5.31,5.33,5.4,262,,
2023-08-29,OBFR,5.32,5.25,5.31,5.33,5.4,254,,
2023-08-30,OBFR,5.31,5.02,5.31,5.33,5.38,248,,
2023-08-31,OBFR,5.32,5.25,5.31,5.33,5.4,231,,
2023-09-01,OBFR,5.32,5.25,5.31,5.33,5.38,266,,
2023-09-05,OBFR,5.32,5.25,5.31,5.33,5.4,259,,
2023-09-06,OBFR,5.32,5.27,5.31,5.33,5.4,250,,
2023-09-07,OBFR,5.31,5.25,5.31,5.33,5.4,266,,
2023-09-08,OBFR,5.32,5.27,5.31,5.33,5.4,267,,
2023-09-11,OBFR,5.32,5.27,5.31,5.33,5.4,270,,
2023-09-12,OBFR,5.32,5.27,5.31,5.33,5.45,274,,
2023-09-13,OBFR,5.32,5.25,5.31,5.33,5.45,264,,
2023-09-14,OBFR,5.31,5.25,5.31,5.33,5.4,252,,
2023-09-15,OBFR,5.32,5.25,5.31,5.33,5.4,263,,
2023-09-18,OBFR,5.32,5.25,5.31,5.33,5.4,259,,
2023-09-19,OBFR,5.32,5.25,5.31,5.33,5.4,261,,
2023-09-20,OBFR,5.32,5.27,5.31,5.33,5.4,253,,
2023-09-21,OBFR,5.32,5.25,5.31,5.33,5.41,252,,
2023-09-22,OBFR,5.32,5.25,5.31,5.33,5.4,252,,
2023-09-25,OBFR,5.32,5.25,5.31,5.33,5.4,260,,
2023-09-26,OBFR,5.32,5.25,5.31,5.33,5.4,260,,
2023-09-27,OBFR,5.32,5.25,5.31,5.33,5.4,255,,
2023-09-28,OBFR,5.32,5.25,5.31,5.33,5.4,259,,
2023-09-29,OBFR,5.32,5.25,5.31,5.33,5.5,174,,
2023-10-02,OBFR,5.32,5.25,5.31,5.33,5.4,240,,
2023-10-03,OBFR,5.32,5.25,5.31,5.33,5.4,245,,
2023-10-04,OBFR,5.32,5.25,5.31,5.33,5.4,247,,
2023-10-05,OBFR,5.32,5.25,5.31,5.33,5.4,253,,
2023-10-06,OBFR,5.32,5.25,5.31,5.33,5.4,248,,
2023-10-10,OBFR,5.32,5.25,5.31,5.33,5.4,255,,
2023-10-11,OBFR,5.32,5.25,5.31,5.33,5.4,247,,
2023-10-12,OBFR,5.32,5.25,5.31,5.33,5.4,255,,
2023-10-13,OBFR,5.32,5.25,5.31,5.33,5.4,251,,
2023-10-16,OBFR,5.32,5.25,5.31,5.33,5.4,249,,
2023-10-17,OBFR,5.32,5.25,5.31,5.33,5.4,246,,
2023-10-18,OBFR,5.32,5.25,5.31,5.33,5.4,234,,
2023-10-19,OBFR,5.32,5.25,5.31,5.33,5.44,236,,
2023-10-20,OBFR,5.32,5.25,5.31,5.33,5.4,229,,
2023-10-23,OBFR,5.32,5.25,5.31,5.33,5.4,237,,
2023-10-24,OBFR,5.32,5.25,5.31,5.33,5.45,229,,
2023-10-25,OBFR,5.32,5.25,5.31,5.33,5.43,239,,
2023-10-26,OBFR,5.32,5.25,5.31,5.33,5.4,247,,
2023-10-27,OBFR,5.32,5.25,5.31,5.33,5.4,238,,
2023-10-30,OBFR,5.32,5.25,5.31,5.33,5.4,245,,
2023-10-31,OBFR,5.32,5.21,5.31,5.33,5.43,201,,
2023-11-01,OBFR,5.32,5.25,5.31,5.33,5.4,227,,
2023-11-02,OBFR,5.32,5.25,5.31,5.33,5.42,243,,
2023-11-03,OBFR,5.32,5.25,5.31,5.33,5.4,246,,
2023-11-06,OBFR,5.32,5.25,5.31,5.33,5.4,251,,
2023-11-07,OBFR,5.32,5.24,5.31,5.33,5.4,244,,
2023-11-08,OBFR,5.32,5.24,5.31,5.33,5.4,246,,
2023-11-09,OBFR,5.32,5.24,5.31,5.33,5.4,252,,
2023-11-10,OBFR,5.32,5.24,5.31,5.33,5.4,242,,
2023-11-13,OBFR,5.32,5.24,5.31,5.33,5.4,248,,
2023-11-14,OBFR,5.32,5.24,5.31,5.33,5.4,247,,
2023-11-15,OBFR,5.32,5.24,5.31,5.33,5.38,248,,
2023-11-16,OBFR,5.32,5.25,5.31,5.33,5.4,270,,
2023-11-17,OBFR,5.32,5.24,5.31,5.33,5.4,256,,
2023-11-20,OBFR,5.32,5.25,5.31,5.33,5.4,257,,
2023-11-21,OBFR,5.32,5.25,5.31,5.33,5.38,253,,
2023-11-22,OBFR,5.32,5.25,5.31,5.33,5.4,263,,
2023-11-24,OBFR,5.32,5.25,5.31,5.33,5.4,252,,
2023-11-27,OBFR,5.32,5.24,5.31,5.33,5.4,253,,
2023-11-28,OBFR,5.32,5.25,5.31,5.33,5.4,250,,
2023-11-29,OBFR,5.32,5.24,5.31,5.33,5.4,253,,
2023-11-30,OBFR,5.32,5.22,5.3,5.33,5.44,212,,
2023-12-01,OBFR,5.32,5.25,5.31,5.33,5.4,262,,
2023-12-04,OBFR,5.32,5.25,5.31,5.33,5.4,255,,
2023-12-05,OBFR,5.32,5.24,5.31,5.33,5.4,253,,
2023-12-06,OBFR,5.32,5.24,5.31,5.33,5.4,253,,
2023-12-07,OBFR,5.32,5.25,5.31,5.33,5.4,255,,
2023-12-08,OBFR,5.32,5.25,5.31,5.33,5.43,252,,
2023-12-11,OBFR,5.32,5.24,5.31,5.33,5.4,258,,
2023-12-12,OBFR,5.32,5.24,5.31,5.33,5.4,257,,
2023-12-13,OBFR,5.32,5.24,5.31,5.33,5.4,259,,
2023-12-14,OBFR,5.32,5.25,5.31,5.33,5.39,267,,
2023-12-15,OBFR,5.32,5.25,5.31,5.33,5.38,263,,
2023-12-18,OBFR,5.32,5.25,5.31,5.33,5.38,250,,
2023-12-19,OBFR,5.32,5.25,5.31,5.33,5.39,254,,
2023-12-20,OBFR,5.32,5.25,5.31,5.33,5.39,248,,
2023-12-21,OBFR,5.32,5.25,5.31,5.33,5.4,248,,
2023-12-22,OBFR,5.32,5.25,5.31,5.33,5.4,234,,
2023-12-26,OBFR,5.32,5.25,5.31,5.33,5.4,235,,
2023-12-27,OBFR,5.32,5.25,5.31,5.33,5.4,230,,
2023-12-28,OBFR,5.32,5.22,5.31,5.33,5.4,203,,
2023-12-29,OBFR,5.32,5.21,5.31,5.33,5.48,110,,
2024-01-02,OBFR,5.32,5.25,5.31,5.33,5.4,222,,
2024-01-03,OBFR,5.32,5.25,5.31,5.33,5.4,226,,
2024-01-04,OBFR,5.32,5.25,5.31,5.33,5.4,245,,
2024-01-05,OBFR,5.32,5.25,5.31,5.33,5.38,243,,
2024-01-08,OBFR,5.32,5.27,5.31,5.33,5.4,253,,
2024-01-09,OBFR,5.32,5.25,5.31,5.33,5.4,251,,
2024-01-10,OBFR,5.32,5.25,5.31,5.33,5.38,247,,
2024-01-11,OBFR,5.32,5.25,5.31,5.33,5.38,255,,
2024-01-12,OBFR,5.32,5.25,5.31,5.33,5.39,263,,
2024-01-16,OBFR,5.31,5.25,5.31,5.33,5.4,253,,
2024-01-17,OBFR,5.32,5.25,5.31,5.33,5.38,262,,
2024-01-18,OBFR,5.31,5.25,5.31,5.33,5.38,260,,
2024-01-19,OBFR,5.31,5.25,5.31,5.33,5.38,269,,
2024-01-22,OBFR,5.31,5.27,5.31,5.33,5.38,265,,
2024-01-23,OBFR,5.31,5.26,5.31,5.33,5.38,269,,
2024-01-24,OBFR,5.31,5.25,5.31,5.33,5.38,263,,
2024-01-25,OBFR,5.31,5.25,5.31,5.33,5.38,271,,
2024-01-26,OBFR,5.31,5.25,5.31,5.33,5.39,270,,
2024-01-29,OBFR,5.31,5.23,5.31,5.33,5.38,269,,
2024-01-30,OBFR,5.31,5.22,5.31,5.33,5.38,265,,
2024-01-31,OBFR,5.32,5.22,5.31,5.33,5.4,221,,
2024-02-01,OBFR,5.31,5.22,5.31,5.33,5.4,254,,
2024-02-02,OBFR,5.32,5.25,5.31,5.33,5.4,270,,
2024-02-05,OBFR,5.32,5.25,5.31,5.33,5.4,269,,
2024-02-06,OBFR,5.32,5.25,5.31,5.33,5.4,261,,
2024-02-07,OBFR,5.32,5.25,5.31,5.33,5.4,270,,
2024-02-08,OBFR,5.32,5.25,5.31,5.33,5.39,271,,
2024-02-09,OBFR,5.32,5.25,5.31,5.33,5.38,270,,
2024-02-12,OBFR,5.32,5.25,5.31,5.33,5.38,268,,
2024-02-13,OBFR,5.32,5.25,5.31,5.33,5.38,274,,
2024-02-14,OBFR,5.32,5.25,5.31,5.33,5.38,270,,
2024-02-15,OBFR,5.32,5.25,5.31,5.33,5.4,280,,
2024-02-16,OBFR,5.31,5.24,5.31,5.33,5.39,280,,
2024-02-20,OBFR,5.31,5.25,5.31,5.33,5.4,280,,
2024-02-21,OBFR,5.31,5.25,5.31,5.33,5.4,272,,
2024-02-22,OBFR,5.32,5.25,5.31,5.33,5.38,277,,
2024-02-23,OBFR,5.31,5.25,5.31,5.33,5.38,279,,
2024-02-26,OBFR,5.31,5.25,5.31,5.33,5.38,281,,
2024-02-27,OBFR,5.31,5.25,5.31,5.33,5.39,278,,
2024-02-28,OBFR,5.31,5.25,5.31,5.33,5.38,282,,
2024-02-29,OBFR,5.32,5.24,5.31,5.33,5.4,252,,
2024-03-01,OBFR,5.31,5.25,5.31,5.33,5.38,270,,
2024-03-04,OBFR,5.31,5.25,5.31,5.33,5.38,280,,
2024-03-05,OBFR,5.32,5.25,5.31,5.33,5.38,288,,
2024-03-06,OBFR,5.31,5.25,5.31,5.33,5.39,273,,
2024-03-07,OBFR,5.31,5.25,5.31,5.33,5.39,280,,
2024-03-08,OBFR,5.31,5.25,5.31,5.33,5.4,273,,
2024-03-11,OBFR,5.32,5.24,5.31,5.33,5.4,263,,
2024-03-12,OBFR,5.32,5.24,5.31,5.33,5.4,259,,
2024-03-13,OBFR,5.32,5.24,5.31,5.33,5.4,255,,
2024-03-14,OBFR,5.32,5.24,5.31,5.33,5.4,260,,
2024-03-15,OBFR,5.32,5.24,5.31,5.33,5.38,252,,
2024-03-18,OBFR,5.32,5.24,5.31,5.33,5.38,260,,
2024-03-19,OBFR,5.32,5.24,5.31,5.33,5.38,253,,
2024-03-20,OBFR,5.32,5.24,5.31,5.33,5.38,248,,
2024-03-21,OBFR,5.32,5.24,5.31,5.33,5.38,248,,
2024-03-22,OBFR,5.32,5.24,5.31,5.33,5.38,249,,
2024-03-25,OBFR,5.32,5.24,5.31,5.33,5.39,245,,
2024-03-26,OBFR,5.32,5.24,5.31,5.33,5.39,238,,
2024-03-27,OBFR,5.32,5.25,5.31,5.33,5.39,218,,
2024-03-28,OBFR,5.33,5.15,5.32,5.34,5.45,67,,
2024-03-29,OBFR,5.33,5.15,5.32,5.34,5.45,79,,
2024-04-01,OBFR,5.32,5.22,5.31,5.33,5.39,226,,
2024-04-02,OBFR,5.32,5.24,5.31,5.33,5.4,239,,
2024-04-03,OBFR,5.32,5.24,5.31,5.33,5.4,242,,
2024-04-04,OBFR,5.32,5.24,5.31,5.33,5.4,256,,
2024-04-05,OBFR,5.32,5.24,5.31,5.33,5.39,247,,
2024-04-08,OBFR,5.32,5.24,5.31,5.33,5.39,245,,
2024-04-09,OBFR,5.32,5.24,5.31,5.33,5.39,245,,
2024-04-10,OBFR,5.32,5.24,5.31,5.33,5.38,251,,
2024-04-11,OBFR,5.32,5.25,5.31,5.33,5.38,247,,
2024-04-12,OBFR,5.32,5.25,5.31,5.33,5.38,243,,
2024-04-15,OBFR,5.32,5.25,5.31,5.33,5.38,244,,
2024-04-16,OBFR,5.32,5.24,5.31,5.33,5.4,244,,
2024-04-17,OBFR,5.32,5.24,5.31,5.33,5.38,243,,
2024-04-18,OBFR,5.32,5.24,5.31,5.33,5.4,246,,
2024-04-19,OBFR,5.32,5.24,5.31,5.33,5.39,256,,
2024-04-22,OBFR,5.32,5.24,5.31,5.33,5.4,255,,
2024-04-23,OBFR,5.32,5.24,5.31,5.33,5.4,253,,
2024-04-24,OBFR,5.32,5.24,5.31,5.33,5.42,248,,
2024-04-25,OBFR,5.32,5.24,5.31,5.33,5.4,264,,
2024-04-26,OBFR,5.32,5.25,5.31,5.33,5.4,270,,
2024-04-29,OBFR,5.32,5.25,5.31,5.33,5.4,257,,
2024-04-30,OBFR,5.32,5.22,5.31,5.33,5.42,241,,
2024-05-01,OBFR,5.32,5.25,5.31,5.33,5.38,250,,
2024-05-02,OBFR,5.32,5.25,5.31,5.33,5.4,268,,
2024-05-03,OBFR,5.32,5.25,5.31,5.33,5.4,265,,
2024-05-06,OBFR,5.32,5.24,5.31,5.33,5.4,259,,
2024-05-07,OBFR,5.32,5.25,5.31,5.33,5.4,258,,
2024-05-08,OBFR,5.32,5.25,5.31,5.33,5.4,259,,
2024-05-09,OBFR,5.32,5.25,5.31,5.33,5.38,271,,
2024-05-10,OBFR,5.32,5.25,5.31,5.33,5.38,265,,
2024-05-13,OBFR,5.32,5.25,5.31,5.33,5.4,269,,
2024-05-14,OBFR,5.32,5.25,5.31,5.33,5.4,265,,
2024-05-15,OBFR,5.32,5.24,5.31,5.33,5.4,266,,
2024-05-16,OBFR,5.32,5.24,5.31,5.33,5.4,265,,
2024-05-17,OBFR,5.32,5.24,5.31,5.33,5.37,269,,
2024-05-20,OBFR,5.32,5.25,5.31,5.33,5.38,265,,
2024-05-21,OBFR,5.32,5.25,5.31,5.33,5.38,265,,
2024-05-22,OBFR,5.32,5.25,5.31,5.33,5.4,265,,
2024-05-23,OBFR,5.32,5.25,5.31,5.33,5.4,267,,
2024-05-24,OBFR,5.32,5.25,5.31,5.33,5.4,268,,
2024-05-28,OBFR,5.32,5.25,5.31,5.33,5.4,272,,
2024-05-29,OBFR,5.32,5.25,5.31,5.33,5.38,271,,
2024-05-30,OBFR,5.32,5.25,5.31,5.33,5.38,280,,
2024-05-31,OBFR,5.32,5.25,5.31,5.33,5.4,267,,
2024-06-03,OBFR,5.32,5.25,5.31,5.33,5.38,275,,
2024-06-04,OBFR,5.32,5.25,5.31,5.33,5.38,280,,
2024-06-05,OBFR,5.32,5.25,5.31,5.33,5.38,278,,
2024-06-06,OBFR,5.32,5.25,5.31,5.33,5.39,285,,
2024-06-07,OBFR,5.32,5.25,5.31,5.33,5.38,281,,
2024-06-10,OBFR,5.32,5.25,5.31,5.33,5.38,263,,
2024-06-11,OBFR,5.32,5.24,5.31,5.33,5.39,271,,
2024-06-12,OBFR,5.32,5.24,5.31,5.33,5.38,268,,
2024-06-13,OBFR,5.32,5.24,5.31,5.33,5.38,280,,
2024-06-14,OBFR,5.32,5.25,5.31,5.33,5.39,270,,
2024-06-17,OBFR,5.32,5.24,5.31,5.33,5.4,261,,
2024-06-18,OBFR,5.32,5.24,5.31,5.33,5.4,259,,
2024-06-20,OBFR,5.32,5.25,5.31,5.33,5.4,260,,
2024-06-21,OBFR,5.32,5.25,5.31,5.33,5.4,265,,
2024-06-24,OBFR,5.32,5.23,5.31,5.33,5.4,263,,
2024-06-25,OBFR,5.32,5.24,5.31,5.33,5.4,252,,
2024-06-26,OBFR,5.32,5.25,5.31,5.33,5.4,248,,
2024-06-27,OBFR,5.32,5.25,5.31,5.33,5.4,244,,
2024-06-28,OBFR,5.32,5.24,5.31,5.33,5.45,157,,
2024-07-01,OBFR,5.32,5.25,5.31,5.33,5.4,239,,
2024-07-02,OBFR,5.32,5.25,5.31,5.33,5.4,243,,
2024-07-03,OBFR,5.32,5.25,5.31,5.33,5.4,257,,
2024-07-05,OBFR,5.32,5.25,5.31,5.33,5.4,262,,
2024-07-08,OBFR,5.32,5.24,5.31,5.33,5.4,252,,
2024-07-09,OBFR,5.32,5.24,5.31,5.33,5.4,252,,
2024-07-10,OBFR,5.32,5.25,5.31,5.33,5.4,257,,
2024-07-11,OBFR,5.32,5.25,5.31,5.33,5.4,270,,
2024-07-12,OBFR,5.32,5.24,5.31,5.33,5.4,263,,
2024-07-15,OBFR,5.32,5.24,5.31,5.33,5.4,245,,
2024-07-16,OBFR,5.32,5.25,5.31,5.33,5.4,234,,
2024-07-17,OBFR,5.32,5.24,5.31,5.33,5.4,235,,
2024-07-18,OBFR,5.32,5.24,5.31,5.33,5.4,241,,
2024-07-19,OBFR,5.32,5.25,5.31,5.33,5.4,223,,
2024-07-22,OBFR,5.32,5.25,5.31,5.33,5.38,226,,
2024-07-23,OBFR,5.32,5.25,5.31,5.33,5.4,225,,
2024-07-24,OBFR,5.32,5.24,5.32,5.33,5.4,219,,
2024-07-25,OBFR,5.32,5.24,5.31,5.33,5.4,226,,
2024-07-26,OBFR,5.32,5.24,5.31,5.33,5.4,223,,
2024-07-29,OBFR,5.32,5.24,5.31,5.33,5.4,241,,
2024-07-30,OBFR,5.32,5.24,5.32,5.33,5.4,240,,
2024-07-31,OBFR,5.32,5.24,5.31,5.33,5.4,220,,
2024-08-01,OBFR,5.32,5.25,5.32,5.33,5.4,221,,
2024-08-02,OBFR,5.32,5.25,5.32,5.33,5.4,234,,
2024-08-05,OBFR,5.32,5.25,5.32,5.33,5.4,231,,
2024-08-06,OBFR,5.32,5.25,5.32,5.33,5.4,220,,
2024-08-07,OBFR,5.32,5.25,5.32,5.33,5.4,231,,
2024-08-08,OBFR,5.32,5.25,5.32,5.33,5.4,242,,
2024-08-09,OBFR,5.32,5.25,5.32,5.33,5.4,239,,
2024-08-12,OBFR,5.32,5.25,5.32,5.33,5.4,247,,
2024-08-13,OBFR,5.33,5.25,5.32,5.33,5.4,237,,
2024-08-14,OBFR,5.32,5.25,5.32,5.33,5.4,247,,
2024-08-15,OBFR,5.32,5.22,5.32,5.33,5.4,253,,
2024-08-16,OBFR,5.33,5.25,5.32,5.33,5.4,261,,
2024-08-19,OBFR,5.33,5.25,5.32,5.33,5.4,257,,
2024-08-20,OBFR,5.33,5.25,5.32,5.33,5.4,257,,
2024-08-21,OBFR,5.33,5.27,5.32,5.33,5.4,273,,
2024-08-22,OBFR,5.32,5.25,5.32,5.33,5.38,274,,
2024-08-23,OBFR,5.32,5.25,5.32,5.33,5.4,275,,
2024-08-26,OBFR,5.33,5.27,5.32,5.33,5.4,264,,
2024-08-27,OBFR,5.33,5.25,5.32,5.34,5.4,249,,
2024-08-28,OBFR,5.33,5.25,5.32,5.33,5.4,245,,
2024-08-29,OBFR,5.32,5.24,5.32,5.33,5.38,260,,
2024-08-30,OBFR,5.32,5.25,5.32,5.33,5.38,244,,
2024-09-03,OBFR,5.33,5.25,5.32,5.33,5.4,238,,
2024-09-04,OBFR,5.33,5.27,5.32,5.33,5.4,238,,
2024-09-05,OBFR,5.33,5.25,5.32,5.33,5.4,252,,
2024-09-06,OBFR,5.33,5.25,5.32,5.33,5.4,250,,
2024-09-09,OBFR,5.33,5.25,5.32,5.33,5.4,243,,
2024-09-10,OBFR,5.33,5.25,5.32,5.33,5.4,253,,
2024-09-11,OBFR,5.33,5.25,5.32,5.33,5.4,251,,
2024-09-12,OBFR,5.33,5.24,5.32,5.33,5.4,265,,
2024-09-13,OBFR,5.33,5.25,5.32,5.33,5.4,257,,
2024-09-16,OBFR,5.33,5.25,5.32,5.33,5.4,249,,
2024-09-17,OBFR,5.33,5.25,5.32,5.33,5.38,264,,
2024-09-18,OBFR,5.33,5.26,5.32,5.33,5.38,283,,
2024-09-19,OBFR,4.83,4.75,4.82,4.83,4.88,281,,
2024-09-20,OBFR,4.83,4.75,4.82,4.83,4.88,284,,
2024-09-23,OBFR,4.83,4.78,4.82,4.83,4.88,294,,
2024-09-24,OBFR,4.83,4.75,4.82,4.83,4.88,269,,
2024-09-25,OBFR,4.83,4.75,4.82,4.83,4.88,264,,
2024-09-26,OBFR,4.83,4.75,4.82,4.83,4.88,256,,
2024-09-27,OBFR,4.83,4.75,4.82,4.83,4.89,248,,
2024-09-30,OBFR,4.83,4.73,4.82,4.83,4.9,172,,
2024-10-01,OBFR,4.83,4.75,4.82,4.83,4.88,206,,
2024-10-02,OBFR,4.83,4.75,4.82,4.84,4.88,204,,
2024-10-03,OBFR,4.83,4.75,4.82,4.84,4.88,226,,
2024-10-04,OBFR,4.83,4.75,4.82,4.84,4.88,229,,
2024-10-07,OBFR,4.83,4.75,4.82,4.84,4.88,222,,
2024-10-08,OBFR,4.83,4.75,4.82,4.83,4.88,226,,
2024-10-09,OBFR,4.83,4.75,4.82,4.83,4.88,239,,
2024-10-10,OBFR,4.83,4.77,4.82,4.83,4.88,258,,
2024-10-11,OBFR,4.83,4.75,4.82,4.83,4.88,246,,
2024-10-15,OBFR,4.83,4.75,4.82,4.83,4.88,239,,
2024-10-16,OBFR,4.83,4.75,4.82,4.83,4.88,250,,
2024-10-17,OBFR,4.83,4.75,4.82,4.84,4.88,249,,
2024-10-18,OBFR,4.83,4.74,4.82,4.84,4.89,254,,
2024-10-21,OBFR,4.83,4.75,4.82,4.83,4.88,258,,
2024-10-22,OBFR,4.83,4.75,4.82,4.83,4.88,250,,
2024-10-23,OBFR,4.83,4.75,4.82,4.83,4.88,259,,
2024-10-24,OBFR,4.83,4.75,4.82,4.83,4.88,264,,
2024-10-25,OBFR,4.83,4.75,4.82,4.83,4.89,267,,
2024-10-28,OBFR,4.83,4.75,4.82,4.83,4.88,256,,
2024-10-29,OBFR,4.83,4.75,4.82,4.83,4.89,264,,
2024-10-30,OBFR,4.83,4.75,4.82,4.83,4.88,269,,
2024-10-31,OBFR,4.83,4.73,4.82,4.83,4.89,230,,
2024-11-01,OBFR,4.83,4.75,4.82,4.83,4.89,257,,
2024-11-04,OBFR,4.83,4.78,4.83,4.83,4.9,270,,
2024-11-05,OBFR,4.83,4.77,4.82,4.83,4.9,281,,
2024-11-06,OBFR,4.83,4.76,4.82,4.83,4.89,285,,
2024-11-07,OBFR,4.83,4.75,4.82,4.83,4.88,295,,
2024-11-08,OBFR,4.58,4.5,4.57,4.58,4.63,287,,
2024-11-12,OBFR,4.58,4.52,4.57,4.58,4.63,294,,
2024-11-13,OBFR,4.58,4.52,4.57,4.58,4.63,287,,
2024-11-14,OBFR,4.58,4.5,4.57,4.58,4.63,286,,
2024-11-15,OBFR,4.58,4.5,4.57,4.58,4.63,282,,
2024-11-18,OBFR,4.58,4.5,4.57,4.58,4.68,281,,
2024-11-19,OBFR,4.58,4.52,4.57,4.58,4.64,269,,
2024-11-20,OBFR,4.58,4.52,4.57,4.58,4.63,277,,
2024-11-21,OBFR,4.58,4.5,4.57,4.58,4.63,281,,
2024-11-22,OBFR,4.58,4.5,4.57,4.58,4.64,281,,
2024-11-25,OBFR,4.58,4.51,4.57,4.58,4.64,283,,
2024-11-26,OBFR,4.58,4.52,4.57,4.58,4.64,279,,
2024-11-27,OBFR,4.58,4.52,4.57,4.58,4.64,279,,
2024-11-29,OBFR,4.58,4.5,4.57,4.58,4.66,254,,
2024-12-02,OBFR,4.58,4.51,4.57,4.58,4.64,256,,
2024-12-03,OBFR,4.58,4.52,4.57,4.58,4.65,248,,
2024-12-04,OBFR,4.58,4.53,4.57,4.58,4.65,261,,
2024-12-05,OBFR,4.58,4.5,4.57,4.58,4.65,280,,
2024-12-06,OBFR,4.58,4.5,4.57,4.58,4.63,270,,
2024-12-09,OBFR,4.58,4.52,4.57,4.58,4.63,258,,
2024-12-10,OBFR,4.58,4.52,4.57,4.59,4.66,230,,
2024-12-11,OBFR,4.58,4.52,4.58,4.59,4.66,244,,
2024-12-12,OBFR,4.58,4.5,4.57,4.58,4.65,259,,
2024-12-13,OBFR,4.58,4.5,4.57,4.59,4.65,249,,
2024-12-16,OBFR,4.58,4.5,4.57,4.59,4.65,224,,
2024-12-17,OBFR,4.58,4.52,4.57,4.59,4.65,225,,
2024-12-18,OBFR,4.58,4.5,4.57,4.59,4.65,251,,
2024-12-19,OBFR,4.33,4.22,4.32,4.33,4.4,266,,
2024-12-20,OBFR,4.33,4.25,4.32,4.33,4.38,272,,
2024-12-23,OBFR,4.33,4.25,4.32,4.33,4.4,282,,
2024-12-24,OBFR,4.33,4.25,4.32,4.34,4.4,252,,
2024-12-26,OBFR,4.33,4.25,4.32,4.34,4.4,261,,
2024-12-27,OBFR,4.33,4.28,4.33,4.34,4.43,271,,
2024-12-30,OBFR,4.33,4.27,4.32,4.34,4.38,250,,
2024-12-31,OBFR,4.33,4.2,4.33,4.34,4.4,111,,
2025-01-02,OBFR,4.33,4.25,4.33,4.34,4.4,264,,
2025-01-03,OBFR,4.33,4.25,4.32,4.33,4.4,289,,
2025-01-06,OBFR,4.33,4.27,4.33,4.33,4.4,280,,
2025-01-07,OBFR,4.33,4.27,4.33,4.33,4.4,284,,
2025-01-08,OBFR,4.33,4.27,4.33,4.33,4.38,293,,
2025-01-09,OBFR,4.33,4.27,4.32,4.33,4.38,296,,
2025-01-10,OBFR,4.33,4.27,4.32,4.33,4.38,302,,
2025-01-13,OBFR,4.33,4.27,4.32,4.33,4.39,306,,
2025-01-14,OBFR,4.33,4.27,4.32,4.33,4.39,306,,
2025-01-15,OBFR,4.33,4.25,4.32,4.33,4.38,300,,
2025-01-16,OBFR,4.33,4.23,4.32,4.33,4.38,309,,
2025-01-17,OBFR,4.33,4.25,4.32,4.33,4.4,299,,
2025-01-21,OBFR,4.33,4.27,4.32,4.33,4.4,298,,
2025-01-22,OBFR,4.33,4.25,4.32,4.33,4.38,307,,
2025-01-23,OBFR,4.33,4.25,4.32,4.33,4.4,260,,
2025-01-24,OBFR,4.33,4.25,4.32,4.33,4.4,277,,
2025-01-27,OBFR,4.33,4.25,4.32,4.33,4.38,276,,
2025-01-28,OBFR,4.33,4.25,4.32,4.33,4.4,255,,
2025-01-29,OBFR,4.33,4.25,4.32,4.33,4.4,274,,
2025-01-30,OBFR,4.33,4.2,4.32,4.33,4.38,280,,
2025-01-31,OBFR,4.33,4.25,4.32,4.33,4.4,227,,
2025-02-03,OBFR,4.33,4.25,4.32,4.33,4.4,264,,
2025-02-04,OBFR,4.33,4.25,4.33,4.33,4.4,281,,
2025-02-05,OBFR,4.33,4.27,4.32,4.33,4.39,296,,
2025-02-06,OBFR,4.33,4.25,4.33,4.34,4.39,281,,
2025-02-07,OBFR,4.33,4.25,4.32,4.33,4.4,286,,
2025-02-10,OBFR,4.33,4.27,4.33,4.33,4.4,273,,
2025-02-11,OBFR,4.33,4.26,4.33,4.33,4.4,278,,
2025-02-12,OBFR,4.33,4.27,4.33,4.33,4.4,285,,
2025-02-13,OBFR,4.33,4.25,4.33,4.33,4.4,273,,
2025-02-14,OBFR,4.33,4.25,4.33,4.33,4.4,268,,
2025-02-18,OBFR,4.33,4.27,4.33,4.33,4.4,246,,
2025-02-19,OBFR,4.33,4.27,4.33,4.33,4.4,255,,
2025-02-20,OBFR,4.33,4.25,4.33,4.33,4.4,283,,
2025-02-21,OBFR,4.33,4.25,4.33,4.33,4.4,293,,
2025-02-24,OBFR,4.33,4.27,4.32,4.33,4.4,292,,
2025-02-25,OBFR,4.33,4.25,4.33,4.33,4.4,302,,
2025-02-26,OBFR,4.33,4.25,4.32,4.33,4.38,297,,
2025-02-27,OBFR,4.33,4.2,4.32,4.33,4.38,280,,
2025-02-28,OBFR,4.33,4.25,4.32,4.33,4.4,234,,
2025-03-03,OBFR,4.33,4.28,4.32,4.33,4.4,287,,
2025-03-04,OBFR,4.33,4.28,4.32,4.33,4.4,288,,
2025-03-05,OBFR,4.33,4.27,4.33,4.33,4.38,284,,
2025-03-06,OBFR,4.33,4.25,4.32,4.33,4.38,283,,
2025-03-07,OBFR,4.33,4.25,4.32,4.33,4.38,284,,
2025-03-10,OBFR,4.33,4.27,4.33,4.33,4.39,292,,
2025-03-11,OBFR,4.33,4.28,4.33,4.33,4.39,282,,
2025-03-12,OBFR,4.33,4.28,4.33,4.33,4.39,273,,
2025-03-13,OBFR,4.33,4.28,4.32,4.33,4.39,287,,
2025-03-14,OBFR,4.33,4.27,4.32,4.33,4.39,277,,
2025-03-17,OBFR,4.33,4.28,4.33,4.33,4.39,279,,
2025-03-18,OBFR,4.33,4.28,4.33,4.33,4.39,292,,
2025-03-19,OBFR,4.33,4.28,4.32,4.33,4.38,285,,
2025-03-20,OBFR,4.33,4.25,4.32,4.33,4.38,300,,
2025-03-21,OBFR,4.33,4.27,4.32,4.33,4.39,296,,
2025-03-24,OBFR,4.33,4.27,4.32,4.33,4.39,301,,
2025-03-25,OBFR,4.33,4.26,4.32,4.33,4.39,283,,
2025-03-26,OBFR,4.33,4.27,4.33,4.33,4.38,273,,
2025-03-27,OBFR,4.33,4.25,4.33,4.33,4.38,276,,
2025-03-28,OBFR,4.33,4.27,4.33,4.33,4.38,286,,
2025-03-31,OBFR,4.33,4.25,4.32,4.34,4.45,182,,
2025-04-01,OBFR,4.33,4.28,4.33,4.33,4.39,264,,
2025-04-02,OBFR,4.33,4.28,4.33,4.33,4.39,258,,
2025-04-03,OBFR,4.33,4.25,4.33,4.33,4.39,263,,
2025-04-04,OBFR,4.33,4.25,4.33,4.33,4.39,269,,
2025-04-07,OBFR,4.33,4.27,4.33,4.33,4.4,266,,
2025-04-08,OBFR,4.33,4.25,4.33,4.33,4.39,233,,
2025-04-09,OBFR,4.33,4.27,4.33,4.34,4.4,241,,
2025-04-10,OBFR,4.33,4.25,4.33,4.33,4.4,256,,
2025-04-11,OBFR,4.33,4.27,4.33,4.33,4.4,275,,
2025-04-14,OBFR,4.33,4.27,4.33,4.33,4.4,266,,
2025-04-15,OBFR,4.33,4.25,4.33,4.33,4.4,242,,
2025-04-16,OBFR,4.33,4.27,4.32,4.33,4.38,258,,
2025-04-17,OBFR,4.33,4.25,4.32,4.33,4.4,128,,
2025-04-18,OBFR,4.33,4.25,4.32,4.33,4.4,114,,
2025-04-21,OBFR,4.33,4.28,4.33,4.33,4.4,273,,
2025-04-22,OBFR,4.33,4.27,4.33,4.33,4.4,287,,
2025-04-23,OBFR,4.33,4.28,4.33,4.33,4.4,290,,
2025-04-24,OBFR,4.33,4.27,4.32,4.33,4.4,303,,
2025-04-25,OBFR,4.33,4.28,4.33,4.33,4.45,298,,
2025-04-28,OBFR,4.33,4.28,4.33,4.33,4.4,279,,
2025-04-29,OBFR,4.33,4.25,4.32,4.33,4.4,273,,
2025-04-30,OBFR,4.33,4.27,4.32,4.33,4.45,215,,
2025-05-01,OBFR,4.33,4.25,4.32,4.33,4.4,247,,
2025-05-02,OBFR,4.33,4.25,4.33,4.33,4.42,279,,
2025-05-05,OBFR,4.33,4.28,4.33,4.33,4.4,293,,
2025-05-06,OBFR,4.33,4.28,4.33,4.33,4.4,295,,
2025-05-07,OBFR,4.33,4.28,4.32,4.33,4.38,298,,
2025-05-08,OBFR,4.33,4.25,4.32,4.33,4.38,313,,
2025-05-09,OBFR,4.33,4.25,4.32,4.33,4.39,295,,
2025-05-12,OBFR,4.33,4.28,4.32,4.33,4.4,296,,
2025-05-13,OBFR,4.33,4.28,4.32,4.33,4.4,299,,
2025-05-14,OBFR,4.33,4.28,4.32,4.33,4.4,288,,
2025-05-15,OBFR,4.33,4.25,4.32,4.33,4.4,294,,
2025-05-16,OBFR,4.33,4.25,4.32,4.33,4.4,302,,
2025-05-19,OBFR,4.33,4.28,4.32,4.33,4.39,299,,
2025-05-20,OBFR,4.33,4.28,4.32,4.33,4.39,294,,
2025-05-21,OBFR,4.33,4.28,4.32,4.33,4.39,300,,
2025-05-22,OBFR,4.33,4.25,4.32,4.33,4.39,302,,
2025-05-23,OBFR,4.33,4.25,4.32,4.33,4.39,305,,
2025-05-27,OBFR,4.33,4.27,4.32,4.33,4.4,293,,
2025-05-28,OBFR,4.33,4.27,4.32,4.33,4.4,282,,
2025-05-29,OBFR,4.33,4.23,4.32,4.33,4.4,302,,
2025-05-30,OBFR,4.33,4.25,4.32,4.33,4.42,228,,
2025-06-02,OBFR,4.33,4.28,4.32,4.33,4.4,271,,
2025-06-03,OBFR,4.33,4.28,4.33,4.33,4.4,297,,
2025-06-04,OBFR,4.33,4.28,4.32,4.33,4.4,294,,
2025-06-05,OBFR,4.33,4.25,4.32,4.33,4.4,298,,
2025-06-06,OBFR,4.33,4.25,4.32,4.33,4.38,301,,
2025-06-09,OBFR,4.33,4.28,4.32,4.33,4.4,289,,
2025-06-10,OBFR,4.33,4.28,4.32,4.33,4.4,284,,
2025-06-11,OBFR,4.33,4.28,4.32,4.33,4.4,282,,
2025-06-12,OBFR,4.33,4.25,4.32,4.33,4.4,290,,
2025-06-13,OBFR,4.33,4.25,4.32,4.33,4.39,296,,
2025-06-16,OBFR,4.33,4.28,4.32,4.33,4.39,273,,
2025-06-17,OBFR,4.33,4.28,4.32,4.33,4.39,285,,
2025-06-18,OBFR,4.33,4.25,4.32,4.33,4.38,290,,
2025-06-20,OBFR,4.33,4.25,4.32,4.33,4.38,298,,
2025-06-23,OBFR,4.33,4.28,4.32,4.33,4.39,293,,
2025-06-24,OBFR,4.33,4.28,4.32,4.33,4.39,287,,
2025-06-25,OBFR,4.33,4.28,4.32,4.33,4.39,281,,
2025-06-26,OBFR,4.33,4.28,4.32,4.34,4.39,282,,
2025-06-27,OBFR,4.33,4.25,4.32,4.33,4.4,262,,
2025-06-30,OBFR,4.33,4.25,4.32,4.34,4.45,157,,
2025-07-01,OBFR,4.33,4.27,4.32,4.33,4.4,264,,
2025-07-02,OBFR,4.33,4.2,4.32,4.33,4.4,268,,
2025-07-03,OBFR,4.33,4.25,4.32,4.33,4.39,277,,
2025-07-07,OBFR,4.33,4.28,4.32,4.33,4.4,263,,
2025-07-08,OBFR,4.33,4.27,4.32,4.33,4.4,262,,
2025-07-09,OBFR,4.33,4.27,4.32,4.33,4.4,262,,
2025-07-10,OBFR,4.33,4.25,4.32,4.33,4.39,284,,
2025-07-11,OBFR,4.33,4.28,4.32,4.33,4.39,265,,
2025-07-14,OBFR,4.33,4.27,4.32,4.33,4.4,261,,
2025-07-15,OBFR,4.33,4.28,4.33,4.33,4.4,252,,
2025-07-16,OBFR,4.33,4.28,4.33,4.33,4.39,268,,
2025-07-17,OBFR,4.33,4.28,4.32,4.33,4.38,273,,
2025-07-18,OBFR,4.33,4.25,4.32,4.33,4.38,277,,
2025-07-21,OBFR,4.33,4.28,4.32,4.33,4.38,280,,
2025-07-22,OBFR,4.33,4.28,4.32,4.33,4.38,273,,
2025-07-23,OBFR,4.33,4.28,4.32,4.33,4.38,283,,
2025-07-24,OBFR,4.33,4.25,4.32,4.33,4.38,281,,
2025-07-25,OBFR,4.33,4.25,4.32,4.33,4.38,266,,
2025-07-28,OBFR,4.33,4.28,4.32,4.33,4.38,268,,
2025-07-29,OBFR,4.33,4.27,4.33,4.33,4.38,264,,
2025-07-30,OBFR,4.33,4.27,4.32,4.33,4.38,275,,
2025-07-31,OBFR,4.33,4.2,4.32,4.33,4.4,208,,
2025-08-01,OBFR,4.33,4.26,4.32,4.33,4.38,287,,
2025-08-04,OBFR,4.33,4.28,4.32,4.33,4.38,265,,
2025-08-05,OBFR,4.33,4.28,4.32,4.33,4.4,268,,
2025-08-06,OBFR,4.33,4.28,4.32,4.33,4.4,264,,
2025-08-07,OBFR,4.33,4.28,4.33,4.33,4.4,254,,
2025-08-08,OBFR,4.33,4.25,4.32,4.33,4.4,262,,
2025-08-11,OBFR,4.33,4.28,4.33,4.33,4.4,263,,
2025-08-12,OBFR,4.33,4.28,4.33,4.33,4.4,247,,
2025-08-13,OBFR,4.33,4.28,4.32,4.33,4.38,267,,
2025-08-14,OBFR,4.33,4.25,4.32,4.33,4.4,253,,
2025-08-15,OBFR,4.33,4.25,4.32,4.33,4.4,240,,
2025-08-18,OBFR,4.33,4.28,4.33,4.33,4.4,244,,
2025-08-19,OBFR,4.33,4.28,4.33,4.33,4.4,260,,
2025-08-20,OBFR,4.33,4.28,4.33,4.33,4.38,269,,
2025-08-21,OBFR,4.33,4.28,4.32,4.33,4.4,263,,
2025-08-22,OBFR,4.33,4.25,4.32,4.33,4.4,242,,
2025-08-25,OBFR,4.33,4.28,4.33,4.33,4.4,236,,
2025-08-26,OBFR,4.33,4.27,4.32,4.33,4.4,226,,
2025-08-27,OBFR,4.33,4.27,4.32,4.33,4.4,229,,
2025-08-28,OBFR,4.33,4.2,4.32,4.33,4.4,227,,
2025-08-29,OBFR,4.33,4.25,4.32,4.33,4.4,224,,
2025-09-02,OBFR,4.33,4.28,4.32,4.33,4.38,220,,
2025-09-03,OBFR,4.33,4.28,4.32,4.33,4.4,218,,
2025-09-04,OBFR,4.33,4.25,4.32,4.33,4.4,231,,
2025-09-05,OBFR,4.33,4.25,4.33,4.34,4.4,225,,
2025-09-08,OBFR,4.33,4.25,4.33,4.34,4.4,215,,
2025-09-09,OBFR,4.33,4.25,4.33,4.34,4.4,208,,
2025-09-10,OBFR,4.33,4.27,4.33,4.34,4.4,209,,
2025-09-11,OBFR,4.33,4.28,4.33,4.34,4.4,214,,
2025-09-12,OBFR,4.33,4.25,4.33,4.34,4.4,208,,
2025-09-15,OBFR,4.33,4.27,4.33,4.34,4.4,181,,
2025-09-16,OBFR,4.33,4.27,4.33,4.34,4.4,191,,
2025-09-17,OBFR,4.33,4.27,4.33,4.34,4.4,192,,
2025-09-18,OBFR,4.08,4.02,4.08,4.09,4.2,185,,
2025-09-19,OBFR,4.08,4.0,4.08,4.09,4.16,191,,
2025-09-22,OBFR,4.09,4.02,4.08,4.09,4.16,195,,
2025-09-23,OBFR,4.09,4.02,4.08,4.09,4.16,188,,
2025-09-24,OBFR,4.09,4.02,4.08,4.09,4.15,176,,
2025-09-25,OBFR,4.09,4.0,4.08,4.1,4.15,194,,
2025-09-26,OBFR,4.09,4.0,4.08,4.1,4.15,178,,
2025-09-29,OBFR,4.09,4.0,4.08,4.1,4.15,174,,
2025-09-30,OBFR,4.09,4.0,4.08,4.1,4.18,155,,
2025-10-01,OBFR,4.09,4.02,4.08,4.1,4.15,180,,
2025-10-02,OBFR,4.09,4.0,4.08,4.1,4.15,187,,
2025-10-03,OBFR,4.09,4.01,4.08,4.1,4.15,183,,
2025-10-06,OBFR,4.09,4.0,4.09,4.1,4.15,164,,
2025-10-07,OBFR,4.09,4.0,4.09,4.1,4.15,160,,
2025-10-08,OBFR,4.1,4.0,4.09,4.1,4.16,156,,
2025-10-09,OBFR,4.1,4.02,4.09,4.1,4.15,174,,
2025-10-10,OBFR,4.1,4.02,4.09,4.1,4.15,174,,
2025-10-14,OBFR,4.1,4.0,4.09,4.1,4.15,168,,
2025-10-15,OBFR,4.1,4.0,4.09,4.11,4.15,165,,
2025-10-16,OBFR,4.11,4.02,4.09,4.12,4.15,171,,
2025-10-17,OBFR,4.11,4.02,4.09,4.12,4.17,169,,
2025-10-20,OBFR,4.11,4.02,4.1,4.12,4.17,163,,
2025-10-21,OBFR,4.11,4.02,4.1,4.12,4.16,162,,
2025-10-22,OBFR,4.11,4.0,4.1,4.12,4.15,180,,
2025-10-23,OBFR,4.11,4.0,4.1,4.12,4.15,173,,
2025-10-24,OBFR,4.11,4.02,4.1,4.12,4.16,180,,
2025-10-27,OBFR,4.11,4.02,4.1,4.12,4.16,176,,
2025-10-28,OBFR,4.12,4.03,4.1,4.13,4.16,178,,
2025-10-29,OBFR,4.12,4.03,4.1,4.13,4.15,189,,
2025-10-30,OBFR,3.87,3.75,3.85,3.88,3.94,179,,
2025-10-31,OBFR,3.86,3.78,3.85,3.88,3.93,195,,
2025-11-03,OBFR,3.87,3.78,3.86,3.88,3.91,177,,
2025-11-04,OBFR,3.87,3.77,3.86,3.88,3.91,165,,
2025-11-05,OBFR,3.87,3.77,3.85,3.88,3.91,166,,
2025-11-06,OBFR,3.87,3.77,3.85,3.88,3.93,160,,
2025-11-07,OBFR,3.87,3.75,3.85,3.88,3.91,162,,
2025-11-10,OBFR,3.87,3.77,3.86,3.88,3.91,161,,
2025-11-12,OBFR,3.87,3.77,3.86,3.88,3.92,156,,
2025-11-13,OBFR,3.87,3.75,3.86,3.89,3.93,172,,
2025-11-14,OBFR,3.88,3.75,3.86,3.88,3.91,157,,
2025-11-17,OBFR,3.88,3.77,3.87,3.89,3.91,150,,
2025-11-18,OBFR,3.88,3.77,3.87,3.89,3.94,164,,
2025-11-19,OBFR,3.88,3.77,3.87,3.89,3.91,166,,
2025-11-20,OBFR,3.88,3.78,3.86,3.89,3.95,179,,
2025-11-21,OBFR,3.88,3.76,3.87,3.89,3.93,174,,
2025-11-24,OBFR,3.88,3.75,3.87,3.89,3.93,159,,
2025-11-25,OBFR,3.88,3.75,3.87,3.89,3.93,153,,
2025-11-26,OBFR,3.88,3.75,3.87,3.89,3.91,171,,
2025-11-28,OBFR,3.88,3.78,3.87,3.89,4.08,167,,
2025-12-01,OBFR,3.89,3.77,3.87,3.9,3.92,151,,
2025-12-02,OBFR,3.89,3.77,3.87,3.9,3.92,160,,
2025-12-03,OBFR,3.89,3.77,3.87,3.9,3.92,153,,
2025-12-04,OBFR,3.89,3.77,3.87,3.9,3.92,173,,
2025-12-05,OBFR,3.89,3.75,3.87,3.9,3.92,167,,
2025-12-08,OBFR,3.89,3.77,3.87,3.9,3.92,160,,
2025-12-09,OBFR,3.89,3.77,3.88,3.9,3.92,161,,
2025-12-10,OBFR,3.89,3.78,3.87,3.9,3.91,184,,
2025-12-11,OBFR,3.64,3.53,3.62,3.65,3.67,184,,
2025-12-12,OBFR,3.64,3.52,3.63,3.65,3.68,174,,
2025-12-15,OBFR,3.64,3.52,3.63,3.65,3.68,167,,
2025-12-16,OBFR,3.64,3.52,3.63,3.65,3.68,169,,
2025-12-17,OBFR,3.64,3.52,3.63,3.65,3.68,170,,
2025-12-18,OBFR,3.64,3.5,3.62,3.65,3.68,171,,
2025-12-19,OBFR,3.64,3.5,3.63,3.65,3.68,181,,
2025-12-22,OBFR,3.64,3.5,3.63,3.65,3.68,171,,
2025-12-23,OBFR,3.64,3.5,3.63,3.65,3.68,166,,
2025-12-24,OBFR,3.64,3.52,3.63,3.65,3.68,166,,
