,operationId,auctionStatus,operationDate,settlementDate,maturityDate,operationType,operationMethod,settlementType,termCalenderDays,term,releaseTime,closeTime,note,lastUpdated,participatingCpty,acceptedCpty,totalAmtSubmitted,totalAmtAccepted,details,propositions,operation_type
89,RP 081925 2,Results,2025-08-19,2025-08-19,2025-08-20,Reverse Repo,Fixed Rate,Same Day,1,Overnight,12:45,13:15,,2025-08-19 13:15:39,29,29,22344000000,22344000000,"[{'securityType': 'Treasury', 'amtSubmitted': 22344000000, 'amtAccepted': 22344000000, 'percentOfferingRate': 4.25, 'percentAwardRate': 4.25}]","[{'counterpartyType': 'bank', 'amtAccepted': 0}, {'counterpartyType': 'gse', 'amtAccepted': 3625000000}, {'counterpartyType': 'mmf', 'amtAccepted': 18719000000}, {'counterpartyType': 'pd', 'amtAccepted': 0}]",reverserepo
88,RP 082025 2,Results,2025-08-20,2025-08-20,2025-08-21,Reverse Repo,Fixed Rate,Same Day,1,Overnight,12:45,13:15,,2025-08-20 13:15:43,18,18,34999000000,34999000000,"[{'securityType': 'Treasury', 'amtSubmitted': 34999000000, 'amtAccepted': 34999000000, 'percentOfferingRate': 4.25, 'percentAwardRate': 4.25}]","[{'counterpartyType': 'bank', 'amtAccepted': 0}, {'counterpartyType': 'gse', 'amtAccepted': 3675000000}, {'counterpartyType': 'mmf', 'amtAccepted': 31323000000}, {'counterpartyType': 'pd', 'amtAccepted': 1000000}]",reverserepo
87,RP 082125 3,Results,2025-08-21,2025-08-21,2025-08-22,Reverse Repo,Fixed Rate,Same Day,1,Overnight,12:45,13:15,,2025-08-21 13:16:03,17,17,25358000000,25358000000,"[{'securityType': 'Treasury', 'amtSubmitted': 25358000000, 'amtAccepted': 25358000000, 'percentOfferingRate': 4.25, 'percentAwardRate': 4.25}]","[{'counterpartyType': 'bank', 'amtAccepted': 0}, {'counterpartyType': 'gse', 'amtAccepted': 3250000000}, {'counterpartyType': 'mmf', 'amtAccepted': 22108000000}, {'counterpartyType': 'pd', 'amtAccepted': 0}]",reverserepo
86,RP 082225 2,Results,2025-08-22,2025-08-22,2025-08-25,Reverse Repo,Fixed Rate,Same Day,3,Overnight,12:45,13:15,,2025-08-22 13:15:41,16,16,36275000000,36275000000,"[{'securityType': 'Treasury', 'amtSubmitted': 36275000000, 'amtAccepted': 36275000000, 'percentOfferingRate': 4.25, 'percentAwardRate': 4.25}]","[{'counterpartyType': 'bank', 'amtAccepted': 0}, {'counterpartyType': 'gse', 'amtAccepted': 3025000000}, {'counterpartyType': 'mmf', 'amtAccepted': 33250000000}, {'counterpartyType': 'pd', 'amtAccepted': 0}]",reverserepo
85,RP 082525 2,Results,2025-08-25,2025-08-25,2025-08-26,Reverse Repo,Fixed Rate,Same Day,1,Overnight,12:45,13:15,,2025-08-25 13:15:50,23,23,47567000000,47567000000,"[{'securityType': 'Treasury', 'amtSubmitted': 47567000000, 'amtAccepted': 47567000000, 'percentOfferingRate': 4.25, 'percentAwardRate': 4.25}]","[{'counterpartyType': 'bank', 'amtAccepted': 0}, {'counterpartyType': 'gse', 'amtAccepted': 2900000000}, {'counterpartyType': 'mmf', 'amtAccepted': 44667000000}, {'counterpartyType': 'pd', 'amtAccepted': 0}]",reverserepo
84,RP 082625 2,Results,2025-08-26,2025-08-26,2025-08-27,Reverse Repo,Fixed Rate,Same Day,1,Overnight,12:45,13:15,,2025-08-26 13:15:40,16,16,28574000000,28574000000,"[{'securityType': 'Treasury', 'amtSubmitted': 28574000000, 'amtAccepted': 28574000000, 'percentOfferingRate': 4.25, 'percentAwardRate': 4.25}]","[{'counterpartyType': 'bank', 'amtAccepted': 0}, {'counterpartyType': 'gse', 'amtAccepted': 3035000000}, {'counterpartyType': 'mmf', 'amtAccepted': 25539000000}, {'counterpartyType': 'pd', 'amtAccepted': 0}]",reverserepo
83,RP 082725 2,Results,2025-08-27,2025-08-27,2025-08-28,Reverse Repo,Fixed Rate,Same Day,1,Overnight,12:45,13:15,,2025-08-27 13:15:38,21,21,34744000000,34744000000,"[{'securityType': 'Treasury', 'amtSubmitted': 34744000000, 'amtAccepted': 34744000000, 'percentOfferingRate': 4.25, 'percentAwardRate': 4.25}]","[{'counterpartyType': 'bank', 'amtAccepted': 0}, {'counterpartyType': 'gse', 'amtAccepted': 2550000000}, {'counterpartyType': 'mmf', 'amtAccepted': 32194000000}, {'counterpartyType': 'pd', 'amtAccepted': 0}]",reverserepo
82,RP 082825 2,Results,2025-08-28,2025-08-28,2025-08-29,Reverse Repo,Fixed Rate,Same Day,1,Overnight,12:45,13:15,,2025-08-28 13:15:42,20,20,31966000000,31966000000,"[{'securityType': 'Treasury', 'amtSubmitted': 31966000000, 'amtAccepted': 31966000000, 'percentOfferingRate': 4.25, 'percentAwardRate': 4.25}]","[{'counterpartyType': 'bank', 'amtAccepted': 0}, {'counterpartyType': 'gse', 'amtAccepted': 2525000000}, {'counterpartyType': 'mmf', 'amtAccepted': 29440000000}, {'counterpartyType': 'pd', 'amtAccepted': 1000000}]",reverserepo
81,RP 082925 2,Results,2025-08-29,2025-08-29,2025-09-02,Reverse Repo,Fixed Rate,Same Day,4,Overnight,12:45,13:15,,2025-08-29 13:24:28,26,26,77898000000,77898000000,"[{'securityType': 'Treasury', 'amtSubmitted': 77898000000, 'amtAccepted': 77898000000, 'percentOfferingRate': 4.25, 'percentAwardRate': 4.25}]","[{'counterpartyType': 'bank', 'amtAccepted': 0}, {'counterpartyType': 'gse', 'amtAccepted': 22925000000}, {'counterpartyType': 'mmf', 'amtAccepted': 54973000000}, {'counterpartyType': 'pd', 'amtAccepted': 0}]",reverserepo
80,RP 090225 2,Results,2025-09-02,2025-09-02,2025-09-03,Reverse Repo,Fixed Rate,Same Day,1,Overnight,12:45,13:15,,2025-09-02 13:15:49,17,17,21066000000,21066000000,"[{'securityType': 'Treasury', 'amtSubmitted': 21066000000, 'amtAccepted': 21066000000, 'percentOfferingRate': 4.25, 'percentAwardRate': 4.25}]","[{'counterpartyType': 'bank', 'amtAccepted': 0}, {'counterpartyType': 'gse', 'amtAccepted': 3490000000}, {'counterpartyType': 'mmf', 'amtAccepted': 17576000000}, {'counterpartyType': 'pd', 'amtAccepted': 0}]",reverserepo
79,RP 090325 2,Results,2025-09-03,2025-09-03,2025-09-04,Reverse Repo,Fixed Rate,Same Day,1,Overnight,12:45,13:15,,2025-09-03 13:15:55,17,17,17923000000,17923000000,"[{'securityType': 'Treasury', 'amtSubmitted': 17923000000, 'amtAccepted': 17923000000, 'percentOfferingRate': 4.25, 'percentAwardRate': 4.25}]","[{'counterpartyType': 'bank', 'amtAccepted': 0}, {'counterpartyType': 'gse', 'amtAccepted': 3525000000}, {'counterpartyType': 'mmf', 'amtAccepted': 14398000000}, {'counterpartyType': 'pd', 'amtAccepted': 0}]",reverserepo
78,RP 090425 2,Results,2025-09-04,2025-09-04,2025-09-05,Reverse Repo,Fixed Rate,Same Day,1,Overnight,12:45,13:15,,2025-09-04 13:16:17,17,17,20128000000,20128000000,"[{'securityType': 'Treasury', 'amtSubmitted': 20128000000, 'amtAccepted': 20128000000, 'percentOfferingRate': 4.25, 'percentAwardRate': 4.25}]","[{'counterpartyType': 'bank', 'amtAccepted': 0}, {'counterpartyType': 'gse', 'amtAccepted': 3340000000}, {'counterpartyType': 'mmf', 'amtAccepted': 16788000000}, {'counterpartyType': 'pd', 'amtAccepted': 0}]",reverserepo
77,RP 090525 2,Results,2025-09-05,2025-09-05,2025-09-08,Reverse Repo,Fixed Rate,Same Day,3,Overnight,12:45,13:15,,2025-09-05 13:16:02,15,15,20997000000,20997000000,"[{'securityType': 'Treasury', 'amtSubmitted': 20997000000, 'amtAccepted': 20997000000, 'percentOfferingRate': 4.25, 'percentAwardRate': 4.25}]","[{'counterpartyType': 'bank', 'amtAccepted': 0}, {'counterpartyType': 'gse', 'amtAccepted': 2675000000}, {'counterpartyType': 'mmf', 'amtAccepted': 18322000000}, {'counterpartyType': 'pd', 'amtAccepted': 0}]",reverserepo
76,RP 090825 2,Results,2025-09-08,2025-09-08,2025-09-09,Reverse Repo,Fixed Rate,Same Day,1,Overnight,12:45,13:15,,2025-09-08 13:15:35,20,20,19416000000,19416000000,"[{'securityType': 'Treasury', 'amtSubmitted': 19416000000, 'amtAccepted': 19416000000, 'percentOfferingRate': 4.25, 'percentAwardRate': 4.25}]","[{'counterpartyType': 'bank', 'amtAccepted': 1000000}, {'counterpartyType': 'gse', 'amtAccepted': 2675000000}, {'counterpartyType': 'mmf', 'amtAccepted': 16740000000}, {'counterpartyType': 'pd', 'amtAccepted': 0}]",reverserepo
75,RP 090925 2,Results,2025-09-09,2025-09-09,2025-09-10,Reverse Repo,Fixed Rate,Same Day,1,Overnight,12:45,13:15,,2025-09-09 13:15:33,15,15,22915000000,22915000000,"[{'securityType': 'Treasury', 'amtSubmitted': 22915000000, 'amtAccepted': 22915000000, 'percentOfferingRate': 4.25, 'percentAwardRate': 4.25}]","[{'counterpartyType': 'bank', 'amtAccepted': 0}, {'counterpartyType': 'gse', 'amtAccepted': 3055000000}, {'counterpartyType': 'mmf', 'amtAccepted': 19860000000}, {'counterpartyType': 'pd', 'amtAccepted': 0}]",reverserepo
74,RP 091025 2,Results,2025-09-10,2025-09-10,2025-09-11,Reverse Repo,Fixed Rate,Same Day,1,Overnight,12:45,13:15,,2025-09-10 13:15:35,18,18,29400000000,29400000000,"[{'securityType': 'Treasury', 'amtSubmitted': 29400000000, 'amtAccepted': 29400000000, 'percentOfferingRate': 4.25, 'percentAwardRate': 4.25}]","[{'counterpartyType': 'bank', 'amtAccepted': 0}, {'counterpartyType': 'gse', 'amtAccepted': 3535000000}, {'counterpartyType': 'mmf', 'amtAccepted': 25864000000}, {'counterpartyType': 'pd', 'amtAccepted': 1000000}]",reverserepo
73,RP 091125 2,Results,2025-09-11,2025-09-11,2025-09-12,Reverse Repo,Fixed Rate,Same Day,1,Overnight,12:45,13:15,,2025-09-11 13:15:37,15,15,26897000000,26897000000,"[{'securityType': 'Treasury', 'amtSubmitted': 26897000000, 'amtAccepted': 26897000000, 'percentOfferingRate': 4.25, 'percentAwardRate': 4.25}]","[{'counterpartyType': 'bank', 'amtAccepted': 0}, {'counterpartyType': 'gse', 'amtAccepted': 3875000000}, {'counterpartyType': 'mmf', 'amtAccepted': 23022000000}, {'counterpartyType': 'pd', 'amtAccepted': 0}]",reverserepo
72,RP 091225 2,Results,2025-09-12,2025-09-12,2025-09-15,Reverse Repo,Fixed Rate,Same Day,3,Overnight,12:45,13:15,,2025-09-12 13:15:42,16,16,17331000000,17331000000,"[{'securityType': 'Treasury', 'amtSubmitted': 17331000000, 'amtAccepted': 17331000000, 'percentOfferingRate': 4.25, 'percentAwardRate': 4.25}]","[{'counterpartyType': 'bank', 'amtAccepted': 0}, {'counterpartyType': 'gse', 'amtAccepted': 3700000000}, {'counterpartyType': 'mmf', 'amtAccepted': 13630000000}, {'counterpartyType': 'pd', 'amtAccepted': 1000000}]",reverserepo
71,RP 091525 2,Results,2025-09-15,2025-09-15,2025-09-16,Reverse Repo,Fixed Rate,Same Day,1,Overnight,12:45,13:15,,2025-09-15 13:15:53,16,16,16954000000,16954000000,"[{'securityType': 'Treasury', 'amtSubmitted': 16954000000, 'amtAccepted': 16954000000, 'percentOfferingRate': 4.25, 'percentAwardRate': 4.25}]","[{'counterpartyType': 'bank', 'amtAccepted': 0}, {'counterpartyType': 'gse', 'amtAccepted': 3775000000}, {'counterpartyType': 'mmf', 'amtAccepted': 13179000000}, {'counterpartyType': 'pd', 'amtAccepted': 0}]",reverserepo
70,RP 091625 2,Results,2025-09-16,2025-09-16,2025-09-17,Reverse Repo,Fixed Rate,Same Day,1,Overnight,12:45,13:15,,2025-09-16 13:16:15,16,16,18817000000,18817000000,"[{'securityType': 'Treasury', 'amtSubmitted': 18817000000, 'amtAccepted': 18817000000, 'percentOfferingRate': 4.25, 'percentAwardRate': 4.25}]","[{'counterpartyType': 'bank', 'amtAccepted': 0}, {'counterpartyType': 'gse', 'amtAccepted': 3755000000}, {'counterpartyType': 'mmf', 'amtAccepted': 15062000000}, {'counterpartyType': 'pd', 'amtAccepted': 0}]",reverserepo
69,RP 091725 2,Results,2025-09-17,2025-09-17,2025-09-18,Reverse Repo,Fixed Rate,Same Day,1,Overnight,12:45,13:15,,2025-09-17 13:15:45,14,14,13963000000,13963000000,"[{'securityType': 'Treasury', 'amtSubmitted': 13963000000, 'amtAccepted': 13963000000, 'percentOfferingRate': 4.25, 'percentAwardRate': 4.25}]","[{'counterpartyType': 'bank', 'amtAccepted': 1000000}, {'counterpartyType': 'gse', 'amtAccepted': 3595000000}, {'counterpartyType': 'mmf', 'amtAccepted': 10367000000}, {'counterpartyType': 'pd', 'amtAccepted': 0}]",reverserepo
68,RP 091825 2,Results,2025-09-18,2025-09-18,2025-09-19,Reverse Repo,Fixed Rate,Same Day,1,Overnight,12:45,13:15,,2025-09-18 13:15:54,13,13,13707000000,13707000000,"[{'securityType': 'Treasury', 'amtSubmitted': 13707000000, 'amtAccepted': 13707000000, 'percentOfferingRate': 4.0, 'percentAwardRate': 4.0}]","[{'counterpartyType': 'bank', 'amtAccepted': 0}, {'counterpartyType': 'gse', 'amtAccepted': 2995000000}, {'counterpartyType': 'mmf', 'amtAccepted': 10712000000}, {'counterpartyType': 'pd', 'amtAccepted': 0}]",reverserepo
67,RP 091925 2,Results,2025-09-19,2025-09-19,2025-09-22,Reverse Repo,Fixed Rate,Same Day,3,Overnight,12:45,13:15,,2025-09-19 13:16:16,13,13,11363000000,11363000000,"[{'securityType': 'Treasury', 'amtSubmitted': 11363000000, 'amtAccepted': 11363000000, 'percentOfferingRate': 4.0, 'percentAwardRate': 4.0}]","[{'counterpartyType': 'bank', 'amtAccepted': 0}, {'counterpartyType': 'gse', 'amtAccepted': 2720000000}, {'counterpartyType': 'mmf', 'amtAccepted': 8643000000}, {'counterpartyType': 'pd', 'amtAccepted': 0}]",reverserepo
66,RP 092225 2,Results,2025-09-22,2025-09-22,2025-09-23,Reverse Repo,Fixed Rate,Same Day,1,Overnight,12:45,13:15,,2025-09-22 13:15:57,15,15,14173000000,14173000000,"[{'securityType': 'Treasury', 'amtSubmitted': 14173000000, 'amtAccepted': 14173000000, 'percentOfferingRate': 4.0, 'percentAwardRate': 4.0}]","[{'counterpartyType': 'bank', 'amtAccepted': 0}, {'counterpartyType': 'gse', 'amtAccepted': 2990000000}, {'counterpartyType': 'mmf', 'amtAccepted': 11183000000}, {'counterpartyType': 'pd', 'amtAccepted': 0}]",reverserepo
65,RP 092325 2,Results,2025-09-23,2025-09-23,2025-09-24,Reverse Repo,Fixed Rate,Same Day,1,Overnight,12:45,13:15,,2025-09-23 13:15:44,16,16,14402000000,14402000000,"[{'securityType': 'Treasury', 'amtSubmitted': 14402000000, 'amtAccepted': 14402000000, 'percentOfferingRate': 4.0, 'percentAwardRate': 4.0}]","[{'counterpartyType': 'bank', 'amtAccepted': 0}, {'counterpartyType': 'gse', 'amtAccepted': 2905000000}, {'counterpartyType': 'mmf', 'amtAccepted': 11497000000}, {'counterpartyType': 'pd', 'amtAccepted': 0}]",reverserepo
64,RP 092425 2,Results,2025-09-24,2025-09-24,2025-09-25,Reverse Repo,Fixed Rate,Same Day,1,Overnight,12:45,13:15,,2025-09-24 13:16:34,22,22,29172000000,29172000000,"[{'securityType': 'Treasury', 'amtSubmitted': 29172000000, 'amtAccepted': 29172000000, 'percentOfferingRate': 4.0, 'percentAwardRate': 4.0}]","[{'counterpartyType': 'bank', 'amtAccepted': 0}, {'counterpartyType': 'gse', 'amtAccepted': 3735000000}, {'counterpartyType': 'mmf', 'amtAccepted': 25437000000}, {'counterpartyType': 'pd', 'amtAccepted': 0}]",reverserepo
63,RP 092525 2,Results,2025-09-25,2025-09-25,2025-09-26,Reverse Repo,Fixed Rate,Same Day,1,Overnight,12:45,13:15,,2025-09-25 13:15:58,21,21,25369000000,25369000000,"[{'securityType': 'Treasury', 'amtSubmitted': 25369000000, 'amtAccepted': 25369000000, 'percentOfferingRate': 4.0, 'percentAwardRate': 4.0}]","[{'counterpartyType': 'bank', 'amtAccepted': 0}, {'counterpartyType': 'gse', 'amtAccepted': 4610000000}, {'counterpartyType': 'mmf', 'amtAccepted': 20759000000}, {'counterpartyType': 'pd', 'amtAccepted': 0}]",reverserepo
62,RP 092625 2,Results,2025-09-26,2025-09-26,2025-09-29,Reverse Repo,Fixed Rate,Same Day,3,Overnight,12:45,13:15,,2025-09-26 13:15:59,23,23,48073000000,48073000000,"[{'securityType': 'Treasury', 'amtSubmitted': 48073000000, 'amtAccepted': 48073000000, 'percentOfferingRate': 4.0, 'percentAwardRate': 4.0}]","[{'counterpartyType': 'bank', 'amtAccepted': 0}, {'counterpartyType': 'gse', 'amtAccepted': 3870000000}, {'counterpartyType': 'mmf', 'amtAccepted': 44203000000}, {'counterpartyType': 'pd', 'amtAccepted': 0}]",reverserepo
61,RP 092925 2,Results,2025-09-29,2025-09-29,2025-09-30,Reverse Repo,Fixed Rate,Same Day,1,Overnight,12:45,13:15,,2025-09-29 13:15:49,26,26,56220000000,56220000000,"[{'securityType': 'Treasury', 'amtSubmitted': 56220000000, 'amtAccepted': 56220000000, 'percentOfferingRate': 4.0, 'percentAwardRate': 4.0}]","[{'counterpartyType': 'bank', 'amtAccepted': 0}, {'counterpartyType': 'gse', 'amtAccepted': 3135000000}, {'counterpartyType': 'mmf', 'amtAccepted': 53085000000}, {'counterpartyType': 'pd', 'amtAccepted': 0}]",reverserepo
60,RP 093025 2,Results,2025-09-30,2025-09-30,2025-10-01,Reverse Repo,Fixed Rate,Same Day,1,Overnight,12:45,13:15,,2025-09-30 13:16:17,28,28,49071000000,49071000000,"[{'securityType': 'Treasury', 'amtSubmitted': 49071000000, 'amtAccepted': 49071000000, 'percentOfferingRate': 4.0, 'percentAwardRate': 4.0}]","[{'counterpartyType': 'bank', 'amtAccepted': 0}, {'counterpartyType': 'gse', 'amtAccepted': 27025000000}, {'counterpartyType': 'mmf', 'amtAccepted': 22046000000}, {'counterpartyType': 'pd', 'amtAccepted': 0}]",reverserepo
59,RP 100125 2,Results,2025-10-01,2025-10-01,2025-10-02,Reverse Repo,Fixed Rate,Same Day,1,Overnight,12:45,13:15,,2025-10-01 13:16:40,15,15,10179000000,10179000000,"[{'securityType': 'Treasury', 'amtSubmitted': 10179000000, 'amtAccepted': 10179000000, 'percentOfferingRate': 4.0, 'percentAwardRate': 4.0}]","[{'counterpartyType': 'bank', 'amtAccepted': 0}, {'counterpartyType': 'gse', 'amtAccepted': 3975000000}, {'counterpartyType': 'mmf', 'amtAccepted': 6204000000}, {'counterpartyType': 'pd', 'amtAccepted': 0}]",reverserepo
58,RP 100225 2,Results,2025-10-02,2025-10-02,2025-10-03,Reverse Repo,Fixed Rate,Same Day,1,Overnight,12:45,13:15,,2025-10-02 13:16:30,10,10,8436000000,8436000000,"[{'securityType': 'Treasury', 'amtSubmitted': 8436000000, 'amtAccepted': 8436000000, 'percentOfferingRate': 4.0, 'percentAwardRate': 4.0}]","[{'counterpartyType': 'bank', 'amtAccepted': 0}, {'counterpartyType': 'gse', 'amtAccepted': 3950000000}, {'counterpartyType': 'mmf', 'amtAccepted': 4486000000}, {'counterpartyType': 'pd', 'amtAccepted': 0}]",reverserepo
57,RP 100325 2,Results,2025-10-03,2025-10-03,2025-10-06,Reverse Repo,Fixed Rate,Same Day,3,Overnight,12:45,13:15,,2025-10-03 13:17:14,14,14,25392000000,25392000000,"[{'securityType': 'Treasury', 'amtSubmitted': 25392000000, 'amtAccepted': 25392000000, 'percentOfferingRate': 4.0, 'percentAwardRate': 4.0}]","[{'counterpartyType': 'bank', 'amtAccepted': 0}, {'counterpartyType': 'gse', 'amtAccepted': 3375000000}, {'counterpartyType': 'mmf', 'amtAccepted': 22017000000}, {'counterpartyType': 'pd', 'amtAccepted': 0}]",reverserepo
56,RP 100625 2,Results,2025-10-06,2025-10-06,2025-10-07,Reverse Repo,Fixed Rate,Same Day,1,Overnight,12:45,13:15,,2025-10-06 13:15:50,19,19,21776000000,21776000000,"[{'securityType': 'Treasury', 'amtSubmitted': 21776000000, 'amtAccepted': 21776000000, 'percentOfferingRate': 4.0, 'percentAwardRate': 4.0}]","[{'counterpartyType': 'bank', 'amtAccepted': 0}, {'counterpartyType': 'gse', 'amtAccepted': 3015000000}, {'counterpartyType': 'mmf', 'amtAccepted': 18761000000}, {'counterpartyType': 'pd', 'amtAccepted': 0}]",reverserepo
55,RP 100725 2,Results,2025-10-07,2025-10-07,2025-10-08,Reverse Repo,Fixed Rate,Same Day,1,Overnight,12:45,13:15,,2025-10-07 13:15:42,16,16,4622000000,4622000000,"[{'securityType': 'Treasury', 'amtSubmitted': 4622000000, 'amtAccepted': 4622000000, 'percentOfferingRate': 4.0, 'percentAwardRate': 4.0}]","[{'counterpartyType': 'bank', 'amtAccepted': 1000000}, {'counterpartyType': 'gse', 'amtAccepted': 3075000000}, {'counterpartyType': 'mmf', 'amtAccepted': 1545000000}, {'counterpartyType': 'pd', 'amtAccepted': 1000000}]",reverserepo
54,RP 100825 2,Results,2025-10-08,2025-10-08,2025-10-09,Reverse Repo,Fixed Rate,Same Day,1,Overnight,12:45,13:15,,2025-10-08 13:15:37,12,12,5231000000,5231000000,"[{'securityType': 'Treasury', 'amtSubmitted': 5231000000, 'amtAccepted': 5231000000, 'percentOfferingRate': 4.0, 'percentAwardRate': 4.0}]","[{'counterpartyType': 'bank', 'amtAccepted': 2000000}, {'counterpartyType': 'gse', 'amtAccepted': 2980000000}, {'counterpartyType': 'mmf', 'amtAccepted': 2249000000}, {'counterpartyType': 'pd', 'amtAccepted': 0}]",reverserepo
53,RP 100925 2,Results,2025-10-09,2025-10-09,2025-10-10,Reverse Repo,Fixed Rate,Same Day,1,Overnight,12:45,13:15,,2025-10-09 13:16:07,10,10,4496000000,4496000000,"[{'securityType': 'Treasury', 'amtSubmitted': 4496000000, 'amtAccepted': 4496000000, 'percentOfferingRate': 4.0, 'percentAwardRate': 4.0}]","[{'counterpartyType': 'bank', 'amtAccepted': 0}, {'counterpartyType': 'gse', 'amtAccepted': 2875000000}, {'counterpartyType': 'mmf', 'amtAccepted': 1620000000}, {'counterpartyType': 'pd', 'amtAccepted': 1000000}]",reverserepo
52,RP 101025 2,Results,2025-10-10,2025-10-10,2025-10-14,Reverse Repo,Fixed Rate,Same Day,4,Overnight,12:45,13:15,,2025-10-10 13:15:43,10,10,4124000000,4124000000,"[{'securityType': 'Treasury', 'amtSubmitted': 4124000000, 'amtAccepted': 4124000000, 'percentOfferingRate': 4.0, 'percentAwardRate': 4.0}]","[{'counterpartyType': 'bank', 'amtAccepted': 1000000}, {'counterpartyType': 'gse', 'amtAccepted': 2525000000}, {'counterpartyType': 'mmf', 'amtAccepted': 1598000000}, {'counterpartyType': 'pd', 'amtAccepted': 0}]",reverserepo
51,RP 101425 2,Results,2025-10-14,2025-10-14,2025-10-15,Reverse Repo,Fixed Rate,Same Day,1,Overnight,12:45,13:15,,2025-10-14 13:15:56,7,7,3516000000,3516000000,"[{'securityType': 'Treasury', 'amtSubmitted': 3516000000, 'amtAccepted': 3516000000, 'percentOfferingRate': 4.0, 'percentAwardRate': 4.0}]","[{'counterpartyType': 'bank', 'amtAccepted': 1000000}, {'counterpartyType': 'gse', 'amtAccepted': 2475000000}, {'counterpartyType': 'mmf', 'amtAccepted': 1040000000}, {'counterpartyType': 'pd', 'amtAccepted': 0}]",reverserepo
50,RP 101525 4,Results,2025-10-15,2025-10-15,2025-10-16,Reverse Repo,Fixed Rate,Same Day,1,Overnight,12:45,13:15,,2025-10-15 13:15:54,20,20,5484000000,5484000000,"[{'securityType': 'Treasury', 'amtSubmitted': 5484000000, 'amtAccepted': 5484000000, 'percentOfferingRate': 4.0, 'percentAwardRate': 4.0}]","[{'counterpartyType': 'bank', 'amtAccepted': 0}, {'counterpartyType': 'gse', 'amtAccepted': 2950000000}, {'counterpartyType': 'mmf', 'amtAccepted': 2534000000}, {'counterpartyType': 'pd', 'amtAccepted': 0}]",reverserepo
49,RP 101625 2,Results,2025-10-16,2025-10-16,2025-10-17,Reverse Repo,Fixed Rate,Same Day,1,Overnight,12:45,13:15,,2025-10-16 13:15:48,11,11,6960000000,6960000000,"[{'securityType': 'Treasury', 'amtSubmitted': 6960000000, 'amtAccepted': 6960000000, 'percentOfferingRate': 4.0, 'percentAwardRate': 4.0}]","[{'counterpartyType': 'bank', 'amtAccepted': 0}, {'counterpartyType': 'gse', 'amtAccepted': 2625000000}, {'counterpartyType': 'mmf', 'amtAccepted': 4335000000}, {'counterpartyType': 'pd', 'amtAccepted': 0}]",reverserepo
48,RP 101725 2,Results,2025-10-17,2025-10-17,2025-10-20,Reverse Repo,Fixed Rate,Same Day,3,Overnight,12:45,13:15,,2025-10-17 13:15:42,6,6,4102000000,4102000000,"[{'securityType': 'Treasury', 'amtSubmitted': 4102000000, 'amtAccepted': 4102000000, 'percentOfferingRate': 4.0, 'percentAwardRate': 4.0}]","[{'counterpartyType': 'bank', 'amtAccepted': 0}, {'counterpartyType': 'gse', 'amtAccepted': 2250000000}, {'counterpartyType': 'mmf', 'amtAccepted': 1852000000}, {'counterpartyType': 'pd', 'amtAccepted': 0}]",reverserepo
47,RP 102025 2,Results,2025-10-20,2025-10-20,2025-10-21,Reverse Repo,Fixed Rate,Same Day,1,Overnight,12:45,13:15,,2025-10-20 13:15:35,9,9,5931000000,5931000000,"[{'securityType': 'Treasury', 'amtSubmitted': 5931000000, 'amtAccepted': 5931000000, 'percentOfferingRate': 4.0, 'percentAwardRate': 4.0}]","[{'counterpartyType': 'bank', 'amtAccepted': 0}, {'counterpartyType': 'gse', 'amtAccepted': 2600000000}, {'counterpartyType': 'mmf', 'amtAccepted': 3331000000}, {'counterpartyType': 'pd', 'amtAccepted': 0}]",reverserepo
46,RP 102125 2,Results,2025-10-21,2025-10-21,2025-10-22,Reverse Repo,Fixed Rate,Same Day,1,Overnight,12:45,13:15,,2025-10-21 13:15:37,10,10,4699000000,4699000000,"[{'securityType': 'Treasury', 'amtSubmitted': 4699000000, 'amtAccepted': 4699000000, 'percentOfferingRate': 4.0, 'percentAwardRate': 4.0}]","[{'counterpartyType': 'bank', 'amtAccepted': 1000000}, {'counterpartyType': 'gse', 'amtAccepted': 3185000000}, {'counterpartyType': 'mmf', 'amtAccepted': 1513000000}, {'counterpartyType': 'pd', 'amtAccepted': 0}]",reverserepo
45,RP 102225 3,Results,2025-10-22,2025-10-22,2025-10-23,Reverse Repo,Fixed Rate,Same Day,1,Overnight,12:45,13:15,,2025-10-22 13:15:27,8,8,4005000000,4005000000,"[{'securityType': 'Treasury', 'amtSubmitted': 4005000000, 'amtAccepted': 4005000000, 'percentOfferingRate': 4.0, 'percentAwardRate': 4.0}]","[{'counterpartyType': 'bank', 'amtAccepted': 1000000}, {'counterpartyType': 'gse', 'amtAccepted': 3555000000}, {'counterpartyType': 'mmf', 'amtAccepted': 449000000}, {'counterpartyType': 'pd', 'amtAccepted': 0}]",reverserepo
44,RP 102325 2,Results,2025-10-23,2025-10-23,2025-10-24,Reverse Repo,Fixed Rate,Same Day,1,Overnight,12:45,13:15,,2025-10-23 13:15:29,15,15,6941000000,6941000000,"[{'securityType': 'Treasury', 'amtSubmitted': 6941000000, 'amtAccepted': 6941000000, 'percentOfferingRate': 4.0, 'percentAwardRate': 4.0}]","[{'counterpartyType': 'bank', 'amtAccepted': 3000000}, {'counterpartyType': 'gse', 'amtAccepted': 2675000000}, {'counterpartyType': 'mmf', 'amtAccepted': 4263000000}, {'counterpartyType': 'pd', 'amtAccepted': 0}]",reverserepo
43,RP 102425 2,Results,2025-10-24,2025-10-24,2025-10-27,Reverse Repo,Fixed Rate,Same Day,3,Overnight,12:45,13:15,,2025-10-24 13:15:27,4,4,2435000000,2435000000,"[{'securityType': 'Treasury', 'amtSubmitted': 2435000000, 'amtAccepted': 2435000000, 'percentOfferingRate': 4.0, 'percentAwardRate': 4.0}]","[{'counterpartyType': 'bank', 'amtAccepted': 0}, {'counterpartyType': 'gse', 'amtAccepted': 2425000000}, {'counterpartyType': 'mmf', 'amtAccepted': 10000000}, {'counterpartyType': 'pd', 'amtAccepted': 0}]",reverserepo
42,RP 102725 2,Results,2025-10-27,2025-10-27,2025-10-28,Reverse Repo,Fixed Rate,Same Day,1,Overnight,12:45,13:15,,2025-10-27 13:16:00,13,13,10642000000,10642000000,"[{'securityType': 'Treasury', 'amtSubmitted': 10642000000, 'amtAccepted': 10642000000, 'percentOfferingRate': 4.0, 'percentAwardRate': 4.0}]","[{'counterpartyType': 'bank', 'amtAccepted': 0}, {'counterpartyType': 'gse', 'amtAccepted': 3300000000}, {'counterpartyType': 'mmf', 'amtAccepted': 7342000000}, {'counterpartyType': 'pd', 'amtAccepted': 0}]",reverserepo
41,RP 102825 2,Results,2025-10-28,2025-10-28,2025-10-29,Reverse Repo,Fixed Rate,Same Day,1,Overnight,12:45,13:15,,2025-10-28 13:15:55,13,13,14096000000,14096000000,"[{'securityType': 'Treasury', 'amtSubmitted': 14096000000, 'amtAccepted': 14096000000, 'percentOfferingRate': 4.0, 'percentAwardRate': 4.0}]","[{'counterpartyType': 'bank', 'amtAccepted': 0}, {'counterpartyType': 'gse', 'amtAccepted': 3025000000}, {'counterpartyType': 'mmf', 'amtAccepted': 11071000000}, {'counterpartyType': 'pd', 'amtAccepted': 0}]",reverserepo
40,RP 102925 2,Results,2025-10-29,2025-10-29,2025-10-30,Reverse Repo,Fixed Rate,Same Day,1,Overnight,12:45,13:15,,2025-10-29 13:16:01,15,15,19504000000,19504000000,"[{'securityType': 'Treasury', 'amtSubmitted': 19504000000, 'amtAccepted': 19504000000, 'percentOfferingRate': 4.0, 'percentAwardRate': 4.0}]","[{'counterpartyType': 'bank', 'amtAccepted': 1000000}, {'counterpartyType': 'gse', 'amtAccepted': 3025000000}, {'counterpartyType': 'mmf', 'amtAccepted': 16478000000}, {'counterpartyType': 'pd', 'amtAccepted': 0}]",reverserepo
39,RP 103025 2,Results,2025-10-30,2025-10-30,2025-10-31,Reverse Repo,Fixed Rate,Same Day,1,Overnight,12:45,13:15,,2025-10-30 13:15:48,18,18,19166000000,19166000000,"[{'securityType': 'Treasury', 'amtSubmitted': 19166000000, 'amtAccepted': 19166000000, 'percentOfferingRate': 3.75, 'percentAwardRate': 3.75}]","[{'counterpartyType': 'bank', 'amtAccepted': 0}, {'counterpartyType': 'gse', 'amtAccepted': 5300000000}, {'counterpartyType': 'mmf', 'amtAccepted': 13866000000}, {'counterpartyType': 'pd', 'amtAccepted': 0}]",reverserepo
38,RP 103125 2,Results,2025-10-31,2025-10-31,2025-11-03,Reverse Repo,Fixed Rate,Same Day,3,Overnight,12:45,13:15,,2025-10-31 13:16:13,25,25,51802000000,51802000000,"[{'securityType': 'Treasury', 'amtSubmitted': 51802000000, 'amtAccepted': 51802000000, 'percentOfferingRate': 3.75, 'percentAwardRate': 3.75}]","[{'counterpartyType': 'bank', 'amtAccepted': 0}, {'counterpartyType': 'gse', 'amtAccepted': 19250000000}, {'counterpartyType': 'mmf', 'amtAccepted': 32552000000}, {'counterpartyType': 'pd', 'amtAccepted': 0}]",reverserepo
37,RP 110325 2,Results,2025-11-03,2025-11-03,2025-11-04,Reverse Repo,Fixed Rate,Same Day,1,Overnight,12:45,13:15,,2025-11-03 13:15:47,18,18,23792000000,23792000000,"[{'securityType': 'Treasury', 'amtSubmitted': 23792000000, 'amtAccepted': 23792000000, 'percentOfferingRate': 3.75, 'percentAwardRate': 3.75}]",,reverserepo
36,RP 110425 2,Results,2025-11-04,2025-11-04,2025-11-05,Reverse Repo,Fixed Rate,Same Day,1,Overnight,12:45,13:15,,2025-11-04 13:15:56,13,13,16983000000,16983000000,"[{'securityType': 'Treasury', 'amtSubmitted': 16983000000, 'amtAccepted': 16983000000, 'percentOfferingRate': 3.75, 'percentAwardRate': 3.75}]",,reverserepo
35,RP 110525 2,Results,2025-11-05,2025-11-05,2025-11-06,Reverse Repo,Fixed Rate,Same Day,1,Overnight,12:45,13:15,,2025-11-05 13:15:52,12,12,12700000000,12700000000,"[{'securityType': 'Treasury', 'amtSubmitted': 12700000000, 'amtAccepted': 12700000000, 'percentOfferingRate': 3.75, 'percentAwardRate': 3.75}]",,reverserepo
34,RP 110525 26,Results,2025-11-05,2025-11-05,2025-11-06,Reverse Repo,Fixed Rate,Same Day,1,Overnight,10:30,11:00,"<p>This operation is a Small Value Exercise (SVE); the daily ON RRP operation will still take place at its regularly scheduled time, 12:45pm ET.</p>",2025-11-05 11:00:56,114,114,114000000,114000000,"[{'securityType': 'Treasury', 'amtSubmitted': 114000000, 'amtAccepted': 114000000, 'percentOfferingRate': 3.75, 'percentAwardRate': 3.75}]",,reverserepo
33,RP 110625 2,Results,2025-11-06,2025-11-06,2025-11-07,Reverse Repo,Fixed Rate,Same Day,1,Overnight,12:45,13:15,,2025-11-06 13:16:07,14,14,10754000000,10754000000,"[{'securityType': 'Treasury', 'amtSubmitted': 10754000000, 'amtAccepted': 10754000000, 'percentOfferingRate': 3.75, 'percentAwardRate': 3.75}]",,reverserepo
32,RP 110725 2,Results,2025-11-07,2025-11-07,2025-11-10,Reverse Repo,Fixed Rate,Same Day,3,Overnight,12:45,13:15,,2025-11-07 13:16:22,9,9,4903000000,4903000000,"[{'securityType': 'Treasury', 'amtSubmitted': 4903000000, 'amtAccepted': 4903000000, 'percentOfferingRate': 3.75, 'percentAwardRate': 3.75}]",,reverserepo
31,RP 111025 2,Results,2025-11-10,2025-11-10,2025-11-12,Reverse Repo,Fixed Rate,Same Day,2,Overnight,12:45,13:15,,2025-11-10 13:17:01,11,11,7152000000,7152000000,"[{'securityType': 'Treasury', 'amtSubmitted': 7152000000, 'amtAccepted': 7152000000, 'percentOfferingRate': 3.75, 'percentAwardRate': 3.75}]",,reverserepo
30,RP 111225 2,Results,2025-11-12,2025-11-12,2025-11-13,Reverse Repo,Fixed Rate,Same Day,1,Overnight,12:45,13:15,,2025-11-12 13:15:49,18,18,5886000000,5886000000,"[{'securityType': 'Treasury', 'amtSubmitted': 5886000000, 'amtAccepted': 5886000000, 'percentOfferingRate': 3.75, 'percentAwardRate': 3.75}]",,reverserepo
29,RP 111325 2,Results,2025-11-13,2025-11-13,2025-11-14,Reverse Repo,Fixed Rate,Same Day,1,Overnight,12:45,13:15,,2025-11-13 13:16:40,8,8,3761000000,3761000000,"[{'securityType': 'Treasury', 'amtSubmitted': 3761000000, 'amtAccepted': 3761000000, 'percentOfferingRate': 3.75, 'percentAwardRate': 3.75}]",,reverserepo
28,RP 111425 26,Results,2025-11-14,2025-11-14,2025-11-17,Reverse Repo,Fixed Rate,Same Day,3,Overnight,12:45,13:15,,2025-11-14 13:15:41,10,10,1559000000,1559000000,"[{'securityType': 'Treasury', 'amtSubmitted': 1559000000, 'amtAccepted': 1559000000, 'percentOfferingRate': 3.75, 'percentAwardRate': 3.75}]",,reverserepo
27,RP 111725 26,Results,2025-11-17,2025-11-17,2025-11-18,Reverse Repo,Fixed Rate,Same Day,1,Overnight,12:45,13:15,,2025-11-17 13:16:23,7,7,3172000000,3172000000,"[{'securityType': 'Treasury', 'amtSubmitted': 3172000000, 'amtAccepted': 3172000000, 'percentOfferingRate': 3.75, 'percentAwardRate': 3.75}]",,reverserepo
26,RP 111825 26,Results,2025-11-18,2025-11-18,2025-11-19,Reverse Repo,Fixed Rate,Same Day,1,Overnight,12:45,13:15,,2025-11-18 13:16:07,8,8,905000000,905000000,"[{'securityType': 'Treasury', 'amtSubmitted': 905000000, 'amtAccepted': 905000000, 'percentOfferingRate': 3.75, 'percentAwardRate': 3.75}]",,reverserepo
25,RP 111925 26,Results,2025-11-19,2025-11-19,2025-11-20,Reverse Repo,Fixed Rate,Same Day,1,Overnight,12:45,13:15,,2025-11-19 13:15:52,8,8,1129000000,1129000000,"[{'securityType': 'Treasury', 'amtSubmitted': 1129000000, 'amtAccepted': 1129000000, 'percentOfferingRate': 3.75, 'percentAwardRate': 3.75}]",,reverserepo
24,RP 112025 26,Results,2025-11-20,2025-11-20,2025-11-21,Reverse Repo,Fixed Rate,Same Day,1,Overnight,12:45,13:15,,2025-11-20 13:15:23,7,7,6520000000,6520000000,"[{'securityType': 'Treasury', 'amtSubmitted': 6520000000, 'amtAccepted': 6520000000, 'percentOfferingRate': 3.75, 'percentAwardRate': 3.75}]",,reverserepo
23,RP 112125 26,Results,2025-11-21,2025-11-21,2025-11-24,Reverse Repo,Fixed Rate,Same Day,3,Overnight,12:45,13:15,,2025-11-21 13:16:16,12,12,2503000000,2503000000,"[{'securityType': 'Treasury', 'amtSubmitted': 2503000000, 'amtAccepted': 2503000000, 'percentOfferingRate': 3.75, 'percentAwardRate': 3.75}]",,reverserepo
22,RP 112425 26,Results,2025-11-24,2025-11-24,2025-11-25,Reverse Repo,Fixed Rate,Same Day,1,Overnight,12:45,13:15,,2025-11-24 13:16:02,7,7,1077000000,1077000000,"[{'securityType': 'Treasury', 'amtSubmitted': 1077000000, 'amtAccepted': 1077000000, 'percentOfferingRate': 3.75, 'percentAwardRate': 3.75}]",,reverserepo
21,RP 112525 26,Results,2025-11-25,2025-11-25,2025-11-26,Reverse Repo,Fixed Rate,Same Day,1,Overnight,12:45,13:15,,2025-11-25 13:15:57,8,8,2314000000,2314000000,"[{'securityType': 'Treasury', 'amtSubmitted': 2314000000, 'amtAccepted': 2314000000, 'percentOfferingRate': 3.75, 'percentAwardRate': 3.75}]",,reverserepo
20,RP 112625 26,Results,2025-11-26,2025-11-26,2025-11-28,Reverse Repo,Fixed Rate,Same Day,2,Overnight,12:45,13:15,,2025-11-26 13:15:55,6,6,2217000000,2217000000,"[{'securityType': 'Treasury', 'amtSubmitted': 2217000000, 'amtAccepted': 2217000000, 'percentOfferingRate': 3.75, 'percentAwardRate': 3.75}]",,reverserepo
19,RP 112825 26,Results,2025-11-28,2025-11-28,2025-12-01,Reverse Repo,Fixed Rate,Same Day,3,Overnight,12:45,13:15,,2025-11-28 13:15:58,8,8,7561000000,7561000000,"[{'securityType': 'Treasury', 'amtSubmitted': 7561000000, 'amtAccepted': 7561000000, 'percentOfferingRate': 3.75, 'percentAwardRate': 3.75}]",,reverserepo
18,RP 120125 27,Results,2025-12-01,2025-12-01,2025-12-02,Reverse Repo,Fixed Rate,Same Day,1,Overnight,12:45,13:15,,2025-12-01 13:15:43,9,9,3240000000,3240000000,"[{'securityType': 'Treasury', 'amtSubmitted': 3240000000, 'amtAccepted': 3240000000, 'percentOfferingRate': 3.75, 'percentAwardRate': 3.75}]",,reverserepo
17,RP 120225 27,Results,2025-12-02,2025-12-02,2025-12-03,Reverse Repo,Fixed Rate,Same Day,1,Overnight,12:45,13:15,,2025-12-02 13:15:44,11,11,5620000000,5620000000,"[{'securityType': 'Treasury', 'amtSubmitted': 5620000000, 'amtAccepted': 5620000000, 'percentOfferingRate': 3.75, 'percentAwardRate': 3.75}]",,reverserepo
16,RP 120325 27,Results,2025-12-03,2025-12-03,2025-12-04,Reverse Repo,Fixed Rate,Same Day,1,Overnight,12:45,13:15,,2025-12-03 13:15:32,40,40,2514000000,2514000000,"[{'securityType': 'Treasury', 'amtSubmitted': 2514000000, 'amtAccepted': 2514000000, 'percentOfferingRate': 3.75, 'percentAwardRate': 3.75}]",,reverserepo
15,RP 120425 27,Results,2025-12-04,2025-12-04,2025-12-05,Reverse Repo,Fixed Rate,Same Day,1,Overnight,12:45,13:15,,2025-12-04 13:15:30,39,39,2233000000,2233000000,"[{'securityType': 'Treasury', 'amtSubmitted': 2233000000, 'amtAccepted': 2233000000, 'percentOfferingRate': 3.75, 'percentAwardRate': 3.75}]",,reverserepo
14,RP 120525 26,Results,2025-12-05,2025-12-05,2025-12-08,Reverse Repo,Fixed Rate,Same Day,3,Overnight,12:45,13:15,,2025-12-05 13:15:52,8,8,1485000000,1485000000,"[{'securityType': 'Treasury', 'amtSubmitted': 1485000000, 'amtAccepted': 1485000000, 'percentOfferingRate': 3.75, 'percentAwardRate': 3.75}]",,reverserepo
13,RP 120825 26,Results,2025-12-08,2025-12-08,2025-12-09,Reverse Repo,Fixed Rate,Same Day,1,Overnight,12:45,13:15,,2025-12-08 13:15:52,6,6,1703000000,1703000000,"[{'securityType': 'Treasury', 'amtSubmitted': 1703000000, 'amtAccepted': 1703000000, 'percentOfferingRate': 3.75, 'percentAwardRate': 3.75}]",,reverserepo
12,RP 120925 26,Results,2025-12-09,2025-12-09,2025-12-10,Reverse Repo,Fixed Rate,Same Day,1,Overnight,12:45,13:15,,2025-12-09 13:16:01,10,10,3211000000,3211000000,"[{'securityType': 'Treasury', 'amtSubmitted': 3211000000, 'amtAccepted': 3211000000, 'percentOfferingRate': 3.75, 'percentAwardRate': 3.75}]",,reverserepo
11,RP 121025 26,Results,2025-12-10,2025-12-10,2025-12-11,Reverse Repo,Fixed Rate,Same Day,1,Overnight,12:45,13:15,,2025-12-10 13:15:53,17,17,5045000000,5045000000,"[{'securityType': 'Treasury', 'amtSubmitted': 5045000000, 'amtAccepted': 5045000000, 'percentOfferingRate': 3.75, 'percentAwardRate': 3.75}]",,reverserepo
10,RP 121125 26,Results,2025-12-11,2025-12-11,2025-12-12,Reverse Repo,Fixed Rate,Same Day,1,Overnight,12:45,13:15,,2025-12-11 13:15:41,7,7,2874000000,2874000000,"[{'securityType': 'Treasury', 'amtSubmitted': 2874000000, 'amtAccepted': 2874000000, 'percentOfferingRate': 3.5, 'percentAwardRate': 3.5}]",,reverserepo
9,RP 121225 26,Results,2025-12-12,2025-12-12,2025-12-15,Reverse Repo,Fixed Rate,Same Day,3,Overnight,12:45,13:15,,2025-12-12 13:15:41,6,6,838000000,838000000,"[{'securityType': 'Treasury', 'amtSubmitted': 838000000, 'amtAccepted': 838000000, 'percentOfferingRate': 3.5, 'percentAwardRate': 3.5}]",,reverserepo
8,RP 121525 26,Results,2025-12-15,2025-12-15,2025-12-16,Reverse Repo,Fixed Rate,Same Day,1,Overnight,12:45,13:15,,2025-12-15 13:15:54,6,6,2601000000,2601000000,"[{'securityType': 'Treasury', 'amtSubmitted': 2601000000, 'amtAccepted': 2601000000, 'percentOfferingRate': 3.5, 'percentAwardRate': 3.5}]",,reverserepo
7,RP 121625 26,Results,2025-12-16,2025-12-16,2025-12-17,Reverse Repo,Fixed Rate,Same Day,1,Overnight,12:45,13:15,,2025-12-16 13:15:28,2,2,1554000000,1554000000,"[{'securityType': 'Treasury', 'amtSubmitted': 1554000000, 'amtAccepted': 1554000000, 'percentOfferingRate': 3.5, 'percentAwardRate': 3.5}]",,reverserepo
6,RP 121725 26,Results,2025-12-17,2025-12-17,2025-12-18,Reverse Repo,Fixed Rate,Same Day,1,Overnight,12:45,13:15,,2025-12-17 13:15:41,17,17,10361000000,10361000000,"[{'securityType': 'Treasury', 'amtSubmitted': 10361000000, 'amtAccepted': 10361000000, 'percentOfferingRate': 3.5, 'percentAwardRate': 3.5}]",,reverserepo
5,RP 121825 26,Results,2025-12-18,2025-12-18,2025-12-19,Reverse Repo,Fixed Rate,Same Day,1,Overnight,12:45,13:15,,2025-12-18 13:15:49,7,7,11708000000,11708000000,"[{'securityType': 'Treasury', 'amtSubmitted': 11708000000, 'amtAccepted': 11708000000, 'percentOfferingRate': 3.5, 'percentAwardRate': 3.5}]",,reverserepo
4,RP 121925 26,Results,2025-12-19,2025-12-19,2025-12-22,Reverse Repo,Fixed Rate,Same Day,3,Overnight,12:45,13:15,,2025-12-19 13:15:58,12,12,3047000000,3047000000,"[{'securityType': 'Treasury', 'amtSubmitted': 3047000000, 'amtAccepted': 3047000000, 'percentOfferingRate': 3.5, 'percentAwardRate': 3.5}]",,reverserepo
3,RP 122225 26,Results,2025-12-22,2025-12-22,2025-12-23,Reverse Repo,Fixed Rate,Same Day,1,Overnight,12:45,13:15,,2025-12-22 13:16:23,7,7,1523000000,1523000000,"[{'securityType': 'Treasury', 'amtSubmitted': 1523000000, 'amtAccepted': 1523000000, 'percentOfferingRate': 3.5, 'percentAwardRate': 3.5}]",,reverserepo
2,RP 122325 26,Results,2025-12-23,2025-12-23,2025-12-24,Reverse Repo,Fixed Rate,Same Day,1,Overnight,12:45,13:15,,2025-12-23 13:16:10,14,14,5893000000,5893000000,"[{'securityType': 'Treasury', 'amtSubmitted': 5893000000, 'amtAccepted': 5893000000, 'percentOfferingRate': 3.5, 'percentAwardRate': 3.5}]",,reverserepo
1,RP 122425 26,Results,2025-12-24,2025-12-24,2025-12-26,Reverse Repo,Fixed Rate,Same Day,2,Overnight,12:45,13:15,,2025-12-24 13:16:11,8,8,4803000000,4803000000,"[{'securityType': 'Treasury', 'amtSubmitted': 4803000000, 'amtAccepted': 4803000000, 'percentOfferingRate': 3.5, 'percentAwardRate': 3.5}]",,reverserepo
0,RP 122625 26,Results,2025-12-26,2025-12-26,2025-12-29,Reverse Repo,Fixed Rate,Same Day,3,Overnight,12:45,13:15,,2025-12-26 13:16:07,16,16,20339000000,20339000000,"[{'securityType': 'Treasury', 'amtSubmitted': 20339000000, 'amtAccepted': 20339000000, 'percentOfferingRate': 3.5, 'percentAwardRate': 3.5}]",,reverserepo
