effectiveDate,SOFR,TGCR,BGCR,EFFR,OBFR
2018-01-02,,,,84,189
2018-01-03,,,,93,208
2018-01-04,,,,92,204
2018-01-05,,,,98,214
2018-01-08,,,,93,206
2018-01-09,,,,94,212
2018-01-10,,,,97,211
2018-01-11,,,,95,205
2018-01-12,,,,95,197
2018-01-16,,,,88,205
2018-01-17,,,,93,210
2018-01-18,,,,86,200
2018-01-19,,,,86,196
2018-01-22,,,,87,204
2018-01-23,,,,91,204
2018-01-24,,,,90,212
2018-01-25,,,,88,198
2018-01-26,,,,90,201
2018-01-29,,,,91,210
2018-01-30,,,,102,218
2018-01-31,,,,104,204
2018-02-01,,,,109,224
2018-02-02,,,,108,218
2018-02-05,,,,103,217
2018-02-06,,,,103,209
2018-02-07,,,,104,220
2018-02-08,,,,106,218
2018-02-09,,,,107,219
2018-02-12,,,,97,221
2018-02-13,,,,99,222
2018-02-14,,,,105,218
2018-02-15,,,,101,214
2018-02-16,,,,95,210
2018-02-20,,,,84,196
2018-02-21,,,,88,200
2018-02-22,,,,98,205
2018-02-23,,,,101,216
2018-02-26,,,,97,208
2018-02-27,,,,104,214
2018-02-28,,,,104,204
2018-03-01,,,,115,210
2018-03-02,,,,114,214
2018-03-05,,,,110,214
2018-03-06,,,,112,212
2018-03-07,,,,105,212
2018-03-08,,,,106,209
2018-03-09,,,,104,192
2018-03-12,,,,100,204
2018-03-13,,,,98,188
2018-03-14,,,,103,198
2018-03-15,,,,95,171
2018-03-16,,,,104,188
2018-03-19,,,,92,174
2018-03-20,,,,91,178
2018-03-21,,,,93,184
2018-03-22,,,,78,163
2018-03-23,,,,78,158
2018-03-26,,,,83,162
2018-03-27,,,,81,168
2018-03-28,,,,87,169
2018-03-29,,,,74,102
2018-03-30,,,,88,104
2018-04-02,849.0,329.0,361.0,89,160
2018-04-03,825.0,321.0,344.0,90,177
2018-04-04,859.0,327.0,348.0,83,176
2018-04-05,829.0,331.0,349.0,88,173
2018-04-06,845.0,336.0,352.0,78,154
2018-04-09,833.0,330.0,341.0,78,153
2018-04-10,811.0,325.0,336.0,80,155
2018-04-11,811.0,331.0,343.0,74,156
2018-04-12,871.0,335.0,345.0,83,160
2018-04-13,776.0,333.0,346.0,74,144
2018-04-16,770.0,335.0,355.0,82,166
2018-04-17,729.0,331.0,341.0,66,143
2018-04-18,738.0,335.0,346.0,63,144
2018-04-19,745.0,330.0,344.0,75,148
2018-04-20,726.0,328.0,340.0,72,154
2018-04-23,755.0,331.0,348.0,67,152
2018-04-24,747.0,325.0,339.0,63,149
2018-04-25,728.0,329.0,345.0,71,146
2018-04-26,725.0,321.0,333.0,77,155
2018-04-27,732.0,326.0,341.0,77,158
2018-04-30,775.0,325.0,341.0,76,163
2018-05-01,761.0,334.0,352.0,81,151
2018-05-02,753.0,334.0,350.0,76,161
2018-05-03,759.0,329.0,342.0,82,162
2018-05-04,752.0,333.0,349.0,83,160
2018-05-07,760.0,333.0,347.0,85,173
2018-05-08,746.0,330.0,342.0,83,169
2018-05-09,783.0,333.0,354.0,89,169
2018-05-10,737.0,342.0,357.0,89,173
2018-05-11,746.0,339.0,359.0,88,171
2018-05-14,741.0,334.0,353.0,79,161
2018-05-15,770.0,341.0,362.0,83,160
2018-05-16,754.0,333.0,350.0,85,160
2018-05-17,754.0,351.0,366.0,80,157
2018-05-18,750.0,349.0,371.0,78,153
2018-05-21,772.0,345.0,371.0,80,160
2018-05-22,748.0,337.0,359.0,89,167
2018-05-23,729.0,339.0,356.0,92,167
2018-05-24,772.0,350.0,361.0,90,168
2018-05-25,749.0,351.0,367.0,92,167
2018-05-29,796.0,355.0,365.0,89,163
2018-05-30,801.0,368.0,374.0,83,153
2018-05-31,872.0,372.0,392.0,84,155
2018-06-01,807.0,380.0,386.0,94,162
2018-06-04,825.0,371.0,385.0,92,168
2018-06-05,797.0,378.0,385.0,90,168
2018-06-06,805.0,382.0,389.0,94,176
2018-06-07,813.0,373.0,385.0,87,162
2018-06-08,806.0,372.0,386.0,90,165
2018-06-11,791.0,356.0,372.0,75,146
2018-06-12,774.0,380.0,393.0,81,166
2018-06-13,817.0,376.0,388.0,80,163
2018-06-14,818.0,369.0,382.0,80,163
2018-06-15,802.0,366.0,386.0,69,148
2018-06-18,799.0,364.0,376.0,61,135
2018-06-19,799.0,361.0,373.0,59,135
2018-06-20,769.0,359.0,375.0,63,145
2018-06-21,753.0,349.0,363.0,81,157
2018-06-22,742.0,350.0,361.0,78,161
2018-06-25,755.0,353.0,364.0,76,156
2018-06-26,757.0,345.0,354.0,82,158
2018-06-27,760.0,343.0,355.0,83,162
2018-06-28,768.0,341.0,364.0,79,159
2018-06-29,702.0,300.0,322.0,79,152
2018-07-02,775.0,310.0,337.0,83,155
2018-07-03,768.0,329.0,356.0,88,165
2018-07-05,807.0,346.0,366.0,78,159
2018-07-06,760.0,350.0,367.0,80,157
2018-07-09,784.0,377.0,389.0,77,159
2018-07-10,762.0,362.0,381.0,80,167
2018-07-11,766.0,363.0,377.0,82,163
2018-07-12,747.0,354.0,366.0,84,167
2018-07-13,735.0,358.0,372.0,79,156
2018-07-16,767.0,384.0,398.0,80,160
2018-07-17,766.0,380.0,392.0,78,157
2018-07-18,783.0,376.0,389.0,78,168
2018-07-19,769.0,375.0,388.0,72,161
2018-07-20,773.0,379.0,395.0,77,162
2018-07-23,764.0,381.0,392.0,71,162
2018-07-24,775.0,371.0,382.0,74,164
2018-07-25,753.0,388.0,404.0,77,164
2018-07-26,784.0,376.0,387.0,74,157
2018-07-27,774.0,378.0,393.0,79,162
2018-07-30,768.0,380.0,391.0,74,161
2018-07-31,799.0,386.0,400.0,67,151
2018-08-01,786.0,384.0,396.0,77,159
2018-08-02,781.0,381.0,392.0,80,161
2018-08-03,763.0,384.0,403.0,83,164
2018-08-06,763.0,384.0,399.0,76,167
2018-08-07,732.0,373.0,387.0,68,160
2018-08-08,738.0,378.0,391.0,70,161
2018-08-09,761.0,384.0,402.0,73,155
2018-08-10,735.0,380.0,399.0,82,166
2018-08-13,733.0,382.0,396.0,73,151
2018-08-14,729.0,382.0,398.0,68,135
2018-08-15,807.0,399.0,417.0,66,141
2018-08-16,782.0,406.0,417.0,64,134
2018-08-17,799.0,397.0,413.0,55,127
2018-08-20,778.0,398.0,413.0,56,126
2018-08-21,772.0,403.0,415.0,59,130
2018-08-22,787.0,404.0,417.0,64,138
2018-08-23,773.0,403.0,420.0,68,135
2018-08-24,773.0,407.0,427.0,71,131
2018-08-27,814.0,414.0,441.0,69,133
2018-08-28,805.0,410.0,434.0,64,137
2018-08-29,797.0,407.0,422.0,65,133
2018-08-30,795.0,403.0,416.0,69,137
2018-08-31,804.0,410.0,428.0,78,146
2018-09-04,833.0,412.0,427.0,73,137
2018-09-05,798.0,414.0,429.0,78,147
2018-09-06,799.0,414.0,432.0,76,142
2018-09-07,802.0,411.0,428.0,78,144
2018-09-10,816.0,419.0,432.0,74,139
2018-09-11,802.0,416.0,431.0,75,147
2018-09-12,810.0,419.0,434.0,75,146
2018-09-13,810.0,417.0,440.0,76,140
2018-09-14,798.0,398.0,431.0,68,132
2018-09-17,789.0,391.0,410.0,62,118
2018-09-18,819.0,412.0,424.0,54,125
2018-09-19,794.0,415.0,430.0,60,133
2018-09-20,808.0,403.0,415.0,69,137
2018-09-21,781.0,406.0,417.0,69,138
2018-09-24,799.0,392.0,404.0,68,142
2018-09-25,814.0,391.0,408.0,67,150
2018-09-26,828.0,398.0,415.0,71,144
2018-09-27,825.0,388.0,402.0,76,144
2018-09-28,807.0,354.0,372.0,70,145
2018-10-01,917.0,395.0,416.0,55,131
2018-10-02,861.0,400.0,419.0,62,133
2018-10-03,855.0,413.0,427.0,67,133
2018-10-04,816.0,405.0,420.0,73,132
2018-10-05,873.0,413.0,429.0,64,123
2018-10-09,855.0,415.0,434.0,57,127
2018-10-10,839.0,409.0,431.0,64,133
2018-10-11,838.0,411.0,430.0,66,135
2018-10-12,852.0,409.0,435.0,69,129
2018-10-15,837.0,408.0,423.0,58,119
2018-10-16,816.0,411.0,424.0,59,120
2018-10-17,771.0,404.0,417.0,54,125
2018-10-18,810.0,399.0,415.0,54,123
2018-10-19,785.0,398.0,413.0,58,121
2018-10-22,791.0,393.0,408.0,54,127
2018-10-23,779.0,392.0,408.0,58,132
2018-10-24,828.0,399.0,420.0,60,137
2018-10-25,822.0,395.0,425.0,67,135
2018-10-26,779.0,395.0,413.0,64,140
2018-10-29,806.0,393.0,412.0,59,138
2018-10-30,788.0,396.0,412.0,60,137
2018-10-31,849.0,403.0,427.0,58,135
2018-11-01,835.0,411.0,434.0,68,140
2018-11-02,853.0,416.0,437.0,74,154
2018-11-05,842.0,418.0,436.0,70,148
2018-11-06,802.0,420.0,437.0,71,149
2018-11-07,823.0,410.0,424.0,67,150
2018-11-08,819.0,413.0,439.0,64,137
2018-11-09,836.0,410.0,436.0,66,137
2018-11-13,817.0,405.0,431.0,60,126
2018-11-14,803.0,415.0,440.0,62,138
2018-11-15,846.0,413.0,436.0,60,131
2018-11-16,828.0,422.0,442.0,69,137
2018-11-19,863.0,413.0,436.0,67,148
2018-11-20,845.0,407.0,427.0,61,140
2018-11-21,819.0,401.0,406.0,59,124
2018-11-23,820.0,402.0,414.0,65,129
2018-11-26,862.0,410.0,433.0,62,142
2018-11-27,843.0,411.0,434.0,57,132
2018-11-28,850.0,410.0,429.0,65,132
2018-11-29,850.0,402.0,427.0,69,134
2018-11-30,919.0,407.0,423.0,75,146
2018-12-03,912.0,416.0,435.0,83,149
2018-12-04,892.0,421.0,455.0,78,120
2018-12-05,,,,66,105
2018-12-06,963.0,411.0,447.0,71,140
2018-12-07,912.0,415.0,432.0,73,147
2018-12-10,903.0,412.0,425.0,70,151
2018-12-11,868.0,419.0,435.0,72,152
2018-12-12,882.0,408.0,424.0,74,155
2018-12-13,897.0,409.0,426.0,70,143
2018-12-14,867.0,406.0,425.0,64,122
2018-12-17,935.0,407.0,428.0,66,124
2018-12-18,920.0,405.0,421.0,61,127
2018-12-19,910.0,404.0,424.0,72,141
2018-12-20,963.0,401.0,418.0,50,123
2018-12-21,927.0,388.0,394.0,69,139
2018-12-24,881.0,378.0,385.0,69,127
2018-12-26,957.0,387.0,403.0,67,136
2018-12-27,943.0,383.0,390.0,71,154
2018-12-28,927.0,381.0,392.0,67,136
2018-12-31,1000.0,386.0,409.0,55,102
2019-01-02,1092.0,419.0,452.0,56,116
2019-01-03,1063.0,429.0,444.0,62,136
2019-01-04,1041.0,433.0,449.0,68,143
2019-01-07,1052.0,425.0,450.0,68,149
2019-01-08,1070.0,434.0,451.0,70,146
2019-01-09,1032.0,435.0,457.0,64,144
2019-01-10,1026.0,428.0,453.0,65,139
2019-01-11,973.0,437.0,456.0,63,134
2019-01-14,977.0,433.0,447.0,59,135
2019-01-15,991.0,442.0,470.0,58,126
2019-01-16,988.0,435.0,473.0,63,135
2019-01-17,969.0,426.0,461.0,63,129
2019-01-18,974.0,426.0,455.0,58,125
2019-01-22,967.0,431.0,459.0,48,121
2019-01-23,956.0,433.0,456.0,55,133
2019-01-24,994.0,433.0,459.0,64,132
2019-01-25,915.0,436.0,459.0,69,137
2019-01-28,981.0,437.0,458.0,68,141
2019-01-29,934.0,438.0,457.0,60,128
2019-01-30,948.0,431.0,451.0,63,130
2019-01-31,1048.0,453.0,484.0,66,122
2019-02-01,993.0,464.0,494.0,76,138
2019-02-04,964.0,447.0,470.0,82,153
2019-02-05,932.0,438.0,464.0,83,147
2019-02-06,942.0,445.0,469.0,83,155
2019-02-07,918.0,440.0,464.0,78,147
2019-02-08,912.0,440.0,454.0,77,152
2019-02-11,984.0,442.0,454.0,65,134
2019-02-12,920.0,441.0,465.0,65,132
2019-02-13,928.0,438.0,459.0,65,131
2019-02-14,862.0,432.0,458.0,68,131
2019-02-15,913.0,440.0,461.0,56,125
2019-02-19,941.0,442.0,471.0,61,124
2019-02-20,913.0,440.0,463.0,62,128
2019-02-21,886.0,441.0,463.0,74,134
2019-02-22,894.0,442.0,463.0,77,139
2019-02-25,938.0,438.0,456.0,72,142
2019-02-26,919.0,434.0,452.0,71,141
2019-02-27,898.0,434.0,454.0,80,149
2019-02-28,1003.0,445.0,462.0,75,138
2019-03-01,1007.0,449.0,468.0,93,154
2019-03-04,965.0,449.0,463.0,87,156
2019-03-05,956.0,450.0,467.0,88,152
2019-03-06,977.0,453.0,469.0,83,148
2019-03-07,972.0,456.0,470.0,79,141
2019-03-08,954.0,454.0,468.0,81,142
2019-03-11,949.0,446.0,470.0,79,144
2019-03-12,916.0,448.0,471.0,75,143
2019-03-13,925.0,441.0,459.0,74,144
2019-03-14,879.0,427.0,448.0,78,141
2019-03-15,940.0,434.0,456.0,69,124
2019-03-18,942.0,431.0,450.0,63,121
2019-03-19,945.0,427.0,448.0,61,109
2019-03-20,928.0,422.0,438.0,73,124
2019-03-21,921.0,419.0,435.0,69,115
2019-03-22,889.0,404.0,418.0,70,123
2019-03-25,919.0,399.0,426.0,78,129
2019-03-26,901.0,393.0,410.0,76,124
2019-03-27,879.0,388.0,405.0,72,121
2019-03-28,898.0,391.0,401.0,74,127
2019-03-29,897.0,373.0,387.0,71,123
2019-04-01,978.0,401.0,440.0,66,110
2019-04-02,978.0,411.0,442.0,78,128
2019-04-03,987.0,415.0,444.0,79,128
2019-04-04,1000.0,425.0,455.0,79,131
2019-04-05,976.0,427.0,453.0,73,124
2019-04-08,949.0,431.0,455.0,72,126
2019-04-09,970.0,442.0,463.0,72,129
2019-04-10,945.0,438.0,459.0,72,125
2019-04-11,974.0,438.0,467.0,73,123
2019-04-12,955.0,426.0,457.0,67,113
2019-04-15,968.0,433.0,462.0,57,103
2019-04-16,961.0,438.0,466.0,55,101
2019-04-17,954.0,434.0,451.0,55,100
2019-04-18,979.0,427.0,446.0,58,74
2019-04-19,,,,59,72
2019-04-22,978.0,435.0,462.0,54,110
2019-04-23,969.0,441.0,460.0,53,106
2019-04-24,1018.0,439.0,473.0,59,112
2019-04-25,962.0,440.0,466.0,65,118
2019-04-26,982.0,440.0,457.0,73,122
2019-04-29,968.0,448.0,469.0,60,119
2019-04-30,1084.0,461.0,492.0,68,117
2019-05-01,1074.0,461.0,483.0,77,155
2019-05-02,1053.0,460.0,485.0,69,170
2019-05-03,1076.0,462.0,480.0,74,156
2019-05-06,1021.0,457.0,484.0,69,160
2019-05-07,1069.0,460.0,481.0,64,160
2019-05-08,1034.0,459.0,494.0,70,158
2019-05-09,1011.0,454.0,477.0,73,154
2019-05-10,1034.0,455.0,490.0,71,156
2019-05-13,1007.0,446.0,475.0,67,161
2019-05-14,1012.0,436.0,465.0,64,143
2019-05-15,1052.0,452.0,479.0,62,148
2019-05-16,1030.0,452.0,478.0,61,160
2019-05-17,1036.0,447.0,479.0,67,167
2019-05-20,1038.0,450.0,488.0,56,152
2019-05-21,1017.0,444.0,477.0,64,169
2019-05-22,1037.0,444.0,470.0,67,172
2019-05-23,1039.0,435.0,462.0,71,169
2019-05-24,1038.0,440.0,476.0,66,161
2019-05-28,1085.0,438.0,471.0,64,161
2019-05-29,1099.0,447.0,487.0,58,161
2019-05-30,1083.0,449.0,474.0,60,158
2019-05-31,1136.0,449.0,499.0,65,156
2019-06-03,1162.0,446.0,483.0,76,158
2019-06-04,1110.0,439.0,463.0,71,164
2019-06-05,1082.0,442.0,481.0,66,164
2019-06-06,1031.0,444.0,477.0,71,176
2019-06-07,1104.0,449.0,478.0,68,163
2019-06-10,1112.0,451.0,493.0,62,158
2019-06-11,1048.0,449.0,473.0,66,174
2019-06-12,1099.0,451.0,478.0,69,175
2019-06-13,1039.0,443.0,468.0,64,180
2019-06-14,1047.0,437.0,470.0,63,169
2019-06-17,1098.0,449.0,483.0,55,147
2019-06-18,1059.0,451.0,480.0,59,159
2019-06-19,1059.0,453.0,479.0,60,163
2019-06-20,1067.0,461.0,482.0,61,165
2019-06-21,1103.0,456.0,480.0,65,167
2019-06-24,1092.0,439.0,469.0,63,164
2019-06-25,1101.0,446.0,475.0,70,164
2019-06-26,1099.0,441.0,473.0,70,172
2019-06-27,1117.0,437.0,469.0,76,180
2019-06-28,1113.0,417.0,446.0,73,153
2019-07-01,1181.0,457.0,487.0,73,161
2019-07-02,1224.0,478.0,509.0,71,170
2019-07-03,1213.0,489.0,513.0,75,156
2019-07-05,1193.0,471.0,497.0,72,163
2019-07-08,1211.0,481.0,504.0,76,167
2019-07-09,1178.0,483.0,508.0,75,176
2019-07-10,1139.0,482.0,510.0,78,167
2019-07-11,1147.0,474.0,495.0,77,172
2019-07-12,1138.0,473.0,501.0,69,156
2019-07-15,1199.0,470.0,508.0,63,146
2019-07-16,1102.0,474.0,505.0,64,149
2019-07-17,1104.0,476.0,498.0,62,158
2019-07-18,1114.0,482.0,511.0,55,163
2019-07-19,1140.0,475.0,496.0,58,148
2019-07-22,1123.0,469.0,495.0,60,155
2019-07-23,1091.0,475.0,499.0,60,157
2019-07-24,1139.0,486.0,509.0,65,165
2019-07-25,1153.0,480.0,504.0,69,175
2019-07-26,1142.0,470.0,496.0,78,182
2019-07-29,1153.0,483.0,506.0,77,181
2019-07-30,1158.0,486.0,511.0,72,182
2019-07-31,1217.0,513.0,536.0,70,180
2019-08-01,1183.0,493.0,518.0,81,184
2019-08-02,1185.0,480.0,499.0,74,185
2019-08-05,1253.0,493.0,514.0,68,183
2019-08-06,1234.0,493.0,518.0,65,175
2019-08-07,1196.0,491.0,515.0,66,188
2019-08-08,1218.0,485.0,513.0,62,182
2019-08-09,1186.0,482.0,509.0,69,187
2019-08-12,1177.0,497.0,523.0,68,184
2019-08-13,1183.0,501.0,528.0,66,174
2019-08-14,1244.0,498.0,528.0,60,167
2019-08-15,1218.0,496.0,529.0,61,171
2019-08-16,1247.0,487.0,516.0,62,172
2019-08-19,1241.0,498.0,528.0,56,175
2019-08-20,1228.0,498.0,528.0,55,174
2019-08-21,1188.0,498.0,521.0,65,185
2019-08-22,1160.0,494.0,519.0,65,186
2019-08-23,1130.0,481.0,503.0,68,173
2019-08-26,1190.0,481.0,502.0,64,171
2019-08-27,1197.0,483.0,500.0,62,171
2019-08-28,1196.0,490.0,506.0,62,167
2019-08-29,1196.0,487.0,510.0,62,167
2019-08-30,1194.0,480.0,510.0,66,179
2019-09-03,1281.0,490.0,514.0,71,163
2019-09-04,1222.0,496.0,524.0,72,163
2019-09-05,1197.0,500.0,538.0,65,165
2019-09-06,1222.0,502.0,535.0,69,160
2019-09-09,1243.0,491.0,522.0,64,155
2019-09-10,1186.0,495.0,529.0,63,144
2019-09-11,1179.0,491.0,524.0,61,156
2019-09-12,1156.0,491.0,534.0,60,142
2019-09-13,1134.0,482.0,509.0,53,123
2019-09-16,1156.0,498.0,516.0,46,110
2019-09-17,1177.0,509.0,533.0,61,141
2019-09-18,1196.0,504.0,532.0,58,158
2019-09-19,1137.0,485.0,516.0,59,160
2019-09-20,1121.0,490.0,504.0,65,162
2019-09-23,1140.0,470.0,490.0,74,158
2019-09-24,1085.0,453.0,481.0,71,159
2019-09-25,1080.0,438.0,467.0,77,171
2019-09-26,1092.0,434.0,462.0,89,181
2019-09-27,1084.0,427.0,453.0,85,183
2019-09-30,1097.0,414.0,436.0,59,140
2019-10-01,1183.0,430.0,457.0,75,160
2019-10-02,1147.0,439.0,471.0,76,182
2019-10-03,1120.0,430.0,458.0,80,176
2019-10-04,1094.0,425.0,454.0,80,173
2019-10-07,1070.0,428.0,457.0,76,172
2019-10-08,1070.0,431.0,454.0,69,157
2019-10-09,1061.0,432.0,462.0,66,153
2019-10-10,1124.0,428.0,456.0,61,153
2019-10-11,1024.0,422.0,448.0,60,150
2019-10-15,1088.0,428.0,458.0,69,158
2019-10-16,1086.0,442.0,465.0,76,181
2019-10-17,1077.0,441.0,462.0,66,165
2019-10-18,1120.0,442.0,464.0,61,160
2019-10-21,1054.0,434.0,456.0,60,163
2019-10-22,1079.0,439.0,456.0,67,173
2019-10-23,1065.0,437.0,462.0,65,175
2019-10-24,1086.0,425.0,453.0,65,173
2019-10-25,1077.0,421.0,447.0,73,180
2019-10-28,1089.0,423.0,450.0,72,183
2019-10-29,1048.0,426.0,455.0,72,174
2019-10-30,1099.0,425.0,450.0,69,178
2019-10-31,1174.0,444.0,467.0,71,172
2019-11-01,1118.0,445.0,477.0,83,176
2019-11-04,1146.0,445.0,473.0,83,205
2019-11-05,1062.0,441.0,468.0,81,192
2019-11-06,1083.0,432.0,457.0,80,181
2019-11-07,1066.0,427.0,449.0,76,168
2019-11-08,1016.0,421.0,441.0,71,168
2019-11-12,1064.0,420.0,450.0,71,161
2019-11-13,1018.0,418.0,446.0,71,172
2019-11-14,1027.0,421.0,444.0,68,155
2019-11-15,1049.0,418.0,445.0,73,159
2019-11-18,1012.0,414.0,437.0,62,160
2019-11-19,1008.0,405.0,429.0,64,156
2019-11-20,1001.0,399.0,417.0,70,168
2019-11-21,993.0,402.0,421.0,67,175
2019-11-22,1028.0,394.0,417.0,65,164
2019-11-25,994.0,390.0,411.0,69,179
2019-11-26,1056.0,388.0,411.0,71,171
2019-11-27,1011.0,382.0,406.0,68,154
2019-11-29,1004.0,382.0,406.0,70,183
2019-12-02,1104.0,397.0,427.0,72,162
2019-12-03,1050.0,396.0,422.0,76,160
2019-12-04,1046.0,393.0,413.0,75,170
2019-12-05,1017.0,390.0,405.0,70,165
2019-12-06,1017.0,385.0,401.0,82,184
2019-12-09,1042.0,388.0,413.0,73,175
2019-12-10,1049.0,387.0,410.0,75,184
2019-12-11,1056.0,394.0,419.0,73,179
2019-12-12,1039.0,384.0,414.0,75,179
2019-12-13,1017.0,382.0,413.0,70,161
2019-12-16,1025.0,373.0,394.0,69,170
2019-12-17,1014.0,376.0,397.0,68,166
2019-12-18,1057.0,374.0,398.0,74,185
2019-12-19,988.0,362.0,384.0,73,178
2019-12-20,967.0,346.0,366.0,69,179
2019-12-23,1027.0,350.0,372.0,69,191
2019-12-24,1006.0,345.0,368.0,71,195
2019-12-26,1000.0,343.0,360.0,75,208
2019-12-27,1038.0,341.0,363.0,73,188
2019-12-30,1036.0,326.0,348.0,72,196
2019-12-31,1010.0,329.0,341.0,51,99
2020-01-02,1123.0,344.0,380.0,74,170
2020-01-03,1030.0,350.0,375.0,79,187
2020-01-06,1034.0,357.0,384.0,77,178
2020-01-07,1028.0,356.0,379.0,80,182
2020-01-08,1007.0,355.0,376.0,83,186
2020-01-09,1011.0,361.0,387.0,81,192
2020-01-10,1013.0,367.0,376.0,83,192
2020-01-13,1021.0,377.0,389.0,85,190
2020-01-14,1009.0,371.0,388.0,76,179
2020-01-15,1022.0,378.0,394.0,76,174
2020-01-16,1069.0,377.0,397.0,78,177
2020-01-17,1043.0,383.0,405.0,67,162
2020-01-21,1067.0,375.0,396.0,64,164
2020-01-22,1085.0,379.0,393.0,69,176
2020-01-23,1051.0,377.0,389.0,67,175
2020-01-24,1070.0,379.0,395.0,70,179
2020-01-27,1051.0,381.0,392.0,71,185
2020-01-28,1074.0,378.0,389.0,69,176
2020-01-29,1082.0,377.0,393.0,71,184
2020-01-30,1072.0,379.0,397.0,64,176
2020-01-31,1149.0,396.0,411.0,78,193
2020-02-03,1134.0,395.0,409.0,79,188
2020-02-04,1161.0,400.0,419.0,80,202
2020-02-05,1168.0,410.0,428.0,83,199
2020-02-06,1105.0,415.0,432.0,79,192
2020-02-07,1111.0,415.0,432.0,77,194
2020-02-10,1111.0,415.0,427.0,69,185
2020-02-11,1114.0,415.0,427.0,66,179
2020-02-12,1124.0,424.0,441.0,74,181
2020-02-13,1114.0,420.0,436.0,69,170
2020-02-14,1086.0,414.0,431.0,61,148
2020-02-18,1163.0,426.0,440.0,61,153
2020-02-19,1128.0,425.0,444.0,64,162
2020-02-20,1112.0,432.0,449.0,60,163
2020-02-21,1099.0,430.0,442.0,65,174
2020-02-24,1106.0,428.0,443.0,63,172
2020-02-25,1122.0,429.0,451.0,64,157
2020-02-26,1120.0,433.0,458.0,62,155
2020-02-27,1106.0,434.0,456.0,65,165
2020-02-28,1156.0,436.0,447.0,61,154
2020-03-02,1291.0,451.0,472.0,58,149
2020-03-03,1238.0,451.0,480.0,58,158
2020-03-04,1261.0,459.0,485.0,80,194
2020-03-05,1254.0,472.0,497.0,78,176
2020-03-06,1295.0,466.0,490.0,79,163
2020-03-09,1256.0,468.0,496.0,77,178
2020-03-10,1264.0,480.0,511.0,77,169
2020-03-11,1222.0,483.0,509.0,80,176
2020-03-12,1293.0,493.0,536.0,61,152
2020-03-13,1298.0,470.0,502.0,65,153
2020-03-16,1306.0,467.0,502.0,80,186
2020-03-17,1335.0,481.0,516.0,85,201
2020-03-18,1358.0,489.0,511.0,82,198
2020-03-19,1319.0,483.0,500.0,103,228
2020-03-20,1235.0,464.0,479.0,87,215
2020-03-23,1277.0,468.0,489.0,82,212
2020-03-24,1280.0,457.0,478.0,95,235
2020-03-25,1229.0,465.0,482.0,102,261
2020-03-26,1233.0,452.0,467.0,101,276
2020-03-27,1222.0,437.0,460.0,94,274
2020-03-30,1157.0,421.0,443.0,84,257
2020-03-31,1127.0,396.0,411.0,78,183
2020-04-01,1226.0,430.0,455.0,92,250
2020-04-02,1202.0,438.0,467.0,90,239
2020-04-03,1266.0,444.0,471.0,87,249
2020-04-06,1254.0,453.0,475.0,84,251
2020-04-07,1226.0,457.0,476.0,85,256
2020-04-08,1152.0,457.0,470.0,85,240
2020-04-09,1160.0,453.0,465.0,83,108
2020-04-10,,,,88,106
2020-04-13,1193.0,467.0,479.0,95,265
2020-04-14,1152.0,476.0,497.0,92,231
2020-04-15,1257.0,461.0,484.0,101,245
2020-04-16,1223.0,456.0,477.0,99,244
2020-04-17,1231.0,461.0,489.0,101,256
2020-04-20,1158.0,460.0,484.0,106,284
2020-04-21,1163.0,467.0,492.0,104,272
2020-04-22,1158.0,468.0,486.0,107,255
2020-04-23,1141.0,471.0,489.0,107,253
2020-04-24,1208.0,477.0,502.0,99,245
2020-04-27,1145.0,477.0,500.0,100,267
2020-04-28,1165.0,476.0,500.0,97,229
2020-04-29,1141.0,470.0,493.0,99,246
2020-04-30,1180.0,479.0,501.0,92,211
2020-05-01,1190.0,472.0,482.0,92,217
2020-05-04,1184.0,479.0,490.0,90,221
2020-05-05,1172.0,474.0,489.0,92,206
2020-05-06,1127.0,459.0,473.0,90,216
2020-05-07,1127.0,452.0,475.0,92,205
2020-05-08,1142.0,448.0,473.0,85,200
2020-05-11,1123.0,451.0,475.0,84,217
2020-05-12,1142.0,446.0,471.0,88,210
2020-05-13,1085.0,445.0,471.0,90,227
2020-05-14,1102.0,441.0,459.0,92,227
2020-05-15,1127.0,450.0,471.0,93,225
2020-05-18,1130.0,450.0,473.0,87,229
2020-05-19,1127.0,453.0,474.0,86,214
2020-05-20,1103.0,449.0,472.0,86,226
2020-05-21,1117.0,457.0,485.0,85,215
2020-05-22,1085.0,452.0,473.0,78,196
2020-05-26,1081.0,435.0,462.0,76,200
2020-05-27,1069.0,439.0,461.0,79,205
2020-05-28,1031.0,433.0,449.0,70,182
2020-05-29,1061.0,428.0,451.0,65,175
2020-06-01,1104.0,435.0,454.0,66,175
2020-06-02,1054.0,429.0,446.0,68,172
2020-06-03,1024.0,428.0,447.0,62,173
2020-06-04,1067.0,414.0,443.0,61,172
2020-06-05,1021.0,418.0,440.0,57,153
2020-06-08,1032.0,416.0,440.0,60,156
2020-06-09,1034.0,414.0,440.0,59,173
2020-06-10,1008.0,414.0,435.0,53,167
2020-06-11,1009.0,405.0,424.0,55,165
2020-06-12,969.0,397.0,433.0,52,145
2020-06-15,1000.0,396.0,421.0,55,155
2020-06-16,986.0,401.0,424.0,57,158
2020-06-17,1012.0,399.0,431.0,59,162
2020-06-18,1046.0,405.0,431.0,65,163
2020-06-19,963.0,396.0,424.0,73,170
2020-06-22,1024.0,402.0,421.0,76,189
2020-06-23,992.0,404.0,427.0,71,188
2020-06-24,1015.0,400.0,425.0,74,178
2020-06-25,984.0,386.0,419.0,79,182
2020-06-26,938.0,382.0,406.0,78,171
2020-06-29,940.0,381.0,406.0,71,162
2020-06-30,970.0,383.0,411.0,58,139
2020-07-01,1003.0,384.0,420.0,66,152
2020-07-02,952.0,375.0,398.0,65,84
2020-07-03,,,,65,85
2020-07-06,977.0,376.0,397.0,62,161
2020-07-07,969.0,384.0,402.0,59,155
2020-07-08,954.0,384.0,404.0,59,153
2020-07-09,984.0,385.0,413.0,60,148
2020-07-10,942.0,378.0,400.0,56,133
2020-07-13,960.0,370.0,389.0,54,144
2020-07-14,972.0,372.0,397.0,54,141
2020-07-15,939.0,374.0,391.0,55,150
2020-07-16,957.0,379.0,398.0,55,152
2020-07-17,988.0,378.0,406.0,49,134
2020-07-20,975.0,377.0,398.0,43,140
2020-07-21,963.0,387.0,416.0,44,145
2020-07-22,1031.0,377.0,394.0,47,155
2020-07-23,942.0,378.0,392.0,50,152
2020-07-24,950.0,381.0,403.0,45,138
2020-07-27,973.0,380.0,407.0,46,146
2020-07-28,955.0,379.0,406.0,47,151
2020-07-29,948.0,377.0,402.0,46,143
2020-07-30,928.0,374.0,395.0,56,149
2020-07-31,1034.0,383.0,412.0,50,137
2020-08-03,991.0,378.0,397.0,51,147
2020-08-04,1051.0,375.0,402.0,53,150
2020-08-05,1028.0,374.0,395.0,53,157
2020-08-06,1029.0,375.0,401.0,56,160
2020-08-07,944.0,361.0,374.0,54,150
2020-08-10,948.0,367.0,381.0,51,141
2020-08-11,956.0,369.0,395.0,54,149
2020-08-12,964.0,361.0,382.0,55,145
2020-08-13,989.0,364.0,384.0,56,151
2020-08-14,930.0,358.0,377.0,56,146
2020-08-17,944.0,359.0,380.0,57,154
2020-08-18,977.0,361.0,381.0,57,155
2020-08-19,961.0,360.0,375.0,58,166
2020-08-20,983.0,366.0,385.0,59,186
2020-08-21,959.0,365.0,388.0,59,175
2020-08-24,935.0,360.0,379.0,58,175
2020-08-25,931.0,354.0,368.0,66,183
2020-08-26,938.0,359.0,374.0,65,179
2020-08-27,898.0,360.0,373.0,69,193
2020-08-28,881.0,354.0,369.0,66,184
2020-08-31,934.0,361.0,380.0,63,173
2020-09-01,969.0,353.0,370.0,62,154
2020-09-02,947.0,359.0,376.0,63,163
2020-09-03,955.0,351.0,374.0,63,171
2020-09-04,935.0,349.0,370.0,59,149
2020-09-08,957.0,351.0,375.0,63,160
2020-09-09,937.0,362.0,379.0,59,152
2020-09-10,924.0,358.0,378.0,64,165
2020-09-11,900.0,356.0,376.0,52,149
2020-09-14,881.0,347.0,363.0,57,156
2020-09-15,938.0,348.0,365.0,55,148
2020-09-16,899.0,341.0,354.0,61,158
2020-09-17,892.0,348.0,364.0,73,168
2020-09-18,896.0,347.0,359.0,68,164
2020-09-21,925.0,339.0,369.0,64,179
2020-09-22,941.0,341.0,366.0,66,184
2020-09-23,945.0,340.0,367.0,70,208
2020-09-24,919.0,337.0,355.0,72,202
2020-09-25,929.0,334.0,355.0,68,186
2020-09-28,923.0,344.0,378.0,70,195
2020-09-29,916.0,336.0,351.0,64,195
2020-09-30,975.0,341.0,353.0,47,126
2020-10-01,1020.0,338.0,374.0,61,153
2020-10-02,927.0,334.0,362.0,55,156
2020-10-05,955.0,329.0,361.0,57,156
2020-10-06,920.0,330.0,350.0,61,170
2020-10-07,925.0,327.0,358.0,58,171
2020-10-08,924.0,328.0,347.0,56,172
2020-10-09,894.0,331.0,356.0,52,165
2020-10-13,930.0,330.0,352.0,54,172
2020-10-14,885.0,326.0,344.0,54,163
2020-10-15,952.0,331.0,359.0,58,166
2020-10-16,914.0,325.0,348.0,59,159
2020-10-19,903.0,324.0,344.0,54,155
2020-10-20,918.0,323.0,347.0,54,158
2020-10-21,943.0,321.0,347.0,59,166
2020-10-22,929.0,319.0,342.0,61,183
2020-10-23,915.0,313.0,334.0,57,165
2020-10-26,921.0,315.0,338.0,58,179
2020-10-27,931.0,309.0,331.0,60,177
2020-10-28,910.0,309.0,333.0,59,172
2020-10-29,866.0,306.0,329.0,59,162
2020-10-30,873.0,305.0,332.0,56,147
2020-11-02,956.0,314.0,352.0,58,146
2020-11-03,948.0,317.0,350.0,64,157
2020-11-04,899.0,314.0,342.0,67,168
2020-11-05,938.0,319.0,348.0,65,164
2020-11-06,888.0,315.0,343.0,61,159
2020-11-09,904.0,318.0,344.0,57,152
2020-11-10,923.0,317.0,349.0,57,157
2020-11-12,912.0,323.0,350.0,57,165
2020-11-13,904.0,315.0,344.0,55,149
2020-11-16,953.0,320.0,351.0,58,157
2020-11-17,970.0,320.0,348.0,60,163
2020-11-18,941.0,318.0,340.0,60,183
2020-11-19,911.0,316.0,344.0,62,182
2020-11-20,920.0,316.0,345.0,64,196
2020-11-23,913.0,315.0,343.0,62,201
2020-11-24,910.0,323.0,354.0,62,202
2020-11-25,937.0,322.0,347.0,66,208
2020-11-27,900.0,326.0,353.0,61,190
2020-11-30,1055.0,341.0,362.0,57,157
2020-12-01,972.0,336.0,362.0,56,168
2020-12-02,926.0,338.0,358.0,55,167
2020-12-03,954.0,345.0,370.0,60,170
2020-12-04,951.0,333.0,351.0,56,152
2020-12-07,951.0,338.0,360.0,57,154
2020-12-08,939.0,341.0,360.0,57,158
2020-12-09,935.0,340.0,359.0,57,172
2020-12-10,946.0,349.0,366.0,57,163
2020-12-11,885.0,338.0,357.0,51,155
2020-12-14,907.0,331.0,355.0,51,143
2020-12-15,933.0,329.0,359.0,50,142
2020-12-16,914.0,324.0,352.0,57,146
2020-12-17,922.0,328.0,355.0,58,153
2020-12-18,943.0,332.0,356.0,57,145
2020-12-21,922.0,329.0,359.0,66,164
2020-12-22,923.0,328.0,360.0,66,158
2020-12-23,921.0,323.0,355.0,70,157
2020-12-24,895.0,318.0,362.0,70,149
2020-12-28,946.0,323.0,354.0,73,161
2020-12-29,945.0,325.0,361.0,69,154
2020-12-30,916.0,315.0,338.0,62,155
2020-12-31,1095.0,340.0,351.0,34,76
2021-01-04,1046.0,335.0,367.0,57,131
2021-01-05,986.0,336.0,358.0,55,140
2021-01-06,978.0,335.0,361.0,56,139
2021-01-07,951.0,340.0,361.0,59,142
2021-01-08,992.0,340.0,363.0,55,154
2021-01-11,964.0,332.0,360.0,55,145
2021-01-12,918.0,334.0,356.0,61,143
2021-01-13,911.0,330.0,353.0,64,167
2021-01-14,887.0,321.0,340.0,64,150
2021-01-15,904.0,324.0,347.0,64,154
2021-01-19,936.0,323.0,350.0,61,162
2021-01-20,883.0,323.0,355.0,72,188
2021-01-21,922.0,324.0,353.0,74,204
2021-01-22,906.0,326.0,360.0,70,193
2021-01-25,885.0,319.0,354.0,74,217
2021-01-26,926.0,321.0,354.0,74,213
2021-01-27,913.0,325.0,353.0,71,210
2021-01-28,906.0,325.0,363.0,67,195
2021-01-29,915.0,317.0,344.0,62,186
2021-02-01,1010.0,339.0,374.0,64,171
2021-02-02,968.0,334.0,357.0,67,183
2021-02-03,962.0,329.0,354.0,67,186
2021-02-04,989.0,333.0,356.0,69,194
2021-02-05,933.0,332.0,367.0,72,206
2021-02-08,920.0,329.0,355.0,72,205
2021-02-09,901.0,332.0,359.0,73,211
2021-02-10,884.0,337.0,357.0,68,200
2021-02-11,891.0,332.0,362.0,67,206
2021-02-12,890.0,332.0,365.0,63,200
2021-02-16,934.0,337.0,372.0,65,201
2021-02-17,957.0,343.0,373.0,66,199
2021-02-18,872.0,333.0,365.0,73,215
2021-02-19,873.0,331.0,359.0,71,204
2021-02-22,860.0,327.0,360.0,70,206
2021-02-23,917.0,344.0,376.0,70,212
2021-02-24,870.0,340.0,371.0,70,212
2021-02-25,896.0,332.0,369.0,77,243
2021-02-26,889.0,336.0,367.0,71,208
2021-03-01,988.0,337.0,372.0,68,194
2021-03-02,951.0,349.0,390.0,68,204
2021-03-03,897.0,342.0,374.0,68,215
2021-03-04,936.0,343.0,375.0,69,224
2021-03-05,933.0,339.0,364.0,69,210
2021-03-08,928.0,339.0,362.0,66,213
2021-03-09,914.0,341.0,368.0,69,219
2021-03-10,914.0,344.0,365.0,66,228
2021-03-11,884.0,346.0,371.0,67,216
2021-03-12,889.0,342.0,369.0,63,217
2021-03-15,898.0,344.0,364.0,70,213
2021-03-16,914.0,342.0,367.0,69,220
2021-03-17,883.0,331.0,363.0,72,222
2021-03-18,868.0,339.0,363.0,75,239
2021-03-19,865.0,337.0,362.0,72,226
2021-03-22,869.0,332.0,358.0,68,241
2021-03-23,896.0,349.0,383.0,71,247
2021-03-24,895.0,355.0,393.0,70,248
2021-03-25,956.0,351.0,385.0,79,270
2021-03-26,924.0,347.0,374.0,75,252
2021-03-29,858.0,329.0,348.0,74,252
2021-03-30,808.0,324.0,338.0,76,246
2021-03-31,931.0,324.0,348.0,56,148
2021-04-01,989.0,333.0,364.0,72,95
2021-04-02,,,,72,92
2021-04-05,985.0,338.0,368.0,73,262
2021-04-06,979.0,349.0,378.0,74,255
2021-04-07,924.0,341.0,366.0,73,256
2021-04-08,896.0,350.0,370.0,75,257
2021-04-09,867.0,346.0,366.0,69,244
2021-04-12,863.0,350.0,377.0,68,252
2021-04-13,894.0,354.0,379.0,67,242
2021-04-14,883.0,354.0,376.0,68,235
2021-04-15,928.0,359.0,384.0,66,242
2021-04-16,913.0,358.0,387.0,66,246
2021-04-19,919.0,351.0,380.0,65,248
2021-04-20,896.0,351.0,375.0,70,256
2021-04-21,882.0,346.0,371.0,72,250
2021-04-22,870.0,356.0,380.0,70,263
2021-04-23,871.0,352.0,380.0,66,259
2021-04-26,875.0,350.0,369.0,72,276
2021-04-27,879.0,354.0,376.0,65,265
2021-04-28,847.0,354.0,375.0,67,259
2021-04-29,838.0,349.0,373.0,72,269
2021-04-30,924.0,351.0,377.0,70,235
2021-05-03,930.0,349.0,376.0,74,248
2021-05-04,895.0,344.0,371.0,73,257
2021-05-05,841.0,343.0,363.0,73,244
2021-05-06,883.0,349.0,368.0,72,261
2021-05-07,869.0,348.0,374.0,69,258
2021-05-10,869.0,350.0,374.0,66,271
2021-05-11,865.0,359.0,383.0,64,261
2021-05-12,895.0,352.0,378.0,67,253
2021-05-13,860.0,349.0,372.0,63,253
2021-05-14,865.0,348.0,370.0,62,245
2021-05-17,902.0,346.0,363.0,63,267
2021-05-18,888.0,351.0,371.0,63,266
2021-05-19,891.0,351.0,368.0,60,249
2021-05-20,872.0,358.0,372.0,66,259
2021-05-21,857.0,350.0,370.0,65,270
2021-05-24,858.0,350.0,372.0,64,265
2021-05-25,877.0,353.0,376.0,65,261
2021-05-26,869.0,349.0,372.0,64,262
2021-05-27,877.0,356.0,376.0,67,243
2021-05-28,868.0,355.0,378.0,61,219
2021-06-01,977.0,366.0,404.0,60,233
2021-06-02,953.0,371.0,408.0,70,250
2021-06-03,903.0,360.0,391.0,69,272
2021-06-04,898.0,356.0,381.0,68,262
2021-06-07,921.0,360.0,387.0,67,267
2021-06-08,896.0,356.0,381.0,64,254
2021-06-09,896.0,355.0,374.0,64,259
2021-06-10,904.0,358.0,386.0,63,249
2021-06-11,834.0,350.0,370.0,60,252
2021-06-14,877.0,346.0,367.0,58,251
2021-06-15,905.0,355.0,381.0,60,248
2021-06-16,900.0,352.0,375.0,62,242
2021-06-17,998.0,347.0,393.0,64,226
2021-06-18,921.0,342.0,370.0,68,224
2021-06-21,894.0,335.0,366.0,66,253
2021-06-22,888.0,333.0,358.0,70,261
2021-06-23,835.0,325.0,348.0,71,261
2021-06-24,868.0,326.0,353.0,74,266
2021-06-25,850.0,319.0,346.0,77,267
2021-06-28,853.0,317.0,342.0,77,266
2021-06-29,850.0,316.0,341.0,75,252
2021-06-30,871.0,294.0,325.0,49,137
2021-07-01,938.0,315.0,347.0,70,246
2021-07-02,910.0,315.0,352.0,81,242
2021-07-06,934.0,324.0,360.0,76,262
2021-07-07,905.0,325.0,360.0,77,247
2021-07-08,874.0,331.0,364.0,76,256
2021-07-09,911.0,330.0,360.0,75,257
2021-07-12,855.0,331.0,359.0,75,256
2021-07-13,875.0,331.0,361.0,74,249
2021-07-14,908.0,329.0,361.0,72,246
2021-07-15,933.0,348.0,378.0,73,253
2021-07-16,864.0,339.0,364.0,72,254
2021-07-19,888.0,337.0,369.0,67,255
2021-07-20,855.0,348.0,373.0,70,259
2021-07-21,913.0,352.0,383.0,71,258
2021-07-22,849.0,339.0,371.0,71,255
2021-07-23,861.0,345.0,370.0,68,245
2021-07-26,881.0,342.0,364.0,73,260
2021-07-27,874.0,343.0,365.0,69,256
2021-07-28,862.0,345.0,370.0,65,244
2021-07-29,877.0,341.0,377.0,70,253
2021-07-30,903.0,343.0,368.0,61,215
2021-08-02,986.0,360.0,398.0,74,246
2021-08-03,974.0,352.0,382.0,69,245
2021-08-04,926.0,353.0,385.0,71,250
2021-08-05,901.0,353.0,381.0,70,243
2021-08-06,891.0,347.0,367.0,70,248
2021-08-09,884.0,343.0,365.0,68,252
2021-08-10,865.0,345.0,363.0,69,251
2021-08-11,904.0,350.0,371.0,68,248
2021-08-12,909.0,363.0,380.0,68,247
2021-08-13,893.0,364.0,385.0,65,249
2021-08-16,906.0,362.0,377.0,66,252
2021-08-17,905.0,365.0,380.0,64,250
2021-08-18,935.0,357.0,375.0,65,255
2021-08-19,925.0,360.0,384.0,67,250
2021-08-20,902.0,354.0,375.0,68,259
2021-08-23,899.0,356.0,373.0,67,261
2021-08-24,923.0,363.0,391.0,66,255
2021-08-25,912.0,358.0,376.0,70,256
2021-08-26,864.0,350.0,377.0,69,246
2021-08-27,920.0,354.0,383.0,71,257
2021-08-30,885.0,349.0,366.0,71,262
2021-08-31,953.0,360.0,397.0,59,214
2021-09-01,936.0,360.0,391.0,72,266
2021-09-02,952.0,360.0,397.0,69,267
2021-09-03,883.0,352.0,386.0,68,267
2021-09-07,945.0,361.0,396.0,71,271
2021-09-08,896.0,352.0,377.0,70,276
2021-09-09,917.0,360.0,394.0,70,281
2021-09-10,891.0,359.0,396.0,67,277
2021-09-13,914.0,354.0,382.0,67,262
2021-09-14,893.0,357.0,380.0,69,258
2021-09-15,942.0,371.0,405.0,69,252
2021-09-16,905.0,367.0,387.0,66,256
2021-09-17,884.0,354.0,371.0,64,256
2021-09-20,928.0,356.0,385.0,69,258
2021-09-21,894.0,353.0,377.0,70,277
2021-09-22,879.0,349.0,375.0,71,265
2021-09-23,878.0,350.0,370.0,70,264
2021-09-24,896.0,353.0,377.0,69,254
2021-09-27,927.0,351.0,377.0,72,254
2021-09-28,883.0,348.0,378.0,71,244
2021-09-29,872.0,340.0,364.0,73,248
2021-09-30,939.0,322.0,353.0,52,137
2021-10-01,928.0,342.0,371.0,68,257
2021-10-04,925.0,343.0,368.0,73,261
2021-10-05,916.0,344.0,369.0,74,263
2021-10-06,902.0,348.0,364.0,75,256
2021-10-07,911.0,352.0,372.0,77,259
2021-10-08,887.0,349.0,375.0,77,264
2021-10-12,925.0,347.0,369.0,76,275
2021-10-13,907.0,352.0,372.0,73,270
2021-10-14,873.0,355.0,370.0,72,266
2021-10-15,889.0,351.0,374.0,73,266
2021-10-18,879.0,352.0,377.0,71,277
2021-10-19,875.0,339.0,368.0,70,269
2021-10-20,857.0,334.0,360.0,72,271
2021-10-21,879.0,332.0,360.0,75,284
2021-10-22,863.0,331.0,357.0,74,274
2021-10-25,858.0,329.0,353.0,78,286
2021-10-26,877.0,326.0,356.0,77,276
2021-10-27,865.0,325.0,356.0,78,267
2021-10-28,871.0,317.0,345.0,84,272
2021-10-29,847.0,317.0,336.0,70,222
2021-11-01,959.0,329.0,353.0,78,266
2021-11-02,910.0,338.0,364.0,78,264
2021-11-03,877.0,329.0,359.0,75,276
2021-11-04,925.0,338.0,353.0,76,276
2021-11-05,875.0,331.0,354.0,79,283
2021-11-08,907.0,332.0,357.0,76,285
2021-11-09,908.0,330.0,352.0,75,281
2021-11-10,871.0,328.0,343.0,72,277
2021-11-12,868.0,324.0,343.0,74,264
2021-11-15,958.0,333.0,349.0,77,283
2021-11-16,924.0,327.0,346.0,76,265
2021-11-17,893.0,329.0,347.0,74,271
2021-11-18,898.0,337.0,358.0,77,273
2021-11-19,895.0,331.0,350.0,74,272
2021-11-22,930.0,336.0,357.0,74,278
2021-11-23,920.0,328.0,350.0,74,272
2021-11-24,887.0,325.0,339.0,79,257
2021-11-26,895.0,327.0,334.0,85,268
2021-11-29,953.0,328.0,350.0,85,279
2021-11-30,1067.0,334.0,362.0,77,220
2021-12-01,1088.0,341.0,374.0,76,256
2021-12-02,1031.0,338.0,362.0,78,270
2021-12-03,1015.0,338.0,361.0,77,261
2021-12-06,994.0,334.0,355.0,74,259
2021-12-07,989.0,338.0,349.0,74,257
2021-12-08,978.0,339.0,353.0,76,261
2021-12-09,973.0,339.0,351.0,76,266
2021-12-10,919.0,334.0,352.0,74,261
2021-12-13,936.0,341.0,359.0,69,250
2021-12-14,919.0,336.0,356.0,73,256
2021-12-15,959.0,337.0,355.0,74,248
2021-12-16,914.0,329.0,348.0,73,248
2021-12-17,910.0,326.0,338.0,71,257
2021-12-20,905.0,324.0,337.0,72,259
2021-12-21,896.0,329.0,345.0,69,249
2021-12-22,893.0,331.0,347.0,69,234
2021-12-23,880.0,323.0,344.0,71,91
2021-12-24,,,,69,88
2021-12-27,888.0,316.0,328.0,75,257
2021-12-28,844.0,315.0,328.0,72,242
2021-12-29,869.0,308.0,330.0,71,230
2021-12-30,836.0,307.0,322.0,77,239
2021-12-31,923.0,302.0,327.0,49,88
2022-01-03,972.0,321.0,344.0,74,249
2022-01-04,976.0,325.0,348.0,74,252
2022-01-05,946.0,325.0,340.0,74,263
2022-01-06,942.0,329.0,350.0,73,262
2022-01-07,929.0,330.0,345.0,71,258
2022-01-10,919.0,336.0,351.0,71,267
2022-01-11,935.0,338.0,358.0,71,260
2022-01-12,891.0,339.0,351.0,70,250
2022-01-13,892.0,341.0,353.0,71,259
2022-01-14,874.0,333.0,340.0,72,260
2022-01-18,954.0,346.0,357.0,71,269
2022-01-19,917.0,339.0,351.0,73,262
2022-01-20,927.0,337.0,346.0,75,265
2022-01-21,875.0,328.0,340.0,76,276
2022-01-24,886.0,322.0,332.0,75,273
2022-01-25,943.0,336.0,349.0,78,278
2022-01-26,926.0,333.0,347.0,78,278
2022-01-27,913.0,333.0,345.0,80,274
2022-01-28,908.0,332.0,345.0,82,281
2022-01-31,1019.0,343.0,357.0,78,256
2022-02-01,985.0,336.0,348.0,75,286
2022-02-02,927.0,328.0,340.0,72,274
2022-02-03,935.0,332.0,344.0,72,277
2022-02-04,891.0,334.0,344.0,69,254
2022-02-07,905.0,335.0,347.0,72,260
2022-02-08,896.0,335.0,346.0,70,263
2022-02-09,911.0,343.0,350.0,70,266
2022-02-10,914.0,337.0,344.0,71,280
2022-02-11,903.0,329.0,338.0,67,251
2022-02-14,895.0,325.0,329.0,63,249
2022-02-15,972.0,332.0,340.0,65,249
2022-02-16,960.0,335.0,341.0,70,241
2022-02-17,911.0,340.0,346.0,73,249
2022-02-18,931.0,335.0,345.0,71,245
2022-02-22,930.0,332.0,345.0,72,257
2022-02-23,902.0,326.0,334.0,72,261
2022-02-24,924.0,332.0,345.0,64,243
2022-02-25,962.0,347.0,364.0,69,249
2022-02-28,1052.0,351.0,369.0,65,236
2022-03-01,1062.0,361.0,372.0,64,247
2022-03-02,1023.0,355.0,367.0,70,258
2022-03-03,1001.0,354.0,367.0,68,253
2022-03-04,961.0,355.0,366.0,72,252
2022-03-07,990.0,355.0,364.0,71,263
2022-03-08,948.0,358.0,364.0,69,256
2022-03-09,952.0,357.0,364.0,71,246
2022-03-10,977.0,355.0,360.0,72,256
2022-03-11,980.0,357.0,368.0,73,247
2022-03-14,980.0,353.0,368.0,72,251
2022-03-15,1014.0,360.0,370.0,76,253
2022-03-16,1016.0,364.0,375.0,74,260
2022-03-17,1003.0,365.0,374.0,73,266
2022-03-18,968.0,371.0,381.0,72,253
2022-03-21,989.0,371.0,381.0,76,260
2022-03-22,931.0,353.0,361.0,76,254
2022-03-23,908.0,344.0,359.0,74,243
2022-03-24,900.0,339.0,351.0,74,246
2022-03-25,901.0,328.0,332.0,78,261
2022-03-28,899.0,328.0,335.0,77,249
2022-03-29,874.0,320.0,332.0,83,255
2022-03-30,900.0,310.0,324.0,80,249
2022-03-31,979.0,288.0,303.0,57,145
2022-04-01,974.0,321.0,348.0,78,243
2022-04-04,940.0,319.0,340.0,78,254
2022-04-05,929.0,323.0,336.0,79,263
2022-04-06,905.0,322.0,332.0,77,254
2022-04-07,906.0,327.0,335.0,78,257
2022-04-08,905.0,328.0,337.0,77,258
2022-04-11,886.0,327.0,336.0,80,266
2022-04-12,883.0,327.0,338.0,80,266
2022-04-13,874.0,330.0,336.0,77,244
2022-04-14,886.0,328.0,336.0,71,97
2022-04-15,,,,75,99
2022-04-18,896.0,338.0,349.0,76,263
2022-04-19,895.0,327.0,342.0,70,263
2022-04-20,912.0,330.0,345.0,71,258
2022-04-21,906.0,328.0,339.0,70,264
2022-04-22,901.0,322.0,335.0,74,260
2022-04-25,898.0,327.0,342.0,78,273
2022-04-26,897.0,326.0,338.0,73,261
2022-04-27,882.0,330.0,342.0,78,262
2022-04-28,892.0,327.0,337.0,81,259
2022-04-29,915.0,333.0,354.0,76,244
2022-05-02,984.0,345.0,362.0,77,253
2022-05-03,923.0,343.0,354.0,79,260
2022-05-04,947.0,344.0,359.0,77,273
2022-05-05,992.0,336.0,354.0,74,284
2022-05-06,979.0,339.0,360.0,81,267
2022-05-09,931.0,343.0,354.0,75,270
2022-05-10,914.0,338.0,348.0,72,253
2022-05-11,925.0,344.0,357.0,78,256
2022-05-12,922.0,345.0,357.0,81,275
2022-05-13,917.0,341.0,356.0,84,266
2022-05-16,1013.0,356.0,376.0,84,271
2022-05-17,977.0,352.0,366.0,80,267
2022-05-18,939.0,341.0,355.0,75,252
2022-05-19,982.0,344.0,358.0,76,257
2022-05-20,943.0,346.0,362.0,82,261
2022-05-23,984.0,346.0,364.0,82,254
2022-05-24,968.0,350.0,366.0,82,253
2022-05-25,942.0,346.0,362.0,85,260
2022-05-26,955.0,351.0,368.0,81,252
2022-05-27,963.0,344.0,365.0,79,254
2022-05-31,1040.0,351.0,366.0,76,235
2022-06-01,994.0,355.0,370.0,85,255
2022-06-02,974.0,355.0,368.0,83,256
2022-06-03,954.0,354.0,365.0,85,252
2022-06-06,959.0,348.0,360.0,85,266
2022-06-07,947.0,349.0,365.0,82,252
2022-06-08,959.0,354.0,372.0,79,247
2022-06-09,985.0,360.0,383.0,79,247
2022-06-10,960.0,358.0,382.0,76,243
2022-06-13,970.0,352.0,381.0,75,238
2022-06-14,925.0,350.0,373.0,81,248
2022-06-15,917.0,347.0,364.0,83,250
2022-06-16,976.0,353.0,369.0,80,254
2022-06-17,923.0,352.0,365.0,84,243
2022-06-21,957.0,362.0,372.0,67,242
2022-06-22,942.0,359.0,378.0,85,261
2022-06-23,944.0,358.0,368.0,84,257
2022-06-24,926.0,352.0,367.0,91,256
2022-06-27,945.0,345.0,367.0,90,258
2022-06-28,929.0,338.0,352.0,95,247
2022-06-29,940.0,332.0,352.0,85,238
2022-06-30,995.0,330.0,347.0,67,157
2022-07-01,1001.0,338.0,357.0,90,249
2022-07-05,1042.0,349.0,362.0,94,262
2022-07-06,966.0,349.0,359.0,95,270
2022-07-07,966.0,355.0,361.0,92,271
2022-07-08,942.0,345.0,368.0,99,278
2022-07-11,930.0,353.0,359.0,93,269
2022-07-12,941.0,359.0,364.0,98,275
2022-07-13,924.0,358.0,367.0,96,274
2022-07-14,934.0,362.0,369.0,91,271
2022-07-15,950.0,359.0,368.0,97,276
2022-07-18,947.0,358.0,367.0,97,284
2022-07-19,933.0,360.0,372.0,90,274
2022-07-20,916.0,361.0,369.0,95,274
2022-07-21,960.0,371.0,377.0,96,287
2022-07-22,931.0,364.0,371.0,96,284
2022-07-25,985.0,367.0,379.0,94,291
2022-07-26,951.0,369.0,376.0,97,293
2022-07-27,941.0,368.0,385.0,98,287
2022-07-28,965.0,372.0,382.0,90,287
2022-07-29,949.0,365.0,374.0,86,240
2022-08-01,1035.0,378.0,401.0,93,270
2022-08-02,1015.0,381.0,399.0,95,278
2022-08-03,984.0,373.0,379.0,92,274
2022-08-04,981.0,384.0,393.0,91,280
2022-08-05,965.0,380.0,391.0,91,282
2022-08-08,950.0,380.0,387.0,89,279
2022-08-09,947.0,377.0,386.0,90,283
2022-08-10,970.0,377.0,390.0,93,281
2022-08-11,965.0,380.0,392.0,94,285
2022-08-12,966.0,380.0,396.0,97,286
2022-08-15,1014.0,388.0,394.0,97,294
2022-08-16,974.0,387.0,393.0,94,289
2022-08-17,966.0,388.0,400.0,92,286
2022-08-18,973.0,385.0,398.0,91,285
2022-08-19,960.0,383.0,393.0,94,289
2022-08-22,994.0,384.0,393.0,91,284
2022-08-23,952.0,383.0,390.0,91,281
2022-08-24,969.0,375.0,388.0,94,278
2022-08-25,970.0,385.0,396.0,96,280
2022-08-26,953.0,385.0,391.0,98,281
2022-08-29,963.0,383.0,393.0,89,265
2022-08-30,948.0,377.0,387.0,90,266
2022-08-31,1024.0,381.0,404.0,86,253
2022-09-01,979.0,384.0,398.0,100,295
2022-09-02,965.0,378.0,392.0,100,288
2022-09-06,989.0,390.0,399.0,94,283
2022-09-07,958.0,375.0,387.0,97,313
2022-09-08,981.0,382.0,395.0,94,298
2022-09-09,958.0,386.0,395.0,101,299
2022-09-12,980.0,380.0,397.0,93,293
2022-09-13,957.0,388.0,406.0,94,302
2022-09-14,951.0,375.0,394.0,95,292
2022-09-15,981.0,383.0,407.0,96,294
2022-09-16,952.0,376.0,392.0,96,294
2022-09-19,948.0,373.0,384.0,93,295
2022-09-20,967.0,374.0,390.0,91,301
2022-09-21,951.0,374.0,393.0,99,300
2022-09-22,1023.0,369.0,387.0,99,308
2022-09-23,968.0,358.0,382.0,109,295
2022-09-26,976.0,361.0,384.0,111,288
2022-09-27,949.0,352.0,376.0,111,279
2022-09-28,911.0,338.0,359.0,110,272
2022-09-29,906.0,332.0,350.0,103,260
2022-09-30,956.0,314.0,332.0,90,197
2022-10-03,1009.0,340.0,378.0,115,282
2022-10-04,996.0,358.0,392.0,107,281
2022-10-05,992.0,366.0,397.0,104,281
2022-10-06,985.0,375.0,399.0,109,282
2022-10-07,968.0,371.0,394.0,113,282
2022-10-11,993.0,377.0,407.0,104,282
2022-10-12,972.0,371.0,390.0,110,287
2022-10-13,1000.0,378.0,398.0,106,285
2022-10-14,958.0,370.0,387.0,110,287
2022-10-17,979.0,373.0,389.0,103,275
2022-10-18,967.0,375.0,388.0,103,276
2022-10-19,919.0,375.0,385.0,104,272
2022-10-20,963.0,380.0,393.0,92,267
2022-10-21,955.0,372.0,387.0,99,265
2022-10-24,962.0,376.0,388.0,99,276
2022-10-25,961.0,379.0,395.0,103,283
2022-10-26,972.0,381.0,402.0,99,282
2022-10-27,973.0,387.0,406.0,103,286
2022-10-28,951.0,384.0,397.0,107,300
2022-10-31,1075.0,386.0,414.0,82,249
2022-11-01,1079.0,395.0,420.0,108,289
2022-11-02,1021.0,391.0,405.0,103,292
2022-11-03,1074.0,393.0,418.0,97,284
2022-11-04,1014.0,397.0,409.0,105,286
2022-11-07,981.0,393.0,405.0,99,291
2022-11-08,978.0,388.0,401.0,101,288
2022-11-09,969.0,390.0,405.0,100,293
2022-11-10,987.0,395.0,411.0,97,283
2022-11-14,1041.0,405.0,429.0,99,284
2022-11-15,1149.0,407.0,441.0,97,275
2022-11-16,1096.0,408.0,423.0,98,281
2022-11-17,1075.0,401.0,419.0,99,279
2022-11-18,1037.0,400.0,411.0,102,283
2022-11-21,1015.0,395.0,404.0,94,281
2022-11-22,1038.0,393.0,412.0,99,280
2022-11-23,984.0,375.0,381.0,108,273
2022-11-25,1003.0,388.0,398.0,105,265
2022-11-28,1058.0,393.0,411.0,97,271
2022-11-29,1026.0,398.0,409.0,95,269
2022-11-30,1113.0,395.0,414.0,92,242
2022-12-01,1174.0,417.0,442.0,99,269
2022-12-02,1132.0,416.0,431.0,108,282
2022-12-05,1096.0,400.0,415.0,107,287
2022-12-06,1088.0,399.0,417.0,110,306
2022-12-07,1088.0,394.0,411.0,103,273
2022-12-08,1087.0,392.0,418.0,99,270
2022-12-09,1058.0,398.0,418.0,102,271
2022-12-12,1042.0,392.0,409.0,97,269
2022-12-13,1051.0,391.0,412.0,100,281
2022-12-14,1045.0,397.0,411.0,101,281
2022-12-15,1144.0,400.0,417.0,104,279
2022-12-16,1091.0,391.0,414.0,99,267
2022-12-19,1087.0,393.0,414.0,91,259
2022-12-20,1048.0,385.0,398.0,99,267
2022-12-21,1031.0,376.0,388.0,98,263
2022-12-22,1013.0,376.0,391.0,99,270
2022-12-23,991.0,352.0,364.0,107,270
2022-12-27,1048.0,361.0,389.0,109,277
2022-12-28,1005.0,362.0,379.0,99,255
2022-12-29,1037.0,366.0,380.0,94,249
2022-12-30,1004.0,335.0,354.0,67,126
2023-01-03,1257.0,374.0,430.0,105,270
2023-01-04,1136.0,382.0,416.0,108,278
2023-01-05,1134.0,392.0,432.0,107,283
2023-01-06,1118.0,391.0,424.0,114,290
2023-01-09,1127.0,401.0,437.0,106,287
2023-01-10,1124.0,407.0,437.0,109,293
2023-01-11,1142.0,413.0,448.0,110,291
2023-01-12,1108.0,414.0,447.0,107,286
2023-01-13,1101.0,418.0,445.0,110,281
2023-01-17,1248.0,429.0,449.0,94,276
2023-01-18,1193.0,429.0,449.0,106,293
2023-01-19,1231.0,433.0,453.0,100,273
2023-01-20,1169.0,435.0,462.0,99,276
2023-01-23,1150.0,425.0,448.0,96,282
2023-01-24,1163.0,441.0,464.0,104,287
2023-01-25,1157.0,445.0,467.0,111,292
2023-01-26,1165.0,455.0,473.0,113,302
2023-01-27,1165.0,454.0,472.0,120,304
2023-01-30,1158.0,452.0,473.0,109,289
2023-01-31,1281.0,468.0,482.0,98,251
2023-02-01,1199.0,472.0,487.0,106,276
2023-02-02,1290.0,468.0,489.0,99,282
2023-02-03,1216.0,459.0,470.0,104,284
2023-02-06,1209.0,460.0,473.0,99,278
2023-02-07,1208.0,461.0,474.0,103,271
2023-02-08,1184.0,466.0,480.0,106,284
2023-02-09,1212.0,466.0,481.0,111,287
2023-02-10,1186.0,455.0,468.0,112,291
2023-02-13,1153.0,452.0,467.0,107,294
2023-02-14,1216.0,455.0,466.0,105,287
2023-02-15,1239.0,458.0,470.0,111,319
2023-02-16,1244.0,456.0,463.0,105,286
2023-02-17,1209.0,450.0,461.0,107,292
2023-02-21,1164.0,460.0,475.0,100,295
2023-02-22,1129.0,445.0,457.0,109,298
2023-02-23,1137.0,444.0,457.0,106,299
2023-02-24,1122.0,442.0,456.0,109,298
2023-02-27,1145.0,445.0,473.0,108,297
2023-02-28,1230.0,444.0,462.0,103,269
2023-03-01,1172.0,446.0,462.0,117,304
2023-03-02,1150.0,446.0,463.0,108,295
2023-03-03,1120.0,444.0,458.0,114,304
2023-03-06,1129.0,449.0,460.0,114,310
2023-03-07,1151.0,463.0,474.0,118,308
2023-03-08,1096.0,453.0,466.0,107,290
2023-03-09,1120.0,461.0,469.0,115,305
2023-03-10,1088.0,454.0,466.0,81,279
2023-03-13,1148.0,457.0,467.0,41,232
2023-03-14,1203.0,476.0,491.0,79,252
2023-03-15,1252.0,474.0,484.0,89,262
2023-03-16,1272.0,491.0,503.0,83,261
2023-03-17,1265.0,484.0,500.0,85,269
2023-03-20,1288.0,489.0,506.0,92,277
2023-03-21,1247.0,502.0,515.0,92,278
2023-03-22,1203.0,499.0,512.0,100,281
2023-03-23,1355.0,510.0,526.0,92,276
2023-03-24,1290.0,505.0,513.0,92,271
2023-03-27,1365.0,514.0,521.0,92,268
2023-03-28,1345.0,504.0,515.0,98,268
2023-03-29,1287.0,494.0,506.0,97,247
2023-03-30,1319.0,497.0,505.0,95,240
2023-03-31,1408.0,470.0,479.0,86,175
2023-04-03,1477.0,494.0,509.0,105,261
2023-04-04,1427.0,509.0,520.0,103,263
2023-04-05,1427.0,510.0,524.0,102,255
2023-04-06,1431.0,523.0,538.0,98,122
2023-04-07,,,,100,123
2023-04-10,1366.0,531.0,540.0,106,284
2023-04-11,1365.0,522.0,528.0,108,273
2023-04-12,1358.0,523.0,527.0,114,283
2023-04-13,1378.0,522.0,529.0,109,279
2023-04-14,1312.0,516.0,524.0,113,280
2023-04-17,1406.0,518.0,527.0,106,279
2023-04-18,1364.0,518.0,527.0,112,287
2023-04-19,1307.0,509.0,517.0,109,281
2023-04-20,1281.0,521.0,527.0,115,281
2023-04-21,1324.0,523.0,530.0,114,283
2023-04-24,1298.0,521.0,533.0,110,275
2023-04-25,1329.0,540.0,547.0,112,280
2023-04-26,1345.0,535.0,547.0,115,285
2023-04-27,1337.0,538.0,545.0,119,282
2023-04-28,1378.0,530.0,541.0,113,259
2023-05-01,1577.0,558.0,565.0,117,276
2023-05-02,1537.0,556.0,565.0,118,273
2023-05-03,1544.0,567.0,581.0,115,277
2023-05-04,1590.0,566.0,575.0,114,282
2023-05-05,1517.0,558.0,569.0,112,278
2023-05-08,1497.0,566.0,578.0,111,281
2023-05-09,1482.0,564.0,574.0,112,277
2023-05-10,1410.0,568.0,579.0,120,284
2023-05-11,1372.0,573.0,585.0,117,282
2023-05-12,1352.0,574.0,581.0,124,294
2023-05-15,1497.0,576.0,584.0,126,295
2023-05-16,1466.0,578.0,588.0,124,290
2023-05-17,1401.0,569.0,576.0,130,292
2023-05-18,1401.0,577.0,586.0,127,289
2023-05-19,1363.0,572.0,578.0,132,287
2023-05-22,1434.0,572.0,580.0,124,290
2023-05-23,1383.0,580.0,585.0,126,298
2023-05-24,1401.0,578.0,587.0,126,279
2023-05-25,1537.0,590.0,602.0,131,285
2023-05-26,1476.0,582.0,588.0,136,286
2023-05-30,1530.0,585.0,604.0,127,278
2023-05-31,1623.0,577.0,596.0,118,250
2023-06-01,1627.0,599.0,610.0,131,283
2023-06-02,1475.0,600.0,609.0,141,309
2023-06-05,1472.0,594.0,605.0,136,294
2023-06-06,1414.0,594.0,604.0,144,307
2023-06-07,1429.0,594.0,606.0,137,292
2023-06-08,1402.0,586.0,597.0,136,293
2023-06-09,1392.0,586.0,600.0,133,288
2023-06-12,1399.0,588.0,606.0,134,296
2023-06-13,1375.0,611.0,620.0,131,291
2023-06-14,1397.0,611.0,634.0,128,290
2023-06-15,1527.0,604.0,630.0,128,292
2023-06-16,1405.0,600.0,619.0,129,285
2023-06-20,1427.0,610.0,625.0,134,295
2023-06-21,1387.0,598.0,610.0,130,297
2023-06-22,1354.0,594.0,607.0,132,297
2023-06-23,1389.0,592.0,605.0,135,284
2023-06-26,1429.0,596.0,610.0,138,292
2023-06-27,1481.0,586.0,594.0,132,282
2023-06-28,1499.0,576.0,588.0,140,290
2023-06-29,1542.0,578.0,588.0,135,270
2023-06-30,1549.0,548.0,556.0,97,181
2023-07-03,1579.0,565.0,575.0,124,259
2023-07-05,1589.0,577.0,582.0,123,269
2023-07-06,1573.0,577.0,583.0,119,269
2023-07-07,1547.0,578.0,590.0,127,268
2023-07-10,1506.0,586.0,597.0,125,270
2023-07-11,1439.0,582.0,590.0,121,274
2023-07-12,1361.0,574.0,585.0,116,263
2023-07-13,1445.0,591.0,607.0,122,269
2023-07-14,1448.0,590.0,598.0,115,270
2023-07-17,1524.0,583.0,591.0,112,265
2023-07-18,1482.0,591.0,600.0,106,264
2023-07-19,1456.0,581.0,589.0,106,262
2023-07-20,1460.0,579.0,589.0,111,272
2023-07-21,1400.0,582.0,590.0,110,262
2023-07-24,1365.0,579.0,589.0,101,260
2023-07-25,1470.0,584.0,595.0,89,247
2023-07-26,1452.0,582.0,589.0,98,265
2023-07-27,1501.0,583.0,591.0,105,261
2023-07-28,1419.0,574.0,597.0,106,258
2023-07-31,1551.0,574.0,583.0,103,237
2023-08-01,1495.0,579.0,589.0,108,268
2023-08-02,1416.0,565.0,582.0,105,266
2023-08-03,1413.0,572.0,579.0,105,263
2023-08-04,1369.0,567.0,580.0,112,270
2023-08-07,1349.0,566.0,576.0,106,273
2023-08-08,1340.0,561.0,572.0,110,284
2023-08-09,1322.0,551.0,561.0,111,282
2023-08-10,1360.0,555.0,566.0,108,275
2023-08-11,1347.0,547.0,561.0,105,271
2023-08-14,1333.0,552.0,564.0,103,261
2023-08-15,1413.0,541.0,558.0,102,268
2023-08-16,1391.0,538.0,550.0,96,251
2023-08-17,1343.0,548.0,564.0,98,259
2023-08-18,1314.0,541.0,549.0,100,257
2023-08-21,1322.0,540.0,549.0,100,263
2023-08-22,1307.0,543.0,550.0,101,273
2023-08-23,1270.0,536.0,542.0,105,265
2023-08-24,1344.0,553.0,561.0,105,267
2023-08-25,1344.0,543.0,550.0,103,261
2023-08-28,1384.0,547.0,558.0,107,262
2023-08-29,1314.0,534.0,542.0,102,254
2023-08-30,1311.0,538.0,549.0,100,248
2023-08-31,1549.0,550.0,557.0,97,231
2023-09-01,1458.0,554.0,559.0,104,266
2023-09-05,1472.0,546.0,553.0,102,259
2023-09-06,1391.0,543.0,552.0,100,250
2023-09-07,1479.0,565.0,574.0,105,266
2023-09-08,1420.0,561.0,572.0,104,267
2023-09-11,1378.0,560.0,572.0,105,270
2023-09-12,1448.0,561.0,573.0,108,274
2023-09-13,1385.0,556.0,570.0,104,264
2023-09-14,1436.0,563.0,575.0,92,252
2023-09-15,1586.0,570.0,584.0,96,263
2023-09-18,1565.0,561.0,574.0,94,259
2023-09-19,1562.0,555.0,567.0,90,261
2023-09-20,1492.0,554.0,568.0,89,253
2023-09-21,1522.0,559.0,577.0,87,252
2023-09-22,1511.0,563.0,579.0,94,252
2023-09-25,1524.0,561.0,579.0,93,260
2023-09-26,1561.0,555.0,568.0,96,260
2023-09-27,1388.0,544.0,554.0,99,255
2023-09-28,1535.0,530.0,538.0,104,259
2023-09-29,1537.0,496.0,510.0,86,174
2023-10-02,1513.0,526.0,537.0,89,240
2023-10-03,1498.0,533.0,539.0,94,245
2023-10-04,1436.0,542.0,555.0,103,247
2023-10-05,1520.0,564.0,573.0,102,253
2023-10-06,1404.0,558.0,565.0,100,248
2023-10-10,1522.0,552.0,561.0,95,255
2023-10-11,1465.0,556.0,567.0,94,247
2023-10-12,1467.0,568.0,579.0,103,255
2023-10-13,1383.0,562.0,573.0,99,251
2023-10-16,1450.0,565.0,576.0,96,249
2023-10-17,1427.0,560.0,568.0,93,246
2023-10-18,1396.0,559.0,571.0,89,234
2023-10-19,1398.0,556.0,569.0,90,236
2023-10-20,1396.0,548.0,560.0,87,229
2023-10-23,1330.0,545.0,554.0,88,237
2023-10-24,1387.0,553.0,565.0,83,229
2023-10-25,1439.0,554.0,564.0,93,239
2023-10-26,1506.0,557.0,566.0,100,247
2023-10-27,1496.0,556.0,564.0,94,238
2023-10-30,1470.0,552.0,566.0,97,245
2023-10-31,1582.0,567.0,585.0,86,201
2023-11-01,1621.0,565.0,576.0,92,227
2023-11-02,1640.0,569.0,580.0,99,243
2023-11-03,1579.0,575.0,589.0,102,246
2023-11-06,1559.0,570.0,583.0,101,251
2023-11-07,1546.0,576.0,590.0,104,244
2023-11-08,1470.0,579.0,589.0,101,246
2023-11-09,1526.0,573.0,585.0,105,252
2023-11-10,1469.0,575.0,586.0,106,242
2023-11-13,1494.0,576.0,596.0,102,248
2023-11-14,1533.0,570.0,583.0,102,247
2023-11-15,1605.0,585.0,598.0,96,248
2023-11-16,1640.0,583.0,596.0,99,270
2023-11-17,1587.0,573.0,588.0,98,256
2023-11-20,1621.0,574.0,588.0,101,257
2023-11-21,1603.0,574.0,584.0,102,253
2023-11-22,1547.0,564.0,572.0,102,263
2023-11-24,1521.0,577.0,588.0,101,252
2023-11-27,1602.0,582.0,594.0,97,253
2023-11-28,1593.0,578.0,594.0,97,250
2023-11-29,1578.0,585.0,600.0,96,253
2023-11-30,1850.0,591.0,602.0,91,212
2023-12-01,1650.0,594.0,607.0,107,262
2023-12-04,1631.0,602.0,618.0,103,255
2023-12-05,1792.0,604.0,623.0,103,253
2023-12-06,1707.0,596.0,609.0,103,253
2023-12-07,1702.0,603.0,615.0,102,255
2023-12-08,1610.0,605.0,617.0,101,252
2023-12-11,1577.0,600.0,614.0,102,258
2023-12-12,1713.0,602.0,617.0,106,257
2023-12-13,1635.0,600.0,611.0,106,259
2023-12-14,1695.0,616.0,627.0,108,267
2023-12-15,1776.0,629.0,642.0,101,263
2023-12-18,1665.0,618.0,629.0,95,250
2023-12-19,1757.0,622.0,632.0,96,254
2023-12-20,1678.0,618.0,632.0,97,248
2023-12-21,1720.0,622.0,632.0,101,248
2023-12-22,1667.0,620.0,631.0,90,234
2023-12-26,1644.0,624.0,638.0,96,235
2023-12-27,1722.0,619.0,636.0,88,230
2023-12-28,1832.0,603.0,619.0,81,203
2023-12-29,1702.0,594.0,611.0,59,110
2024-01-02,1948.0,654.0,664.0,83,222
2024-01-03,1832.0,657.0,672.0,87,226
2024-01-04,1930.0,672.0,681.0,86,245
2024-01-05,1674.0,680.0,692.0,84,243
2024-01-08,1658.0,661.0,672.0,86,253
2024-01-09,1693.0,664.0,677.0,91,251
2024-01-10,1660.0,665.0,677.0,91,247
2024-01-11,1648.0,668.0,681.0,96,255
2024-01-12,1590.0,655.0,665.0,93,263
2024-01-16,1854.0,667.0,695.0,85,253
2024-01-17,1764.0,661.0,671.0,88,262
2024-01-18,1746.0,659.0,671.0,87,260
2024-01-19,1688.0,665.0,674.0,94,269
2024-01-22,1595.0,649.0,659.0,92,265
2024-01-23,1686.0,658.0,668.0,97,269
2024-01-24,1596.0,661.0,668.0,96,263
2024-01-25,1768.0,662.0,667.0,101,271
2024-01-26,1712.0,668.0,676.0,100,270
2024-01-29,1598.0,657.0,671.0,92,269
2024-01-30,1642.0,665.0,675.0,92,265
2024-01-31,1874.0,679.0,691.0,75,221
2024-02-01,1897.0,689.0,703.0,81,254
2024-02-02,1849.0,676.0,689.0,91,270
2024-02-05,1731.0,677.0,688.0,96,269
2024-02-06,1738.0,672.0,682.0,97,261
2024-02-07,1797.0,673.0,688.0,96,270
2024-02-08,1669.0,669.0,679.0,96,271
2024-02-09,1581.0,661.0,671.0,96,270
2024-02-12,1725.0,670.0,683.0,93,268
2024-02-13,1714.0,662.0,682.0,98,274
2024-02-14,1596.0,656.0,671.0,107,270
2024-02-15,1746.0,670.0,681.0,112,280
2024-02-16,1666.0,669.0,681.0,110,280
2024-02-20,1610.0,664.0,673.0,104,280
2024-02-21,1607.0,660.0,669.0,101,272
2024-02-22,1620.0,658.0,665.0,103,277
2024-02-23,1736.0,672.0,681.0,103,279
2024-02-26,1739.0,658.0,670.0,98,281
2024-02-27,1741.0,652.0,664.0,96,278
2024-02-28,1620.0,661.0,670.0,96,282
2024-02-29,1951.0,675.0,683.0,96,252
2024-03-01,1783.0,671.0,684.0,84,270
2024-03-04,1858.0,680.0,692.0,91,280
2024-03-05,1807.0,670.0,680.0,101,288
2024-03-06,1707.0,671.0,681.0,99,273
2024-03-07,1793.0,686.0,695.0,98,280
2024-03-08,1782.0,681.0,691.0,85,273
2024-03-11,1804.0,680.0,689.0,85,263
2024-03-12,1699.0,676.0,684.0,86,259
2024-03-13,1784.0,685.0,693.0,89,255
2024-03-14,1782.0,677.0,688.0,95,260
2024-03-15,1803.0,685.0,694.0,90,252
2024-03-18,1788.0,683.0,699.0,91,260
2024-03-19,1813.0,669.0,698.0,89,253
2024-03-20,1736.0,673.0,685.0,91,248
2024-03-21,1849.0,678.0,684.0,93,248
2024-03-22,1796.0,670.0,679.0,91,249
2024-03-25,1820.0,660.0,671.0,85,245
2024-03-26,1849.0,656.0,664.0,85,238
2024-03-27,1807.0,644.0,656.0,82,218
2024-03-28,1911.0,604.0,622.0,53,67
2024-03-29,,,,62,79
2024-04-01,2023.0,656.0,674.0,93,226
2024-04-02,1927.0,668.0,684.0,94,239
2024-04-03,1985.0,679.0,695.0,93,242
2024-04-04,1974.0,697.0,710.0,93,256
2024-04-05,1898.0,695.0,705.0,88,247
2024-04-08,1807.0,688.0,700.0,82,245
2024-04-09,1826.0,705.0,714.0,85,245
2024-04-10,1909.0,698.0,707.0,86,251
2024-04-11,1857.0,688.0,699.0,92,247
2024-04-12,1805.0,687.0,701.0,88,243
2024-04-15,1938.0,695.0,705.0,83,244
2024-04-16,1809.0,696.0,705.0,83,244
2024-04-17,1731.0,685.0,701.0,80,243
2024-04-18,1764.0,690.0,702.0,82,246
2024-04-19,1780.0,689.0,701.0,85,256
2024-04-22,1746.0,687.0,697.0,79,255
2024-04-23,1757.0,679.0,689.0,74,253
2024-04-24,1778.0,664.0,673.0,71,248
2024-04-25,1774.0,681.0,690.0,89,264
2024-04-26,1795.0,673.0,688.0,94,270
2024-04-29,1781.0,666.0,696.0,78,257
2024-04-30,1831.0,701.0,718.0,82,241
2024-05-01,1955.0,693.0,708.0,83,250
2024-05-02,1838.0,697.0,703.0,83,268
2024-05-03,1863.0,695.0,706.0,82,265
2024-05-06,1855.0,700.0,712.0,75,259
2024-05-07,1864.0,703.0,714.0,78,258
2024-05-08,1845.0,705.0,716.0,77,259
2024-05-09,1871.0,706.0,717.0,79,271
2024-05-10,1816.0,709.0,722.0,79,265
2024-05-13,1805.0,702.0,719.0,76,269
2024-05-14,1838.0,713.0,736.0,76,265
2024-05-15,1936.0,719.0,735.0,78,266
2024-05-16,2001.0,737.0,753.0,78,265
2024-05-17,1964.0,711.0,722.0,77,269
2024-05-20,1866.0,707.0,717.0,75,265
2024-05-21,1929.0,715.0,726.0,76,265
2024-05-22,1900.0,713.0,725.0,80,265
2024-05-23,1916.0,715.0,725.0,82,267
2024-05-24,1909.0,718.0,728.0,90,268
2024-05-28,2013.0,735.0,748.0,88,272
2024-05-29,1807.0,719.0,736.0,88,271
2024-05-30,1824.0,725.0,746.0,96,280
2024-05-31,2061.0,771.0,794.0,99,267
2024-06-03,1912.0,764.0,781.0,93,275
2024-06-04,2092.0,769.0,787.0,100,280
2024-06-05,1989.0,745.0,762.0,105,278
2024-06-06,2008.0,750.0,771.0,105,285
2024-06-07,1934.0,742.0,758.0,100,281
2024-06-10,1847.0,737.0,751.0,93,263
2024-06-11,1946.0,735.0,750.0,95,271
2024-06-12,1957.0,737.0,755.0,93,268
2024-06-13,2035.0,756.0,769.0,99,280
2024-06-14,1855.0,771.0,785.0,87,270
2024-06-17,1975.0,756.0,772.0,83,261
2024-06-18,2021.0,746.0,763.0,85,259
2024-06-20,2052.0,749.0,767.0,83,260
2024-06-21,1991.0,746.0,760.0,78,265
2024-06-24,1992.0,737.0,755.0,76,263
2024-06-25,1968.0,739.0,751.0,85,252
2024-06-26,1897.0,725.0,740.0,82,248
2024-06-27,1888.0,719.0,732.0,83,244
2024-06-28,2024.0,682.0,706.0,67,157
2024-07-01,1967.0,733.0,752.0,85,239
2024-07-02,2110.0,744.0,758.0,85,243
2024-07-03,2007.0,742.0,756.0,88,257
2024-07-05,2126.0,748.0,763.0,89,262
2024-07-08,2090.0,758.0,772.0,80,252
2024-07-09,1913.0,743.0,758.0,84,252
2024-07-10,1949.0,745.0,767.0,88,257
2024-07-11,1920.0,755.0,773.0,90,270
2024-07-12,1900.0,756.0,774.0,88,263
2024-07-15,2175.0,770.0,792.0,88,245
2024-07-16,2061.0,776.0,790.0,85,234
2024-07-17,2025.0,770.0,788.0,80,235
2024-07-18,2014.0,778.0,799.0,83,241
2024-07-19,1992.0,770.0,791.0,79,223
2024-07-22,2120.0,769.0,792.0,84,226
2024-07-23,2011.0,773.0,796.0,85,225
2024-07-24,2083.0,778.0,799.0,86,219
2024-07-25,2129.0,791.0,813.0,88,226
2024-07-26,2027.0,779.0,806.0,85,223
2024-07-29,1982.0,770.0,795.0,90,241
2024-07-30,1978.0,786.0,808.0,87,240
2024-07-31,2185.0,797.0,820.0,78,220
2024-08-01,2211.0,803.0,825.0,83,221
2024-08-02,2077.0,784.0,808.0,89,234
2024-08-05,2199.0,789.0,809.0,86,231
2024-08-06,2086.0,791.0,812.0,89,220
2024-08-07,2042.0,789.0,809.0,96,231
2024-08-08,2196.0,796.0,816.0,106,242
2024-08-09,2170.0,795.0,816.0,104,239
2024-08-12,2138.0,787.0,814.0,102,247
2024-08-13,2082.0,780.0,808.0,100,237
2024-08-14,2108.0,781.0,801.0,99,247
2024-08-15,2118.0,797.0,817.0,96,253
2024-08-16,2131.0,778.0,799.0,93,261
2024-08-19,2118.0,776.0,798.0,95,257
2024-08-20,2101.0,765.0,784.0,90,257
2024-08-21,1975.0,762.0,785.0,93,273
2024-08-22,2037.0,761.0,783.0,91,274
2024-08-23,2152.0,760.0,779.0,93,275
2024-08-26,2039.0,766.0,787.0,94,264
2024-08-27,2227.0,753.0,783.0,86,249
2024-08-28,2030.0,752.0,778.0,95,245
2024-08-29,2088.0,745.0,777.0,97,260
2024-08-30,2011.0,732.0,767.0,89,244
2024-09-03,2403.0,757.0,783.0,100,238
2024-09-04,2169.0,760.0,793.0,103,238
2024-09-05,2205.0,773.0,803.0,102,252
2024-09-06,2119.0,770.0,807.0,100,250
2024-09-09,2094.0,768.0,800.0,95,243
2024-09-10,2161.0,766.0,808.0,101,253
2024-09-11,2308.0,769.0,805.0,105,251
2024-09-12,2087.0,785.0,820.0,111,265
2024-09-13,2232.0,779.0,810.0,105,257
2024-09-16,2212.0,783.0,818.0,96,249
2024-09-17,2161.0,770.0,803.0,103,264
2024-09-18,2194.0,783.0,817.0,102,283
2024-09-19,2378.0,815.0,844.0,90,281
2024-09-20,2147.0,789.0,824.0,93,284
2024-09-23,2198.0,781.0,811.0,95,294
2024-09-24,2171.0,768.0,811.0,94,269
2024-09-25,2133.0,756.0,793.0,103,264
2024-09-26,2329.0,747.0,782.0,100,256
2024-09-27,2077.0,753.0,787.0,94,248
2024-09-30,2523.0,742.0,790.0,73,172
2024-10-01,2395.0,771.0,801.0,85,206
2024-10-02,2426.0,777.0,816.0,81,204
2024-10-03,2182.0,787.0,821.0,81,226
2024-10-04,2377.0,779.0,812.0,84,229
2024-10-07,2350.0,773.0,811.0,86,222
2024-10-08,2166.0,771.0,807.0,90,226
2024-10-09,2220.0,768.0,808.0,94,239
2024-10-10,2198.0,769.0,805.0,98,258
2024-10-11,2058.0,772.0,805.0,94,246
2024-10-15,2272.0,795.0,834.0,91,239
2024-10-16,2317.0,785.0,822.0,97,250
2024-10-17,2334.0,794.0,826.0,96,249
2024-10-18,2168.0,785.0,824.0,98,254
2024-10-21,2322.0,783.0,818.0,96,258
2024-10-22,2226.0,780.0,811.0,98,250
2024-10-23,2129.0,773.0,808.0,99,259
2024-10-24,2246.0,785.0,816.0,98,264
2024-10-25,2188.0,765.0,799.0,104,267
2024-10-28,2194.0,757.0,791.0,99,256
2024-10-29,2116.0,763.0,794.0,100,264
2024-10-30,2045.0,768.0,798.0,104,269
2024-10-31,2244.0,763.0,795.0,96,230
2024-11-01,2164.0,761.0,788.0,99,257
2024-11-04,2308.0,764.0,796.0,98,270
2024-11-05,2235.0,778.0,803.0,104,281
2024-11-06,2128.0,774.0,797.0,102,285
2024-11-07,2266.0,784.0,807.0,100,295
2024-11-08,2184.0,785.0,816.0,103,287
2024-11-12,2298.0,788.0,822.0,101,294
2024-11-13,2233.0,788.0,820.0,105,287
2024-11-14,2177.0,800.0,827.0,107,286
2024-11-15,2425.0,799.0,833.0,104,282
2024-11-18,2297.0,783.0,811.0,103,281
2024-11-19,2275.0,780.0,812.0,99,269
2024-11-20,2155.0,763.0,790.0,102,277
2024-11-21,2291.0,771.0,798.0,101,281
2024-11-22,2188.0,773.0,802.0,100,281
2024-11-25,2206.0,760.0,796.0,103,283
2024-11-26,2214.0,777.0,804.0,101,279
2024-11-27,2136.0,753.0,767.0,103,279
2024-11-29,2209.0,750.0,773.0,95,254
2024-12-02,2440.0,791.0,841.0,92,256
2024-12-03,2329.0,798.0,832.0,94,248
2024-12-04,2265.0,808.0,836.0,99,261
2024-12-05,2325.0,822.0,853.0,109,280
2024-12-06,2277.0,809.0,838.0,107,270
2024-12-09,2305.0,811.0,845.0,100,258
2024-12-10,2308.0,832.0,864.0,102,230
2024-12-11,2287.0,820.0,855.0,106,244
2024-12-12,2262.0,812.0,842.0,111,259
2024-12-13,2255.0,815.0,844.0,102,249
2024-12-16,2360.0,818.0,842.0,99,224
2024-12-17,2341.0,830.0,856.0,103,225
2024-12-18,2291.0,820.0,847.0,112,251
2024-12-19,2390.0,827.0,864.0,104,266
2024-12-20,2330.0,817.0,849.0,113,272
2024-12-23,2337.0,815.0,846.0,119,282
2024-12-24,2282.0,825.0,858.0,118,252
2024-12-26,2320.0,814.0,867.0,128,261
2024-12-27,2275.0,803.0,840.0,119,271
2024-12-30,2290.0,798.0,844.0,108,250
2024-12-31,2474.0,778.0,812.0,53,111
2025-01-02,2501.0,820.0,853.0,106,264
2025-01-03,2398.0,821.0,845.0,102,289
2025-01-06,2349.0,829.0,844.0,98,280
2025-01-07,2322.0,842.0,858.0,99,284
2025-01-08,2213.0,798.0,818.0,105,293
2025-01-09,2211.0,805.0,829.0,104,296
2025-01-10,2204.0,837.0,853.0,102,302
2025-01-13,2211.0,837.0,852.0,104,306
2025-01-14,2179.0,825.0,840.0,112,306
2025-01-15,2280.0,844.0,859.0,108,300
2025-01-16,2318.0,864.0,884.0,105,309
2025-01-17,2326.0,869.0,884.0,102,299
2025-01-21,2361.0,875.0,894.0,100,298
2025-01-22,2269.0,865.0,883.0,101,307
2025-01-23,2269.0,877.0,906.0,93,260
2025-01-24,2289.0,875.0,912.0,97,277
2025-01-27,2338.0,868.0,899.0,97,276
2025-01-28,2283.0,865.0,888.0,95,255
2025-01-29,2323.0,859.0,897.0,92,274
2025-01-30,2369.0,870.0,902.0,103,280
2025-01-31,2533.0,892.0,918.0,83,227
2025-02-03,2413.0,890.0,913.0,94,264
2025-02-04,2344.0,894.0,909.0,104,281
2025-02-05,2343.0,895.0,910.0,105,296
2025-02-06,2365.0,899.0,913.0,105,281
2025-02-07,2336.0,901.0,929.0,107,286
2025-02-10,2316.0,899.0,916.0,96,273
2025-02-11,2321.0,894.0,911.0,92,278
2025-02-12,2313.0,902.0,922.0,94,285
2025-02-13,2329.0,907.0,930.0,94,273
2025-02-14,2319.0,913.0,932.0,91,268
2025-02-18,2452.0,913.0,936.0,89,246
2025-02-19,2394.0,914.0,928.0,95,255
2025-02-20,2403.0,914.0,934.0,98,283
2025-02-21,2400.0,906.0,922.0,103,293
2025-02-24,2425.0,912.0,936.0,99,292
2025-02-25,2467.0,924.0,943.0,108,302
2025-02-26,2487.0,929.0,945.0,108,297
2025-02-27,2557.0,925.0,954.0,110,280
2025-02-28,2684.0,938.0,969.0,95,234
2025-03-03,2636.0,930.0,949.0,110,287
2025-03-04,2562.0,933.0,947.0,104,288
2025-03-05,2525.0,946.0,962.0,112,284
2025-03-06,2558.0,951.0,975.0,115,283
2025-03-07,2477.0,940.0,959.0,110,284
2025-03-10,2505.0,931.0,960.0,105,292
2025-03-11,2502.0,947.0,971.0,97,282
2025-03-12,2489.0,946.0,968.0,98,273
2025-03-13,2462.0,938.0,960.0,105,287
2025-03-14,2441.0,933.0,953.0,104,277
2025-03-17,2473.0,952.0,977.0,106,279
2025-03-18,2465.0,934.0,954.0,113,292
2025-03-19,2376.0,920.0,943.0,106,285
2025-03-20,2438.0,932.0,954.0,109,300
2025-03-21,2444.0,933.0,954.0,106,296
2025-03-24,2457.0,926.0,954.0,107,301
2025-03-25,2460.0,939.0,966.0,105,283
2025-03-26,2472.0,921.0,950.0,104,273
2025-03-27,2468.0,926.0,962.0,109,276
2025-03-28,2440.0,915.0,946.0,112,286
2025-03-31,2636.0,898.0,945.0,78,182
2025-04-01,2589.0,936.0,972.0,112,264
2025-04-02,2555.0,952.0,983.0,104,258
2025-04-03,2577.0,976.0,1011.0,103,263
2025-04-04,2587.0,968.0,1005.0,95,269
2025-04-07,2630.0,997.0,1029.0,93,266
2025-04-08,2658.0,1020.0,1062.0,93,233
2025-04-09,2663.0,1011.0,1052.0,92,241
2025-04-10,2657.0,1020.0,1061.0,98,256
2025-04-11,2584.0,1007.0,1046.0,105,275
2025-04-14,2561.0,1002.0,1042.0,99,266
2025-04-15,2526.0,999.0,1039.0,96,242
2025-04-16,2513.0,1016.0,1047.0,88,258
2025-04-17,2505.0,1016.0,1047.0,99,128
2025-04-18,,,,94,114
2025-04-21,2469.0,987.0,1027.0,96,273
2025-04-22,2527.0,993.0,1034.0,99,287
2025-04-23,2475.0,989.0,1025.0,107,290
2025-04-24,2542.0,1012.0,1049.0,103,303
2025-04-25,2565.0,1023.0,1055.0,112,298
2025-04-28,2567.0,1011.0,1047.0,105,279
2025-04-29,2623.0,1018.0,1059.0,104,273
2025-04-30,2830.0,1047.0,1088.0,92,215
2025-05-01,2789.0,1044.0,1084.0,107,247
2025-05-02,2694.0,1036.0,1073.0,111,279
2025-05-05,2632.0,1026.0,1072.0,117,293
2025-05-06,2620.0,1035.0,1075.0,120,295
2025-05-07,2535.0,1023.0,1060.0,111,298
2025-05-08,2545.0,1034.0,1066.0,113,313
2025-05-09,2479.0,1035.0,1071.0,107,295
2025-05-12,2535.0,1037.0,1077.0,105,296
2025-05-13,2565.0,1035.0,1075.0,113,299
2025-05-14,2543.0,1028.0,1066.0,112,288
2025-05-15,2686.0,1040.0,1075.0,120,294
2025-05-16,2617.0,1024.0,1062.0,117,302
2025-05-19,2570.0,1018.0,1059.0,116,299
2025-05-20,2554.0,1023.0,1060.0,111,294
2025-05-21,2517.0,1013.0,1043.0,118,300
2025-05-22,2540.0,1017.0,1046.0,118,302
2025-05-23,2542.0,1013.0,1048.0,123,305
2025-05-27,2655.0,1025.0,1061.0,115,293
2025-05-28,2605.0,1020.0,1049.0,108,282
2025-05-29,2652.0,1021.0,1059.0,114,302
2025-05-30,2641.0,1013.0,1049.0,105,228
2025-06-02,2771.0,1046.0,1080.0,113,271
2025-06-03,2711.0,1045.0,1082.0,120,297
2025-06-04,2625.0,1033.0,1060.0,114,294
2025-06-05,2685.0,1054.0,1087.0,118,298
2025-06-06,2667.0,1043.0,1072.0,118,301
2025-06-09,2643.0,1038.0,1071.0,114,289
2025-06-10,2634.0,1051.0,1083.0,112,284
2025-06-11,2600.0,1042.0,1075.0,111,282
2025-06-12,2663.0,1062.0,1098.0,114,290
2025-06-13,2644.0,1062.0,1089.0,110,296
2025-06-16,2697.0,1065.0,1090.0,101,273
2025-06-17,2692.0,1063.0,1087.0,104,285
2025-06-18,2639.0,1062.0,1088.0,109,290
2025-06-20,2700.0,1060.0,1083.0,118,298
2025-06-23,2740.0,1055.0,1081.0,115,293
2025-06-24,2733.0,1066.0,1088.0,115,287
2025-06-25,2772.0,1062.0,1077.0,128,281
2025-06-26,2802.0,1071.0,1104.0,124,282
2025-06-27,2775.0,1058.0,1083.0,122,262
2025-06-30,2946.0,1038.0,1059.0,79,157
2025-07-01,2920.0,1084.0,1114.0,133,264
2025-07-02,2882.0,1104.0,1144.0,129,268
2025-07-03,2846.0,1109.0,1140.0,129,277
2025-07-07,2814.0,1106.0,1136.0,118,263
2025-07-08,2765.0,1088.0,1118.0,117,262
2025-07-09,2752.0,1101.0,1133.0,105,262
2025-07-10,2735.0,1098.0,1123.0,106,284
2025-07-11,2754.0,1094.0,1121.0,103,265
2025-07-14,2759.0,1094.0,1125.0,104,261
2025-07-15,2784.0,1107.0,1131.0,101,252
2025-07-16,2771.0,1108.0,1141.0,115,268
2025-07-17,2743.0,1110.0,1140.0,113,273
2025-07-18,2775.0,1085.0,1119.0,110,277
2025-07-21,2688.0,1077.0,1104.0,108,280
2025-07-22,2692.0,1092.0,1115.0,107,273
2025-07-23,2659.0,1088.0,1110.0,115,283
2025-07-24,2725.0,1108.0,1128.0,109,281
2025-07-25,2766.0,1110.0,1144.0,114,266
2025-07-28,2783.0,1101.0,1142.0,112,268
2025-07-29,2754.0,1098.0,1137.0,112,264
2025-07-30,2727.0,1098.0,1130.0,105,275
2025-07-31,2933.0,1111.0,1134.0,92,208
2025-08-01,2885.0,1109.0,1143.0,129,287
2025-08-04,2828.0,1117.0,1141.0,117,265
2025-08-05,2863.0,1137.0,1167.0,115,268
2025-08-06,2866.0,1147.0,1176.0,112,264
2025-08-07,2855.0,1130.0,1154.0,108,254
2025-08-08,2817.0,1139.0,1169.0,115,262
2025-08-11,2796.0,1137.0,1173.0,115,263
2025-08-12,2804.0,1144.0,1175.0,114,247
2025-08-13,2796.0,1146.0,1177.0,116,267
2025-08-14,2767.0,1144.0,1169.0,114,253
2025-08-15,2821.0,1146.0,1163.0,112,240
2025-08-18,2810.0,1134.0,1159.0,112,244
2025-08-19,2760.0,1118.0,1144.0,109,260
2025-08-20,2704.0,1114.0,1140.0,115,269
2025-08-21,2702.0,1109.0,1132.0,117,263
2025-08-22,2738.0,1118.0,1143.0,114,242
2025-08-25,2825.0,1121.0,1153.0,113,236
2025-08-26,2820.0,1125.0,1164.0,113,226
2025-08-27,2889.0,1120.0,1162.0,114,229
2025-08-28,2870.0,1122.0,1157.0,115,227
2025-08-29,2880.0,1102.0,1129.0,115,224
2025-09-02,2947.0,1118.0,1142.0,120,220
2025-09-03,2880.0,1118.0,1146.0,119,218
2025-09-04,2834.0,1108.0,1131.0,118,231
2025-09-05,2847.0,1127.0,1161.0,116,225
2025-09-08,2872.0,1120.0,1151.0,110,215
2025-09-09,2863.0,1114.0,1143.0,112,208
2025-09-10,2800.0,1118.0,1145.0,111,209
2025-09-11,2828.0,1120.0,1147.0,117,214
2025-09-12,2830.0,1102.0,1136.0,106,208
2025-09-15,2877.0,1097.0,1136.0,91,181
2025-09-16,2857.0,1115.0,1139.0,98,191
2025-09-17,2853.0,1125.0,1149.0,96,192
2025-09-18,2894.0,1125.0,1154.0,92,185
2025-09-19,2881.0,1118.0,1148.0,95,191
2025-09-22,2906.0,1109.0,1146.0,93,195
2025-09-23,2877.0,1127.0,1160.0,95,188
2025-09-24,2852.0,1114.0,1155.0,88,176
2025-09-25,2965.0,1112.0,1141.0,92,194
2025-09-26,2917.0,1113.0,1154.0,95,178
2025-09-29,2893.0,1110.0,1146.0,89,174
2025-09-30,3148.0,1101.0,1140.0,92,155
2025-10-01,3075.0,1119.0,1154.0,103,180
2025-10-02,3022.0,1137.0,1167.0,102,187
2025-10-03,3018.0,1148.0,1177.0,95,183
2025-10-06,2981.0,1147.0,1181.0,84,164
2025-10-07,2946.0,1134.0,1165.0,81,160
2025-10-08,2924.0,1135.0,1167.0,76,156
2025-10-09,2923.0,1120.0,1148.0,84,174
2025-10-10,2895.0,1110.0,1138.0,87,174
2025-10-14,2932.0,1113.0,1144.0,80,168
2025-10-15,3059.0,1141.0,1183.0,81,165
2025-10-16,3045.0,1143.0,1180.0,85,171
2025-10-17,3022.0,1145.0,1180.0,79,169
2025-10-20,2945.0,1135.0,1164.0,82,163
2025-10-21,2957.0,1132.0,1163.0,85,162
2025-10-22,2956.0,1123.0,1152.0,91,180
2025-10-23,3002.0,1113.0,1145.0,93,173
2025-10-24,3000.0,1111.0,1136.0,90,180
2025-10-27,3019.0,1103.0,1131.0,88,176
2025-10-28,3067.0,1111.0,1138.0,92,178
2025-10-29,3061.0,1115.0,1150.0,98,189
2025-10-30,3098.0,1142.0,1170.0,104,179
2025-10-31,3211.0,1117.0,1153.0,107,195
2025-11-03,3237.0,1122.0,1159.0,98,177
2025-11-04,3147.0,1156.0,1183.0,94,165
2025-11-05,3145.0,1171.0,1195.0,94,166
2025-11-06,3156.0,1189.0,1219.0,87,160
2025-11-07,3069.0,1192.0,1216.0,83,162
2025-11-10,3135.0,1214.0,1234.0,77,161
2025-11-12,3209.0,1231.0,1263.0,77,156
2025-11-13,3197.0,1227.0,1260.0,78,172
2025-11-14,3195.0,1231.0,1265.0,72,157
2025-11-17,3278.0,1246.0,1276.0,75,150
2025-11-18,3220.0,1256.0,1278.0,78,164
2025-11-19,3179.0,1244.0,1272.0,76,166
2025-11-20,3170.0,1253.0,1276.0,75,179
2025-11-21,3203.0,1251.0,1276.0,81,174
2025-11-24,3232.0,1260.0,1288.0,73,159
2025-11-25,3317.0,1273.0,1299.0,78,153
2025-11-26,3297.0,1258.0,1288.0,89,171
