date,philadelphia_manufacturing_general_activity,philadelphia_manufacturing_new_orders,philadelphia_manufacturing_shipments,philadelphia_manufacturing_employment,philadelphia_manufacturing_inventories,philadelphia_manufacturing_delivery_time,philadelphia_manufacturing_prices_paid,philadelphia_manufacturing_prices_received,philadelphia_manufacturing_unfilled_orders,philadelphia_manufacturing_work_hours,philadelphia_manufacturing_future_general_activity,philadelphia_manufacturing_future_new_orders,philadelphia_manufacturing_future_shipments,philadelphia_manufacturing_future_employment,philadelphia_manufacturing_future_inventories,philadelphia_manufacturing_future_delivery_time,philadelphia_manufacturing_future_prices_paid,philadelphia_manufacturing_future_prices_received,philadelphia_manufacturing_future_unfilled_orders,philadelphia_manufacturing_future_work_hours,philadelphia_manufacturing_future_capital_expenditures,philadelphia_nonmanufacturing_general_activity_firm,philadelphia_nonmanufacturing_new_orders,philadelphia_nonmanufacturing_sales_revenues,philadelphia_nonmanufacturing_unfilled_orders,philadelphia_nonmanufacturing_full_time_employees,philadelphia_nonmanufacturing_part_time_employees,philadelphia_nonmanufacturing_average_workweek,philadelphia_nonmanufacturing_wages_benefits,philadelphia_nonmanufacturing_prices_paid,philadelphia_nonmanufacturing_prices_received,philadelphia_nonmanufacturing_inventories,philadelphia_nonmanufacturing_capital_expenditures_plant,philadelphia_nonmanufacturing_capital_expenditures_equipment,philadelphia_nonmanufacturing_future_general_activity_firm,new_york_manufacturing_general_business_conditions,new_york_manufacturing_new_orders,new_york_manufacturing_shipments,new_york_manufacturing_number_of_employees,new_york_manufacturing_inventories,new_york_manufacturing_delivery_time,new_york_manufacturing_prices_paid,new_york_manufacturing_prices_received,new_york_manufacturing_unfilled_orders,new_york_manufacturing_average_workweek,new_york_manufacturing_future_general_business_conditions,new_york_manufacturing_future_new_orders,new_york_manufacturing_future_shipments,new_york_manufacturing_future_number_of_employees,new_york_manufacturing_future_inventories,new_york_manufacturing_future_delivery_time,new_york_manufacturing_future_prices_paid,new_york_manufacturing_future_prices_received,new_york_manufacturing_future_unfilled_orders,new_york_manufacturing_future_workweek,new_york_manufacturing_future_capital_expenditures,chicago_economic_conditions_activity_index,chicago_economic_conditions_manufacturing_activity,chicago_economic_conditions_nonmanufacturing_activity,chicago_economic_conditions_current_hiring,chicago_economic_conditions_labor_costs,chicago_economic_conditions_nonlabor_costs,chicago_economic_conditions_hiring_expectations,chicago_economic_conditions_capx_expectations,chicago_economic_conditions_us_economy_outlook,dallas_manufacturing_general_business_activity,dallas_manufacturing_production,dallas_manufacturing_new_orders,dallas_manufacturing_shipments,dallas_manufacturing_employment,dallas_manufacturing_finished_goods_inventories,dallas_manufacturing_unfilled_orders,dallas_manufacturing_delivery_time,dallas_manufacturing_prices_paid_raw_materials,dallas_manufacturing_prices_received_finished_goods,dallas_manufacturing_wages_benefits,dallas_manufacturing_hours_worked,dallas_manufacturing_capacity_utilization,dallas_manufacturing_capital_expenditures,dallas_manufacturing_company_outlook,dallas_manufacturing_growth_rate_orders,dallas_manufacturing_future_general_business_activity,dallas_manufacturing_future_production,dallas_manufacturing_future_new_orders,dallas_manufacturing_future_shipments,dallas_manufacturing_future_employment,dallas_manufacturing_future_finished_goods_inventories,dallas_manufacturing_future_unfilled_orders,dallas_manufacturing_future_delivery_time,dallas_manufacturing_future_prices_paid_raw_materials,dallas_manufacturing_future_prices_received_finished_goods,dallas_manufacturing_future_wages_benefits,dallas_manufacturing_future_hours_worked,dallas_manufacturing_future_capacity_utilization,dallas_manufacturing_future_capital_expenditures,dallas_manufacturing_future_company_outlook,dallas_manufacturing_future_growth_rate_orders,dallas_retail_general_business_activity,dallas_retail_sales,dallas_retail_company_outlook,dallas_retail_employment,dallas_retail_selling_prices,dallas_retail_companywide_sales,dallas_retail_input_prices,dallas_retail_companywide_internet_sales,dallas_retail_hours_worked,dallas_retail_inventories,dallas_retail_wages_benefits,dallas_retail_part_time_employment,dallas_retail_capital_expenditures,dallas_retail_future_general_business_activity,dallas_retail_future_sales,dallas_retail_future_company_outlook,dallas_retail_future_companywide_internet_sales,dallas_retail_future_hours_worked,dallas_retail_future_inventories,dallas_retail_future_employment,dallas_retail_future_input_prices,dallas_retail_future_wages_benefits,dallas_retail_future_part_time_employment,dallas_retail_future_selling_prices,dallas_retail_future_capital_expenditures,new_york_services_business_activity,new_york_services_employment,new_york_services_business_climate,new_york_services_prices_paid,new_york_services_prices_received,new_york_services_wages,new_york_services_capital_spending,new_york_services_future_business_activity,new_york_services_future_employment,new_york_services_future_business_climate,new_york_services_future_prices_paid,new_york_services_future_prices_received,new_york_services_future_wages,new_york_services_future_capital_spending
2020-01-01,16.6,19.6,21.9,18.1,-2.2,-3.9,20.6,13.4,-6.7,4.7,38.2,41.9,43.7,24.4,7.2,-1.7,42.9,31.9,16.8,14.1,31.0,24.5,15.6,33.6,9.1,13.3,6.5,22.2,46.7,23.6,13.7,2.4,22.1,33.8,51.2,11.6,12.2,14.8,8.5,-0.7,-2.7,31.5,14.4,-2.7,1.8,23.3,30.5,30.9,12.1,9.6,4.8,43.8,29.5,4.8,8.9,25.3,6.070907115936279,-20.210224151611328,19.269775390625,-11.167303085327148,4.2516188621521,-34.66007232666016,13.001235961914062,-17.619844436645508,39.43514251708984,-1.9,12.2,16.4,9.7,1.4,-3.5,-4.8,-3.1,8.5,-1.8,15.2,-0.2,12.9,8.1,1.1,6.3,5.6,38.7,40.0,38.1,24.2,0.9,8.1,6.9,17.5,10.0,42.0,13.8,35.8,26.9,13.7,26.7,-2.3,7.1,1.1,1.8,24.1,11.8,25.0,1.3,6.2,9.3,12.2,-2.3,2.1,9.7,24.0,16.7,20.0,7.2,5.2,1.6,36.9,34.7,5.0,35.6,13.0,3.7,4.8,6.9,47.3,22.4,36.4,17.9,31.9,29.2,7.4,52.7,37.0,57.1,22.8
2020-02-01,36.9,33.3,24.9,8.9,9.3,3.8,11.6,14.2,5.5,11.2,42.8,52.3,48.8,23.4,12.0,11.8,34.2,39.6,17.7,25.7,28.9,34.2,25.0,34.9,-2.4,22.7,10.5,16.5,30.8,20.4,9.7,5.6,17.4,32.0,47.7,11.2,21.8,20.9,6.1,12.9,8.3,25.0,16.7,4.5,0.3,22.5,27.0,26.7,18.1,-8.3,3.0,37.9,22.7,1.5,8.3,22.0,14.007782936096191,-14.285714149475098,27.745664596557617,-2.334630489349365,-1.2145748138427734,-32.77310943603516,5.928853511810303,-11.11111068725586,31.11111068725586,0.1,16.6,7.4,7.6,-1.5,-5.5,0.2,2.2,11.3,-0.9,22.5,2.6,11.3,6.6,2.9,3.3,15.5,34.5,34.0,27.4,19.1,16.8,5.8,9.6,20.4,11.6,39.1,11.8,31.6,20.1,22.2,30.6,-6.8,-3.0,-11.5,-1.2,27.5,-0.3,19.9,15.3,-0.6,-12.0,15.9,1.2,3.8,-2.8,16.2,1.5,22.2,-1.3,-15.0,-0.6,33.3,25.2,6.0,29.7,1.6,9.8,3.1,-2.0,48.4,26.7,45.3,18.3,35.1,34.0,9.2,52.6,31.4,50.5,20.4
2020-03-01,-17.5,-21.8,-3.7,5.9,4.0,-11.0,-1.2,4.5,-12.2,1.0,32.1,34.4,41.5,27.9,16.7,10.4,13.5,16.9,15.0,12.5,9.7,-16.4,-18.3,-7.9,-0.1,-2.9,-10.0,-5.3,26.7,6.3,-2.3,-1.0,8.9,20.4,-16.1,-15.0,-1.5,2.6,0.8,5.8,2.2,24.5,10.1,1.4,-6.7,1.9,16.8,19.0,10.4,5.8,0.0,34.5,17.3,2.2,3.6,18.7,-23.81378173828125,-26.56084632873535,-22.357097625732425,-30.414907455444336,-27.223358154296875,-47.854522705078125,-47.82608795166016,-67.16417694091797,-70.64846801757812,-70.1,-35.0,-41.2,-32.0,-23.1,-6.5,-23.6,-3.8,-8.2,-10.6,4.1,-22.4,-33.8,-35.3,-66.6,-45.2,-40.2,-18.6,-21.2,-23.6,-17.9,-10.1,-21.9,-8.2,-10.2,-13.9,0.7,-11.8,-17.0,-21.1,-37.5,-21.6,-85.4,-82.7,-85.1,-25.9,-34.8,-83.8,-12.8,-49.7,-57.7,-41.7,-21.1,-27.4,-39.1,-68.6,-53.4,-64.4,-6.5,-25.3,-32.0,-50.1,-7.3,-2.1,-24.1,-10.7,-35.8,-13.1,4.9,-29.0,36.9,20.6,46.5,5.0,-13.7,12.4,-31.4,30.3,10.6,35.8,6.0
2020-04-01,-60.5,-70.4,-74.8,-45.6,-11.7,6.3,-15.8,-10.4,-15.9,-55.4,42.2,37.0,44.4,26.3,8.6,1.9,21.4,15.2,18.4,28.2,10.8,-83.7,-66.9,-87.6,-19.7,-47.1,-57.3,-48.8,-36.7,-0.8,-15.9,0.6,-40.9,-39.6,-27.1,-79.9,-69.1,-70.9,-54.0,-9.7,11.0,5.8,-8.4,-16.8,-63.2,10.8,15.7,16.3,3.8,-3.9,-2.6,14.9,0.6,0.6,8.4,-11.0,-65.21739196777344,-98.93616485595705,-51.7699089050293,-59.62732696533203,-65.4723129272461,-77.73722076416016,-34.25787353515625,-52.93692779541016,-37.55637741088867,-74.4,-55.5,-71.1,-58.5,-22.5,-8.8,-26.6,-15.3,-21.0,-25.7,-3.6,-41.1,-58.3,-55.6,-63.7,-65.1,-43.3,-13.7,-12.9,-8.1,-9.0,-15.9,-19.8,-16.4,3.4,-15.9,0.0,-10.7,-14.6,-20.2,-41.8,-16.8,-84.3,-81.3,-84.9,-49.1,-39.1,-77.8,-24.9,-32.9,-64.4,-43.4,-35.3,-41.5,-60.5,-21.8,-14.6,-22.1,5.2,-2.8,-25.3,-8.7,-12.5,-1.5,-17.8,-10.9,-23.5,-76.5,-38.7,-94.3,8.7,-13.2,-11.4,-33.2,-30.7,-27.4,-40.8,0.9,-16.3,-22.8,-41.3
2020-05-01,-43.5,-32.2,-32.2,-13.7,9.9,-10.0,-2.1,-3.2,-16.2,-7.8,52.0,52.8,44.5,15.0,-2.2,8.1,19.8,13.3,5.9,17.6,13.5,-38.4,-32.3,-52.3,-7.7,-23.6,-39.2,-36.7,-15.5,-8.3,-11.3,-11.5,-29.1,-24.6,16.0,-44.4,-38.6,-37.7,-4.3,-3.4,-4.1,4.1,-7.4,-20.3,-21.9,29.4,35.2,33.7,12.6,0.7,-4.7,20.3,2.0,0.0,8.1,-8.1,-55.16596603393555,-60.74124526977539,-51.8095588684082,-50.86834335327149,-64.2151870727539,-67.24600219726562,-16.419374465942383,-21.2451286315918,9.19770336151123,-47.3,-27.4,-28.5,-26.2,-10.2,-8.9,-17.0,-10.0,1.8,-18.7,0.4,-21.6,-27.7,-33.7,-33.7,-30.1,-17.0,30.7,18.9,16.5,-3.9,-7.7,-4.3,-1.5,20.3,4.8,13.4,9.1,29.4,-7.2,-9.1,13.7,-16.8,-4.2,-11.6,-6.8,-7.9,-20.6,4.6,-11.2,-14.5,-40.5,-22.2,-14.1,-27.6,26.4,33.6,31.9,28.6,16.3,8.2,5.0,21.8,20.4,-1.1,24.5,-3.0,-75.8,-53.5,-92.9,13.3,-19.8,-18.9,-47.7,-4.9,2.3,-8.0,15.9,-6.4,4.5,-24.0
2020-06-01,27.8,19.9,27.5,-5.1,1.7,0.2,9.6,12.0,2.0,-8.1,66.3,70.1,67.5,29.6,5.2,22.4,43.2,30.4,34.7,26.6,27.4,6.3,-14.2,-1.4,-12.7,-16.0,-24.1,5.4,-3.6,-0.3,-13.0,-2.9,-16.9,-11.2,44.4,-0.7,-1.6,3.0,-1.0,-0.6,1.3,16.9,-0.6,-12.5,-10.4,53.9,51.2,51.3,18.3,-5.6,0.6,25.6,7.5,1.9,5.0,3.1,-21.4306640625,-1.732283592224121,-28.3355655670166,-40.86994934082031,-58.178070068359375,-55.38924407958984,-12.625116348266602,-10.760194778442385,32.9311637878418,-5.7,15.3,6.0,5.4,0.2,-9.8,-1.9,-0.5,12.4,-4.3,6.4,-3.9,9.9,-9.7,3.3,-4.1,19.9,38.0,32.8,31.9,19.0,1.9,9.0,1.4,20.3,7.7,22.1,6.1,40.5,11.5,16.9,32.6,30.2,35.5,17.1,-4.1,16.9,29.5,29.0,12.8,-3.1,-31.8,1.4,-6.7,-3.5,13.9,40.0,20.7,31.5,6.1,27.5,8.5,23.5,7.4,7.5,17.3,6.8,-40.0,-43.2,-82.3,20.5,-15.0,-10.5,-40.6,24.8,12.8,13.7,19.8,-3.2,5.8,-10.7
2020-07-01,29.7,29.6,18.0,22.6,-10.6,-7.8,19.2,12.4,6.2,17.3,36.4,58.3,50.8,31.7,11.7,13.1,43.5,27.8,22.7,25.7,27.2,24.2,14.0,11.2,5.1,-6.8,-20.9,3.8,3.9,11.2,-13.8,-3.8,-18.8,-8.6,38.4,10.3,7.7,9.3,-1.0,-9.7,2.6,14.9,-4.5,-0.6,-4.0,40.5,43.3,40.5,19.5,0.0,3.2,28.6,10.4,0.6,3.9,9.1,3.449549436569214,20.46548080444336,-6.131585597991943,-37.83365631103516,-50.46044921875,-52.82421875,-14.469297409057615,-8.17049789428711,42.25267791748047,-0.8,17.9,10.6,18.7,3.9,-9.9,8.8,4.8,11.8,-0.5,9.5,5.7,16.4,-2.4,8.0,2.9,10.8,37.7,37.0,33.4,11.7,1.0,3.3,4.5,25.4,10.9,23.1,10.4,31.9,12.2,20.2,32.8,-19.2,-23.3,-3.4,-10.1,5.0,-18.2,19.7,-8.0,-7.7,-20.7,-3.6,-15.1,-5.8,-4.5,31.8,5.4,7.5,3.8,12.7,1.2,27.4,22.1,-6.4,19.6,6.5,-1.8,-21.1,-75.4,20.4,-7.9,0.4,-26.1,7.1,6.8,-8.3,25.8,3.7,7.2,-15.3
2020-08-01,15.8,16.7,6.7,9.2,-1.1,6.2,18.2,14.9,-2.7,8.5,43.7,57.4,50.0,29.1,7.8,9.1,36.5,27.4,21.5,16.5,25.6,20.5,14.4,15.7,5.8,-2.7,-5.5,13.1,16.0,8.0,-5.0,0.7,-10.6,-4.3,35.7,7.6,4.7,13.3,4.2,-10.7,1.3,16.0,4.7,-14.0,-0.9,33.7,35.5,30.0,14.5,-0.7,-3.3,22.7,9.3,-5.3,2.0,6.0,11.146202087402344,32.88776016235352,-3.279794931411743,-36.56087493896485,-48.70938873291016,-54.968170166015625,-15.36098289489746,14.33267593383789,39.06198501586914,9.6,15.6,13.5,26.4,12.3,-17.3,9.0,8.0,20.5,1.7,15.3,9.8,14.3,0.4,18.6,13.1,22.4,44.3,42.7,37.4,28.8,1.0,9.2,7.7,26.9,7.8,28.1,15.9,41.8,14.6,29.6,41.1,7.6,-9.6,11.9,1.9,16.8,-2.7,17.9,-0.2,-12.3,-8.9,1.1,-1.8,-1.3,29.3,36.1,27.9,25.0,1.0,29.6,20.0,20.7,21.4,0.3,21.2,15.1,-17.1,-14.2,-74.1,28.0,-3.7,2.8,-27.3,-2.8,1.4,-20.4,30.5,3.4,5.6,-19.4
2020-09-01,15.8,28.0,38.6,15.1,-12.5,13.6,29.7,19.3,6.4,10.5,56.3,54.2,46.6,42.4,9.6,7.1,54.6,41.6,26.7,29.6,30.2,18.8,12.0,10.5,1.6,5.4,7.9,8.2,13.1,14.5,16.6,-0.6,1.7,12.5,51.8,10.7,0.5,10.0,2.3,-3.6,5.0,25.2,6.5,-9.4,2.9,38.9,35.2,35.3,16.4,0.7,-5.8,33.1,7.9,-3.6,3.6,18.7,14.276565551757812,33.333335876464844,1.8828452825546265,-26.872709274291992,-45.65248489379883,-47.091896057128906,-7.134276866912842,20.79818725585937,32.81715393066406,16.1,24.1,18.2,23.1,15.4,-1.9,7.7,10.9,27.4,6.1,17.1,6.8,19.1,4.2,17.9,13.1,31.1,48.3,49.2,42.4,24.7,11.0,16.8,6.3,33.0,21.6,38.3,11.5,41.1,24.6,35.1,38.9,12.9,22.9,10.1,2.6,24.3,9.6,28.2,6.3,2.7,-4.5,6.9,2.3,-1.9,25.7,47.1,27.9,36.4,6.4,36.8,19.1,32.7,28.3,7.2,34.0,23.0,-5.4,-7.8,-66.5,28.6,1.5,7.4,-25.0,6.8,-0.5,-5.4,36.2,8.0,20.7,-10.0
2020-10-01,29.9,42.2,43.3,11.1,-1.5,22.1,32.9,14.8,12.3,24.5,65.0,53.8,56.0,48.4,16.2,-0.6,45.9,45.1,15.4,20.4,37.9,25.3,7.4,12.5,3.1,15.0,0.7,15.4,11.0,17.6,7.5,-2.5,-1.0,14.9,51.1,10.0,7.0,18.1,6.3,-14.6,2.0,27.8,5.3,-6.6,9.8,30.6,35.9,29.3,22.1,2.6,-4.0,39.1,16.6,-2.0,6.6,11.9,1.642161250114441,10.333999633789062,-4.569381237030029,-17.2446231842041,-48.23849487304688,-44.59558868408203,3.219022512435913,18.31946563720703,33.02190017700195,21.9,26.2,23.1,23.2,9.8,-1.9,5.9,6.4,31.7,8.0,17.1,4.8,24.3,3.6,20.8,15.2,29.6,46.6,38.0,38.3,25.1,-1.0,4.4,9.2,34.8,24.0,30.9,8.0,42.6,21.1,32.6,39.7,19.0,8.9,17.2,-1.6,22.2,9.2,19.7,5.5,-4.8,3.4,13.1,-4.7,0.4,21.9,28.2,18.1,9.8,10.9,21.6,12.0,28.0,32.9,8.8,26.0,13.8,-4.9,-6.7,-65.9,30.4,1.4,7.6,-20.7,1.3,7.8,-16.0,32.6,10.7,24.0,-1.8
2020-11-01,29.9,37.1,25.9,28.2,1.3,21.9,40.4,25.2,23.8,25.9,46.0,51.8,44.0,38.9,21.6,1.8,55.1,42.2,9.0,24.2,26.4,8.7,-3.0,0.8,-4.6,12.3,5.2,14.8,13.4,26.4,7.3,-2.9,-2.0,5.9,34.7,-0.5,0.4,1.6,6.3,-8.6,0.7,29.1,11.3,-11.9,1.9,35.9,36.6,34.1,21.5,11.3,2.6,46.4,23.2,4.6,9.3,17.9,-7.66493558883667,-4.910506248474121,-10.665868759155272,-14.852527618408203,-36.20309448242188,-38.925201416015625,8.251033782958984,12.858198165893556,31.71089553833008,13.7,9.1,11.6,15.2,12.9,-14.7,9.1,14.2,37.3,6.8,14.5,10.5,9.6,9.8,13.8,11.5,26.4,40.2,42.6,38.0,29.0,1.9,12.8,7.7,42.6,21.4,36.8,15.0,36.5,18.5,23.6,32.9,-2.4,-5.4,0.0,-2.3,17.3,-7.7,20.2,-5.1,-2.1,3.1,6.8,-0.9,5.3,19.0,33.5,17.9,18.4,0.5,26.7,15.6,42.9,31.6,7.6,38.8,12.5,-15.8,-3.6,-63.1,32.0,-0.5,17.3,-18.6,-0.4,1.4,-13.0,32.1,14.0,24.2,-6.5
2020-12-01,12.5,8.3,21.4,7.6,10.7,19.8,34.3,20.2,2.0,21.8,34.9,36.6,41.2,40.1,8.0,3.1,51.1,35.2,7.8,19.0,25.0,4.7,-6.6,-8.6,3.2,-2.2,-10.1,0.3,12.7,22.1,20.7,-5.8,1.6,13.7,41.4,5.9,1.7,11.3,12.3,-4.3,4.3,37.1,10.0,-3.6,5.5,37.8,36.5,34.5,21.3,15.0,1.4,48.6,30.0,14.3,7.1,16.4,-13.162811279296877,6.469252109527588,-25.30763053894043,-16.852380752563477,-32.41162109375,-31.203149795532227,15.127394676208496,10.33872890472412,43.683876037597656,11.0,26.1,19.9,22.8,20.9,-8.1,9.3,11.2,51.3,19.3,19.7,9.3,19.1,9.2,17.7,15.8,18.3,48.6,38.9,42.3,34.2,19.8,11.1,1.8,49.5,32.0,46.7,15.1,43.4,29.7,25.5,35.2,-11.2,1.3,-1.9,0.5,24.3,5.5,36.7,5.9,-3.6,0.2,6.4,2.2,2.4,21.3,31.3,24.9,33.3,0.3,13.9,19.5,53.0,35.5,-0.6,47.0,18.5,-26.9,-11.7,-60.3,33.0,-0.9,11.2,-19.2,4.7,4.3,0.0,36.7,14.4,26.6,-1.0
2021-01-01,29.9,25.9,22.9,24.1,11.5,25.8,44.9,35.8,19.4,19.8,51.2,44.8,45.0,38.5,10.2,1.6,45.2,33.9,10.5,12.0,34.6,-7.3,4.7,0.1,2.3,5.7,-3.5,8.7,18.5,24.0,2.2,-6.6,1.4,15.3,31.2,11.9,15.6,16.6,11.4,-0.7,5.5,45.5,15.2,-5.5,6.9,31.8,33.7,35.8,23.4,9.0,3.4,49.0,23.4,6.2,11.7,17.9,-8.18637466430664,24.218164443969727,-25.847341537475582,-22.20479202270508,-28.61622428894043,-24.2129020690918,16.391239166259766,10.159422874450684,55.04352188110352,5.7,5.6,5.2,14.7,16.9,-9.3,5.1,9.6,56.0,14.3,17.7,12.6,10.5,11.8,9.8,4.9,29.2,43.5,39.5,40.2,31.8,4.0,3.3,0.0,51.0,41.2,49.0,17.1,43.6,25.7,26.7,29.3,0.1,0.2,-0.8,2.1,21.3,9.9,34.1,2.3,2.0,-2.6,5.1,2.4,-1.5,23.0,29.3,27.0,39.5,2.2,36.1,15.3,36.0,38.9,10.6,24.0,21.7,-31.8,-17.6,-63.3,38.9,7.4,19.9,-14.2,21.6,17.1,16.7,41.4,23.1,35.2,-1.4
2021-02-01,30.1,25.6,27.8,24.1,19.1,17.4,50.4,15.1,11.9,30.8,37.5,36.1,32.8,33.1,13.5,3.2,54.0,43.7,6.4,11.1,26.0,5.3,1.4,-4.9,9.9,5.9,9.9,0.4,23.8,29.6,11.5,5.8,-0.8,11.6,53.9,10.1,10.8,6.2,11.1,6.5,9.1,57.8,23.4,2.6,9.5,34.0,34.4,34.9,20.1,14.9,11.0,55.8,32.5,15.6,14.3,28.6,4.475491046905518,22.47533416748047,-3.7644784450531006,-8.855790138244629,-14.611350059509276,-7.729357242584228,15.715927124023438,11.7283935546875,57.917118072509766,16.4,20.8,13.4,15.1,12.8,-12.8,12.7,9.7,57.9,23.3,16.5,11.4,17.4,14.1,10.3,10.9,32.4,39.8,31.6,35.3,30.4,11.5,4.2,6.3,51.8,44.9,52.4,10.6,36.0,23.0,31.2,25.3,-5.0,-1.5,-7.9,-3.4,37.9,-3.1,31.9,-2.9,-11.2,1.0,8.2,-3.1,8.5,31.3,38.0,38.4,33.3,1.1,36.1,15.4,44.5,38.2,8.6,40.0,15.2,-21.5,-14.5,-65.0,42.5,9.9,26.6,-10.5,32.5,22.4,34.4,48.3,20.1,35.4,6.7
2021-03-01,40.1,32.3,18.3,29.4,16.9,26.5,66.6,27.9,15.0,37.2,55.9,46.1,53.3,44.6,24.1,16.3,58.3,42.2,9.9,9.5,31.5,23.2,12.7,20.2,3.3,6.6,5.9,11.7,26.0,28.2,21.3,4.3,8.0,10.2,54.8,23.2,18.5,26.1,12.0,8.1,11.4,64.4,24.2,4.0,15.8,36.5,36.8,45.0,33.2,19.5,6.0,64.4,38.3,6.7,20.1,26.8,18.87361717224121,37.23905563354492,9.913454055786133,2.42408299446106,-17.639629364013672,-2.042742967605591,24.80596160888672,25.85106468200684,66.72340393066406,28.4,48.6,32.5,35.2,18.8,-2.7,22.8,30.8,66.1,32.3,27.7,23.1,46.3,24.6,26.0,22.7,33.9,38.0,44.4,41.8,39.3,11.2,6.7,2.6,52.9,43.9,42.4,5.1,35.1,25.6,26.4,33.5,34.4,18.6,35.3,6.2,34.0,16.4,32.4,12.2,1.3,-14.7,21.9,5.5,15.0,42.6,44.6,48.5,47.5,9.9,41.2,28.5,49.0,44.0,15.1,43.4,32.6,-4.8,-7.1,-50.4,53.2,14.5,34.9,-6.9,50.6,44.0,50.8,56.3,24.8,38.1,12.1
2021-04-01,44.4,31.8,24.5,29.0,16.0,30.5,62.3,32.3,24.9,28.6,65.8,60.2,61.5,55.7,16.2,4.2,67.3,61.9,6.7,24.3,35.0,20.1,8.3,17.5,0.4,7.3,9.7,13.4,25.3,32.4,13.6,-2.0,16.3,19.5,46.6,23.5,21.9,19.6,17.4,11.6,28.1,74.7,34.9,21.2,15.4,43.1,44.8,46.1,39.3,17.8,11.6,71.2,45.2,10.3,11.6,31.5,39.57276153564453,62.418087005615234,27.46878242492676,-0.9227263927459716,-2.155290126800537,3.9708404541015625,30.35136604309082,32.89072799682617,65.88145446777344,37.6,33.1,38.6,32.0,31.8,-5.7,22.2,23.2,72.9,39.2,37.3,24.4,32.0,19.1,29.1,29.6,36.7,47.0,43.7,46.1,48.3,24.0,9.5,3.7,53.1,40.2,51.2,15.0,44.7,29.5,36.2,43.3,26.9,8.3,18.6,10.4,40.8,5.0,47.3,2.0,6.0,-13.8,18.8,3.1,3.3,43.3,47.0,33.5,33.3,12.9,41.4,32.9,59.6,40.3,15.9,48.9,33.5,30.2,7.5,-25.6,55.0,18.7,31.9,1.3,62.3,47.6,64.0,55.7,33.5,42.1,22.6
2021-05-01,32.8,26.0,18.7,21.2,23.8,37.7,71.7,40.9,37.8,34.8,54.7,48.0,55.6,50.7,15.4,-1.0,65.1,55.9,16.0,20.8,35.7,25.4,17.0,12.7,11.3,24.0,7.8,12.4,30.1,46.9,16.5,-2.1,18.3,22.4,67.6,31.0,34.8,33.1,15.8,7.1,23.6,83.5,37.1,21.4,16.0,36.7,35.8,38.6,39.9,16.4,17.1,67.1,43.6,7.1,11.4,25.7,41.53426742553711,49.30875396728516,38.10310363769531,-0.5667689442634583,7.690502643585205,5.785149097442627,34.62028503417969,38.517852783203125,76.45762634277344,36.8,14.3,22.4,19.3,23.0,0.0,18.9,30.5,81.5,39.6,40.3,23.3,20.0,23.8,22.6,20.5,33.0,49.3,45.6,43.0,47.9,17.7,5.9,7.6,60.6,48.4,57.2,5.7,44.1,30.8,29.8,34.9,27.3,-6.0,13.8,9.8,47.9,-0.9,53.3,-2.0,-0.2,-11.0,16.2,4.4,15.5,38.4,60.6,42.6,32.5,11.3,50.2,36.1,51.9,50.3,12.5,36.6,28.1,38.8,15.2,-8.5,62.7,18.8,37.3,-2.1,67.8,51.8,59.6,70.3,43.3,53.1,20.4
2021-06-01,31.3,25.7,29.5,29.9,20.1,29.0,80.6,50.6,24.4,18.6,69.0,70.8,74.6,54.8,12.2,24.5,70.9,68.9,23.0,22.0,41.6,56.0,25.8,39.8,15.6,1.5,1.8,19.6,42.5,46.8,27.3,6.5,17.0,23.3,78.3,16.1,14.0,12.6,13.1,-2.6,29.8,79.8,33.3,7.9,15.8,44.2,42.5,44.7,40.5,12.3,2.6,64.0,45.6,-2.6,15.8,18.4,40.07193756103516,33.18042755126953,44.60406112670898,7.520201683044434,13.74755859375,15.05376434326172,33.870967864990234,39.387306213378906,76.59549713134766,31.8,29.7,28.9,34.3,23.9,-4.9,21.2,26.9,82.2,43.9,48.3,24.2,30.0,17.6,26.9,24.4,38.1,56.5,51.2,60.2,48.9,24.5,12.5,1.3,54.2,53.6,59.9,20.5,57.0,33.1,38.8,40.5,30.0,-4.3,4.8,1.6,58.2,3.3,60.1,-2.3,-5.5,-16.3,20.9,1.4,19.4,39.1,64.3,32.6,53.0,11.6,37.1,36.4,52.3,47.8,19.7,55.6,29.4,43.2,19.9,1.0,71.2,25.8,38.2,2.1,66.0,47.6,57.6,77.4,45.8,58.2,30.2
2021-07-01,27.1,23.3,26.9,31.6,-2.8,31.4,72.8,47.7,21.2,18.7,48.3,47.4,64.3,55.4,15.5,-8.0,63.2,59.6,7.4,24.8,41.1,44.5,31.5,39.6,8.0,26.4,9.9,27.6,52.0,56.3,29.4,0.4,19.1,24.0,77.9,36.8,26.4,34.7,16.5,16.2,20.2,76.8,39.4,12.1,12.6,41.6,35.9,40.8,42.8,9.1,5.1,64.6,57.6,1.0,3.0,26.3,32.34305953979492,31.96958541870117,32.38544464111328,10.806793212890623,25.29927635192871,17.21200942993164,31.325517654418945,28.624584197998047,62.22388458251953,28.8,31.3,29.6,33.1,23.7,-8.7,20.0,20.7,76.5,42.5,47.3,24.4,28.7,15.9,22.1,26.6,37.5,49.4,42.6,47.7,44.4,12.7,3.2,4.7,46.9,38.6,53.5,13.3,39.7,26.3,36.2,32.6,15.4,1.2,14.7,-0.6,45.3,4.0,52.8,1.9,-2.3,-6.3,19.0,8.5,24.6,24.3,60.5,35.9,43.8,15.2,40.0,39.5,59.1,56.5,14.8,48.8,34.1,41.7,16.8,6.5,68.1,32.1,41.8,10.9,59.9,50.3,52.7,69.0,41.2,59.1,25.4
2021-08-01,17.8,19.6,15.6,33.8,-17.3,25.2,74.1,56.3,4.6,21.5,39.1,40.8,44.5,42.1,21.6,3.5,53.2,67.1,7.9,18.2,36.4,39.3,30.3,33.9,14.7,8.7,2.4,21.1,44.7,47.7,27.4,4.7,15.7,25.3,67.0,21.6,20.9,11.8,13.5,6.2,28.3,76.1,46.0,15.0,15.0,45.7,40.8,45.3,36.4,8.0,0.9,66.4,52.2,0.0,2.7,23.0,17.276355743408203,26.77117729187012,11.71030616760254,8.506063461303711,30.040225982666016,16.527278900146484,33.854454040527344,21.65976905822754,51.264793395996094,9.3,21.1,17.4,17.6,22.6,4.2,21.8,19.7,75.7,39.0,43.9,24.1,20.7,12.3,11.5,10.4,16.8,45.8,41.3,42.7,45.3,11.4,-6.2,0.1,60.8,39.8,61.0,13.5,37.9,22.7,17.9,29.8,6.6,6.9,-1.0,2.8,40.5,13.8,41.1,5.6,7.1,-7.6,26.6,4.7,13.0,22.9,47.4,35.9,44.8,19.9,23.9,33.6,45.5,53.3,24.7,39.5,27.3,27.8,20.3,0.5,73.1,31.0,47.2,7.7,48.0,47.2,28.3,74.7,43.8,55.4,27.8
2021-09-01,31.9,18.9,32.5,25.9,17.3,21.7,72.2,53.4,12.0,32.6,20.1,29.5,40.3,38.5,12.5,8.0,49.6,61.7,-6.9,14.8,23.0,20.5,18.8,17.7,9.9,14.1,13.1,16.9,41.8,48.6,21.9,-7.5,18.8,24.4,39.6,28.0,26.3,21.5,22.3,11.3,36.5,75.7,47.8,20.9,21.8,47.1,44.1,50.8,39.4,13.0,1.7,61.7,51.3,0.0,8.7,33.9,15.717339515686035,15.541875839233398,15.568562507629396,13.236898422241213,23.92046356201172,14.532288551330566,25.67422866821289,18.064298629760746,33.946876525878906,5.3,23.8,10.6,19.8,26.3,1.1,14.0,21.4,81.9,45.8,44.1,20.2,21.8,11.7,-3.2,0.6,13.9,42.2,33.1,32.9,51.1,9.4,-3.2,9.7,54.9,44.6,50.6,18.9,30.9,30.3,13.6,25.7,7.8,8.4,2.6,9.1,51.7,7.6,49.9,-9.9,8.9,11.8,26.7,6.8,10.3,14.0,31.3,18.0,20.0,7.2,25.4,29.1,48.9,50.4,10.7,50.0,16.5,14.4,18.1,-8.5,78.1,36.9,47.9,18.8,30.5,38.0,17.6,73.8,39.2,57.5,19.9
2021-10-01,21.0,29.7,26.3,28.6,19.5,33.6,75.7,50.9,17.0,27.0,26.2,28.4,35.0,40.2,23.7,-4.3,67.9,63.1,-19.0,27.6,35.7,33.7,17.0,20.5,16.1,11.9,15.2,23.1,52.2,65.0,33.8,-8.0,24.6,34.5,57.8,19.3,18.8,9.5,15.9,12.0,38.0,78.7,43.5,18.5,9.6,49.3,48.9,51.4,35.4,17.6,5.6,67.6,50.0,0.9,10.2,31.5,23.50703239440918,14.331831932067873,28.28299903869629,9.46868896484375,17.406143188476562,17.159822463989258,14.787742614746094,21.626296997070312,29.400888442993164,15.3,16.7,16.5,14.6,28.5,-11.1,20.1,26.5,77.7,51.4,45.0,19.0,16.3,16.0,2.1,14.0,15.4,46.6,38.8,47.9,35.9,6.7,-0.8,5.6,49.3,40.6,61.1,6.2,46.7,26.2,13.0,30.2,0.5,-9.8,-0.8,0.4,47.8,-1.7,55.0,-4.6,9.3,-8.9,41.0,5.7,6.8,16.9,46.1,17.5,36.1,9.5,27.9,17.7,35.6,50.0,15.9,24.5,15.7,15.2,21.3,-8.6,80.3,36.4,50.8,13.2,41.4,33.0,26.0,80.0,50.3,60.6,24.4
2021-11-01,42.2,45.9,33.2,28.0,12.8,39.8,82.7,62.4,29.0,30.7,30.4,31.8,40.5,51.2,15.6,-4.5,69.8,64.6,-5.2,13.2,32.0,50.3,19.8,45.3,12.2,13.5,12.8,27.7,62.8,68.3,40.9,-8.0,24.0,42.0,65.7,23.1,25.4,21.6,23.2,9.3,32.2,83.0,50.8,12.7,20.9,38.6,37.8,37.8,29.9,11.9,12.7,72.0,55.9,5.9,10.2,34.7,12.412349700927734,15.426733016967772,11.012815475463867,-4.4516377449035645,18.70307159423828,22.16851806640625,16.017181396484375,32.61384201049805,33.88227462768555,11.9,27.2,22.8,26.0,28.8,3.2,16.6,22.4,83.8,43.1,49.0,20.0,24.8,10.1,0.9,18.7,29.2,51.8,41.1,42.2,36.7,8.2,-1.9,2.5,56.8,49.5,62.4,13.1,41.6,33.0,16.7,29.8,12.3,22.5,13.0,6.3,62.1,21.2,65.3,8.1,3.9,10.2,46.3,10.2,24.3,19.0,39.7,25.6,23.5,7.6,20.8,24.7,52.4,51.3,11.0,45.2,25.5,15.9,20.6,-19.6,83.2,41.7,56.0,16.4,33.7,43.5,17.3,80.6,54.4,68.1,25.7
2021-12-01,17.1,20.1,22.8,32.6,13.1,32.5,71.7,51.5,11.5,30.3,14.9,19.4,27.9,56.2,12.7,2.3,58.8,54.7,-11.8,8.9,21.2,29.6,18.6,31.2,13.4,16.4,9.2,16.1,58.3,58.6,38.9,1.0,22.9,20.2,52.9,34.6,26.6,27.1,20.4,9.1,23.1,80.2,44.6,19.0,13.7,38.6,34.7,34.4,33.3,15.7,10.7,66.1,60.3,9.9,15.7,38.0,-1.766221046447754,3.7328298091888414,-4.423989772796631,-10.859289169311523,10.9102783203125,16.488033294677734,13.762904167175291,18.02460479736328,31.11775779724121,7.4,25.3,19.3,19.9,31.3,-3.3,10.4,25.7,67.6,42.8,46.5,19.3,24.7,19.0,7.3,12.6,14.5,42.1,39.0,30.1,44.7,11.6,0.3,8.9,44.9,44.9,62.3,6.4,38.6,21.8,10.2,32.8,8.2,11.5,16.0,7.5,47.5,16.4,43.4,12.7,4.9,16.2,42.3,7.6,5.0,11.1,44.0,17.6,34.3,5.1,34.8,29.7,48.9,52.7,13.0,44.2,21.8,14.4,18.4,-16.3,80.6,42.3,52.3,8.7,34.4,38.1,14.3,77.6,53.6,65.8,28.0
2022-01-01,23.2,19.9,19.7,24.8,3.1,21.7,70.2,45.7,20.6,8.3,28.8,29.8,47.6,38.8,9.3,-7.6,77.8,60.5,-8.7,10.2,24.2,4.5,1.7,13.0,12.2,8.9,3.2,13.7,49.0,58.7,34.7,-4.0,20.2,28.4,45.2,8.3,7.4,12.6,17.1,10.3,21.6,76.7,37.1,12.1,11.0,35.6,32.8,27.8,30.6,12.1,4.3,76.7,62.1,11.2,13.8,39.7,-1.1659542322158811,-1.7797552347183228,-0.879765510559082,-10.094407081604004,25.63365364074707,20.907657623291016,11.029939651489258,8.546163558959961,31.255746841430664,0.0,17.0,18.4,8.8,27.7,-7.5,13.7,17.8,62.2,37.2,49.8,20.8,11.5,10.3,1.1,11.8,15.6,37.3,30.6,33.8,52.1,2.3,-3.3,6.1,56.7,50.6,54.2,12.8,37.3,18.7,18.1,17.3,-6.7,-8.1,-9.8,6.2,43.6,-7.7,43.9,-3.3,-0.3,-10.2,36.2,2.0,17.3,4.1,43.5,14.0,27.2,0.7,25.4,24.7,51.1,44.7,16.6,52.3,22.9,9.2,7.6,-27.9,77.3,39.4,52.3,9.8,43.7,42.9,30.6,72.7,50.8,61.2,21.0
2022-02-01,17.0,14.4,13.1,31.5,1.4,23.9,64.0,46.4,13.7,11.2,25.7,23.1,41.5,36.7,6.7,-18.6,62.6,55.4,-18.5,1.8,20.4,23.9,13.9,23.6,6.2,12.1,10.0,19.0,52.0,71.1,41.7,1.1,15.7,32.2,41.0,0.5,1.7,5.0,21.4,11.7,21.6,76.6,54.1,14.4,11.1,27.2,31.3,32.2,29.0,7.2,9.9,70.3,51.4,-1.8,15.3,37.8,11.45412540435791,3.1206657886505127,15.981843948364258,-3.874110221862793,38.3955192565918,24.44648170471192,15.848932266235352,7.0045342445373535,17.849626541137695,12.1,14.4,22.6,22.5,18.0,-5.2,8.3,21.1,73.1,44.8,43.9,18.5,11.0,16.3,5.9,11.7,19.2,41.5,38.9,38.8,44.4,12.7,-0.5,3.9,50.0,45.4,74.0,10.2,41.1,29.5,16.6,27.3,2.1,9.1,7.9,9.7,50.7,5.8,53.6,-0.2,10.5,-3.5,35.0,7.9,17.8,9.5,37.9,16.1,39.5,12.5,36.6,26.6,47.7,48.1,11.0,50.0,36.2,0.5,12.0,-27.1,85.9,47.1,58.3,3.7,56.3,37.2,41.1,78.0,44.4,52.9,30.0
2022-03-01,23.4,20.3,26.7,41.1,3.4,38.2,74.6,52.2,16.8,22.6,19.4,20.1,30.7,38.8,30.7,-6.2,66.1,63.7,-16.0,12.8,22.5,28.8,25.5,29.4,7.2,20.5,17.6,15.3,55.2,64.0,33.3,-3.8,24.9,32.4,45.6,-2.9,-0.4,-0.1,16.8,21.5,32.7,73.8,56.1,13.1,7.4,36.6,39.9,40.5,29.2,13.1,18.7,72.9,58.9,15.9,15.0,35.5,24.33734130859375,10.122326850891112,31.302309036254883,9.848557472229004,19.516746520996094,34.001155853271484,13.519397735595703,-2.8758554458618164,4.714640140533447,7.3,13.0,10.2,8.1,25.6,2.3,12.9,22.7,73.2,47.4,55.0,15.0,15.2,19.7,-1.9,13.5,7.5,39.7,39.8,38.2,38.1,7.5,3.7,7.6,55.8,59.2,64.3,16.7,34.8,35.6,9.8,29.9,-10.3,-5.2,-9.7,2.5,49.1,-11.3,59.1,1.1,4.4,-8.9,32.0,5.1,12.9,1.8,34.4,6.5,34.5,14.3,19.2,26.5,61.5,56.6,10.6,57.5,20.5,18.3,14.0,-23.3,84.5,47.7,53.9,11.6,36.8,40.2,16.1,82.5,51.6,61.4,26.6
2022-04-01,11.6,13.5,18.0,39.7,10.7,21.0,77.5,53.2,3.5,19.8,7.3,4.5,28.5,38.9,11.5,-18.2,65.7,60.6,-11.2,-0.1,18.1,19.4,6.3,16.4,8.8,12.5,11.2,18.4,56.9,69.2,32.7,-3.4,22.5,31.3,39.3,21.3,18.3,27.4,10.5,13.6,21.8,86.4,49.1,17.3,12.9,19.9,19.8,17.2,25.0,-4.5,8.2,72.7,55.5,-5.5,5.5,31.8,6.467195987701416,5.989304542541504,6.5123395919799805,14.765888214111328,22.44112777709961,33.09249496459961,14.12171745300293,2.825433254241944,-12.820512771606444,0.5,9.9,10.1,9.7,24.8,-3.3,10.5,20.2,60.6,42.3,50.4,10.8,12.4,18.3,-6.3,11.3,0.5,33.7,17.1,28.8,37.9,9.1,3.8,0.8,50.1,46.5,58.5,13.4,32.1,22.0,6.4,11.2,1.2,-9.9,-5.2,8.8,55.0,-1.4,55.6,4.9,2.2,1.3,34.2,5.2,11.7,-2.8,32.1,4.2,17.1,3.7,27.8,22.1,48.9,48.1,5.3,42.6,26.3,24.2,19.9,-14.4,86.4,43.4,55.0,8.6,29.4,42.9,11.9,80.3,55.9,63.5,24.6
2022-05-01,3.6,15.8,32.5,27.6,1.5,13.2,73.6,52.1,15.2,15.6,4.2,13.5,29.5,27.6,2.5,-26.1,57.5,56.2,-24.2,9.1,7.9,18.5,-0.4,0.3,11.0,15.6,11.3,9.9,55.4,70.7,26.3,2.9,20.1,33.2,34.0,-6.3,-3.2,-12.0,15.9,7.9,20.2,73.7,45.6,2.6,9.3,18.2,17.7,20.4,25.0,-5.3,-1.8,63.2,45.6,-2.6,2.6,25.4,-3.902873754501343,3.6414639949798575,-6.894718170166016,12.513047218322754,28.74092102050781,29.497459411621094,10.529167175292969,5.638204574584961,-39.47336196899414,-7.0,18.4,2.7,12.2,20.4,9.2,4.1,4.3,61.2,41.4,50.6,6.9,19.2,9.4,-11.0,-4.5,-6.6,19.8,17.9,21.3,31.6,-1.2,0.6,1.4,46.0,38.6,62.5,9.0,23.1,21.1,-5.1,12.8,-2.9,-12.8,-2.8,0.9,43.7,-14.5,52.3,-18.8,0.3,-1.2,29.5,1.1,12.6,-3.9,17.4,-4.3,17.2,4.0,3.9,20.5,50.0,53.4,0.8,47.6,33.4,11.5,18.3,-27.1,86.4,47.4,52.9,6.3,18.8,35.8,-1.6,82.4,48.9,61.0,17.0
2022-06-01,-2.9,-8.6,13.1,27.4,-0.2,9.5,64.6,50.4,-5.7,10.1,-7.4,-5.4,5.8,10.3,1.3,-32.4,57.5,48.3,-28.2,7.0,12.9,19.7,10.4,24.1,-1.4,22.5,12.9,20.1,59.1,73.7,30.0,-4.8,17.7,29.3,25.7,-1.8,2.4,2.2,18.7,17.1,14.5,78.6,43.6,-4.3,7.0,10.5,11.7,17.0,24.2,-0.9,-13.7,69.2,43.6,-14.5,-5.1,25.6,-9.619790077209473,-8.41897201538086,-9.476190567016602,12.14853858947754,25.045345306396484,41.08812713623047,-0.0505049228668212,-6.537491798400879,-55.43211364746094,-18.2,2.3,-7.9,0.8,15.2,11.2,-9.7,19.9,56.7,33.1,49.3,11.4,3.7,5.5,-21.5,-15.6,-27.5,3.5,0.8,2.3,14.2,-8.5,-21.3,-18.5,33.8,33.3,59.8,2.0,4.5,9.8,-23.6,-7.2,-26.2,-11.0,-23.1,-4.1,36.2,-9.3,52.1,-9.3,-6.7,0.8,28.9,-8.6,9.4,-28.0,-1.1,-15.9,5.1,-7.3,23.1,11.9,58.5,44.1,-0.4,41.5,26.2,2.2,18.1,-36.2,89.3,45.1,55.4,6.9,12.9,37.1,-21.3,76.0,48.0,54.0,20.3
2022-07-01,-7.6,-18.6,16.6,21.7,-8.1,-12.1,55.6,30.6,-7.9,6.3,-19.5,-11.0,10.7,14.7,-4.0,-30.6,44.9,37.6,-29.0,0.7,4.9,17.9,8.1,13.1,7.4,13.4,6.4,6.8,53.5,63.8,32.5,4.6,15.7,24.0,26.9,3.6,-1.4,15.3,14.3,14.8,8.7,64.3,31.3,-5.2,3.3,-4.6,1.9,9.1,22.0,-1.7,-9.6,43.5,28.7,-22.6,-9.6,16.5,-31.02023696899414,-31.15404510498047,-30.97515869140625,2.442250967025757,29.24359130859375,30.25407218933105,-5.164238929748535,-10.658357620239258,-61.0343017578125,-23.0,3.9,-10.0,3.0,17.3,4.7,6.1,2.7,38.1,28.8,38.0,8.9,3.5,4.2,-11.0,-10.7,-19.9,12.8,3.4,2.5,28.8,-5.1,-6.6,1.1,23.7,26.2,47.0,6.1,14.0,18.7,-11.5,3.2,-22.9,-19.3,-15.1,5.0,32.1,-19.3,42.0,-16.0,-0.2,14.7,19.2,-1.6,10.3,-18.8,15.7,-12.8,9.1,3.9,26.8,16.2,41.8,41.2,3.6,25.5,21.2,-10.7,7.6,-34.3,81.3,35.9,53.5,6.6,0.0,25.0,-21.2,72.3,42.9,53.9,12.6
2022-08-01,4.4,-9.2,20.7,25.2,3.2,1.6,46.7,25.8,-4.5,4.0,-4.7,-5.0,16.3,24.9,5.1,-25.7,46.1,41.8,-34.3,1.7,20.8,10.2,1.7,8.6,5.0,16.5,4.5,17.8,53.0,55.8,19.0,-7.7,23.1,25.8,21.6,-26.8,-21.3,-15.6,8.3,6.4,-0.9,55.5,32.7,-12.7,-8.0,1.6,11.6,17.9,27.4,-6.4,-12.7,49.1,43.6,-4.5,-10.9,12.7,-26.90338516235352,-31.52276992797852,-24.355274200439453,-3.845332384109497,13.443483352661133,13.348555564880373,-10.933432579040527,4.889077663421631,-53.81707763671875,-14.1,1.2,-5.5,2.9,15.6,1.2,-2.1,-3.9,32.1,25.6,44.9,13.5,-0.5,14.2,-7.8,-14.8,-9.2,24.2,8.3,16.1,23.6,-9.7,-8.7,-11.4,19.4,21.0,53.1,-0.7,19.4,16.6,-2.6,7.6,-19.8,-6.1,-11.6,3.7,31.8,-13.8,39.4,-9.3,-3.4,1.9,17.1,-3.6,7.7,-15.2,20.3,-4.9,15.5,-6.6,11.8,15.9,38.9,33.3,0.4,33.3,5.4,-4.4,9.9,-29.5,82.4,39.6,51.6,8.3,12.6,26.1,-10.4,64.4,33.0,49.7,17.6
2022-09-01,-8.4,-14.2,12.0,11.8,-6.6,-17.0,34.3,29.9,-21.3,-0.7,-3.4,3.5,19.3,22.4,3.0,-23.3,41.0,39.1,-18.8,10.2,4.1,18.5,2.9,17.9,9.5,15.0,5.2,13.6,49.3,70.7,34.8,-8.1,17.3,26.3,24.2,-9.7,-5.9,11.7,10.8,9.4,1.9,39.6,23.6,-7.5,-2.8,6.3,5.3,14.3,17.2,6.6,-17.9,47.2,39.6,-23.6,-7.5,17.9,-23.762598037719727,-28.03571319580078,-20.68483543395996,-16.228412628173828,-6.389442443847656,5.665678977966309,-5.899991989135742,6.310527324676514,-59.97595977783203,-18.3,9.6,-8.4,5.7,14.5,3.3,-0.3,0.5,35.3,16.9,36.0,7.1,13.0,14.0,-11.2,-1.7,-22.4,28.6,24.4,17.0,28.0,5.0,-5.8,-2.5,22.6,22.8,49.4,5.8,19.2,15.2,-5.9,17.4,-21.5,-17.6,-13.2,2.5,30.9,-7.6,49.6,0.2,-9.0,10.9,16.4,-1.0,6.5,-20.7,5.6,-12.3,2.4,4.7,21.6,5.0,38.9,33.5,-0.4,29.4,10.6,5.3,8.6,-28.6,77.7,42.6,58.8,9.7,16.4,24.7,-3.7,67.9,42.5,54.0,12.4
2022-10-01,-12.0,-17.8,4.5,26.2,-1.3,-11.1,41.3,30.1,-17.9,9.6,-13.2,-14.5,9.4,14.9,-8.5,-9.0,29.8,27.4,-24.5,-2.7,7.6,12.2,-1.2,19.6,6.0,14.9,2.1,25.3,50.1,76.6,35.4,-2.2,13.8,18.4,14.3,-9.3,-1.4,0.7,5.8,4.6,-0.9,48.6,22.9,-3.7,-2.0,-4.1,0.6,5.4,16.2,5.5,-7.3,48.6,36.7,-18.3,-8.3,22.0,-22.38646125793457,-20.46155548095703,-22.93864822387696,-18.26936721801757,-13.776607513427734,-1.4261670112609863,-9.405194282531738,-7.490198612213135,-65.15865325927734,-20.5,4.7,-10.3,-3.7,17.0,-12.6,-0.3,1.6,30.2,21.0,35.5,-1.2,7.7,7.2,-9.6,-12.3,-23.0,2.1,-2.9,0.4,10.6,-2.3,-6.5,1.3,26.2,26.4,42.0,1.8,2.2,10.3,-15.0,2.9,-21.3,-6.8,-13.0,3.2,19.9,-4.4,42.6,-12.9,-1.8,9.5,14.0,-2.0,7.6,-24.1,6.3,-8.8,9.1,-6.3,7.0,8.1,43.0,37.9,9.1,32.3,13.7,-15.5,13.2,-41.6,79.5,39.2,57.4,-2.1,-7.9,21.7,-30.2,69.9,38.5,57.1,9.2
2022-11-01,-16.1,-17.5,7.7,7.8,-7.4,-4.1,38.2,33.7,-21.1,1.7,-5.0,-0.9,10.8,14.1,-7.4,-15.9,24.5,21.1,-16.4,-8.4,7.6,5.6,-6.2,3.0,2.9,10.4,-6.8,11.7,47.7,57.5,25.8,-3.8,11.5,23.3,9.2,-6.1,-9.4,-1.1,9.1,16.5,2.9,50.5,27.2,-6.8,3.6,-3.6,-0.9,-1.3,11.4,-2.9,-5.8,48.5,32.0,-15.5,-2.9,14.6,-21.459503173828125,-20.659610748291016,-21.10730361938477,-7.402195930480957,-14.254032135009766,-6.704230308532715,-21.959699630737305,-13.716562271118164,-59.69353866577149,-15.6,0.8,-21.8,-9.0,4.9,2.2,-4.9,-2.4,20.4,12.4,36.2,-2.4,-3.6,8.9,-16.1,-18.4,-19.3,8.5,6.8,5.4,22.0,-10.3,-11.2,-12.6,22.2,16.1,50.9,9.8,14.7,8.0,-9.7,2.2,-23.0,-12.9,-12.2,-5.6,12.9,-12.2,40.2,-12.1,0.8,16.1,9.7,-4.9,8.7,-19.2,7.6,-12.6,0.0,-4.3,13.4,9.4,39.7,33.5,2.4,21.3,9.6,-11.8,14.9,-43.6,79.3,33.7,46.8,4.8,-14.4,11.9,-34.2,67.6,38.0,58.5,13.0
2022-12-01,-11.6,-18.8,1.8,-3.1,-3.2,-10.4,32.7,25.8,-14.2,-4.3,-0.1,8.8,18.4,18.0,-15.3,-26.7,44.7,32.5,-17.2,2.0,19.3,7.5,-2.4,3.3,-1.2,6.4,-1.8,6.8,42.8,51.6,20.1,-1.8,4.5,15.2,19.8,-10.0,-5.8,4.6,13.4,3.7,1.9,50.5,25.2,-11.2,-3.4,6.9,9.7,10.0,14.8,-4.7,1.9,55.1,43.9,-3.7,1.9,23.4,-32.30769348144531,-31.428571701049805,-30.96774101257324,-7.420494556427002,-4.195804119110107,-1.1811023950576782,-6.1855669021606445,-11.203319549560549,-46.81528854370117,-21.1,8.9,-11.5,-0.1,13.8,-3.3,-1.8,-1.3,21.7,10.9,34.0,5.2,7.4,-2.8,-14.5,-9.4,-9.3,11.6,4.3,12.1,18.6,-1.2,-12.6,-4.1,19.5,18.8,41.0,0.9,9.5,5.2,-2.2,4.3,-33.3,-12.9,-13.1,-1.0,15.7,-13.8,34.9,-14.9,-11.7,14.9,18.1,-6.2,4.9,-30.4,6.2,-15.1,15.4,-12.4,3.0,-0.7,38.1,26.1,-6.5,25.4,7.9,-17.6,5.5,-46.2,72.2,26.8,44.1,3.9,-3.3,16.9,-26.9,57.5,37.6,50.6,16.9
2023-01-01,-5.0,-7.6,10.4,7.7,1.3,-3.9,24.5,31.4,-18.3,0.2,10.1,6.6,14.9,1.4,-4.5,-13.5,28.8,21.7,-3.3,-6.5,10.1,8.2,3.7,14.7,-1.5,14.8,1.1,1.9,42.8,47.5,22.8,3.4,10.3,18.0,23.1,-24.4,-17.6,-7.5,2.3,4.5,0.9,33.0,18.8,-14.3,-9.0,7.1,7.5,13.1,10.7,3.6,0.9,45.5,33.9,-4.5,4.5,22.3,-9.712230682373049,5.504587173461914,-19.52662849426269,-7.868852615356445,11.764705657958984,7.83582067489624,-15.2380952835083,-1.2145748138427734,-49.26686477661133,-9.4,0.3,-5.3,-6.2,17.9,-8.9,-7.2,-0.5,20.3,9.9,30.4,3.6,5.8,10.8,-3.2,-12.9,-9.1,15.7,14.5,15.2,20.5,-1.1,-4.5,-12.3,13.9,11.3,44.0,5.9,19.5,15.1,5.4,8.1,-18.7,-2.0,-13.4,2.6,22.7,-5.5,31.9,-0.6,-5.9,2.9,26.8,-0.8,7.0,-16.6,0.9,-8.3,7.9,-14.3,5.4,6.5,23.4,21.4,-3.3,21.5,15.0,-21.4,3.8,-41.8,65.6,29.8,47.0,3.3,-2.2,21.0,-27.3,55.6,36.7,49.7,19.0
2023-02-01,-19.9,-12.8,5.5,5.6,12.7,-11.6,26.0,16.9,-16.5,-5.7,2.5,7.8,5.1,10.5,-1.6,-21.2,23.8,21.3,-13.4,-2.8,7.5,15.0,3.6,11.4,2.0,14.0,3.0,9.6,42.4,49.5,28.6,-6.6,7.7,25.6,23.3,-8.5,-7.0,1.8,-8.4,6.4,-9.2,45.0,28.4,-9.2,-9.4,13.4,8.0,10.4,7.7,-12.8,-10.1,49.5,38.5,-6.4,10.1,18.3,0.0,18.75,-11.60221004486084,-15.838508605957031,11.428571701049805,-3.1802120208740234,-6.363636493682861,-1.14503812789917,-32.40997314453125,-15.3,-3.2,-13.8,-5.6,-2.2,-3.0,-13.3,3.3,24.8,16.1,32.8,4.9,-5.5,-1.8,-18.1,-17.8,-3.2,21.1,10.2,17.9,23.9,-1.0,-5.0,-9.4,25.3,24.5,37.7,4.9,15.1,9.9,-1.1,0.0,-18.7,-20.8,-19.1,6.6,16.8,-12.7,33.3,-21.1,-2.1,8.6,16.9,1.2,9.5,-16.8,10.8,-7.9,15.4,-0.1,9.2,9.9,39.4,32.1,-5.7,25.8,13.5,-12.8,5.8,-34.9,69.0,33.7,56.7,5.3,8.2,20.8,-4.1,49.1,27.7,47.3,17.5
2023-03-01,-21.9,-30.6,-24.0,-4.9,-9.5,-22.9,25.3,11.8,-20.1,-19.2,-8.9,4.0,7.2,9.3,-12.4,-23.9,28.9,8.6,-14.0,7.4,-5.3,2.5,-12.5,10.5,-2.7,3.7,-2.6,8.4,26.0,41.7,16.5,-3.3,7.8,19.1,15.1,-13.9,-11.1,-5.6,-5.9,-1.9,-7.6,41.9,22.9,-6.7,-14.7,3.5,4.5,10.4,3.0,-11.4,-7.6,31.4,27.6,5.7,6.7,13.3,-5.11945390701294,0.0,-8.823529243469238,-12.302839279174805,0.0,-11.70212745666504,-26.851852416992188,-9.302325248718262,-37.28813552856445,-17.5,2.6,-14.2,-9.6,10.3,6.6,-9.3,0.2,19.7,6.6,29.8,2.5,1.3,2.8,-14.0,-15.1,-11.1,13.3,5.6,12.4,16.1,0.0,-4.7,1.3,24.8,18.6,40.3,-0.6,8.6,17.0,-8.3,-1.0,-27.6,-0.1,-14.4,-6.2,6.2,-9.2,29.0,-9.7,-10.9,4.1,18.7,-0.4,4.9,-17.5,15.0,-9.6,4.2,-12.1,19.0,9.5,20.0,27.0,-1.9,5.1,-0.1,-10.1,6.7,-38.8,64.8,33.1,49.7,7.9,6.8,15.7,-11.8,55.8,32.2,42.1,12.3
2023-04-01,-33.4,-23.5,-10.0,1.5,-15.5,-20.1,10.5,1.2,-13.3,-5.4,-2.8,7.1,12.5,7.2,-7.7,-28.1,21.6,13.3,-14.9,-0.2,-6.3,-17.6,-24.6,-0.9,-4.7,9.7,-4.2,3.8,40.1,38.2,19.0,-1.3,6.5,20.0,14.8,6.4,17.0,15.1,-4.8,8.2,0.0,33.0,23.7,0.0,-5.1,11.6,12.2,11.8,12.9,-5.2,-2.1,37.1,29.9,-3.1,5.2,16.5,-34.61538314819336,-50.84745788574219,-23.214284896850582,-15.584416389465332,2.027027130126953,-6.451612949371338,-31.93548393249512,-19.54022979736328,-56.85131072998047,-24.5,0.3,-9.8,-3.8,7.8,-3.7,-11.9,-0.9,19.4,7.9,37.3,-3.2,1.9,1.6,-16.1,-11.8,-17.4,2.4,7.8,7.0,23.2,1.3,-5.9,-0.2,7.8,1.3,29.6,5.1,3.5,14.7,-4.2,2.7,-26.6,2.9,-16.9,1.8,16.9,-0.9,38.1,-2.3,-6.5,3.6,9.0,-1.0,4.3,-21.2,14.5,-11.9,4.6,-2.8,24.4,15.7,43.4,38.6,-5.0,22.6,3.3,-9.8,0.0,-47.7,59.5,22.0,41.0,6.9,-0.6,11.9,-18.4,48.2,25.1,40.7,14.3
2023-05-01,-10.0,-4.5,-3.3,-4.8,4.6,-12.6,14.1,-1.3,1.2,-5.6,-11.5,-3.7,1.6,11.6,-8.1,-31.7,29.2,25.1,-11.8,-2.0,0.9,-6.1,1.3,6.6,1.8,13.7,0.2,4.1,34.7,42.5,21.7,-4.5,8.9,20.8,21.2,-26.6,-22.8,-12.2,-2.1,-12.3,-5.7,34.9,23.6,-13.2,-5.0,10.2,18.5,17.0,10.6,-13.2,-7.5,33.0,26.4,-11.3,1.9,0.9,-21.12676048278809,-20.86956596374512,-21.30177497863769,-14.469453811645508,-7.973421573638916,-7.473309993743896,-16.504854202270508,-13.74045753479004,-53.66569137573242,-29.6,-1.3,-16.1,-2.7,9.4,1.1,-16.1,-7.1,13.4,-0.2,25.3,-1.1,-6.3,-4.3,-22.8,-20.0,-12.3,12.4,4.6,11.5,25.1,-11.6,-8.7,-7.9,4.3,4.7,36.1,-3.1,11.9,4.0,-3.9,-2.5,-21.3,-2.8,-9.2,-2.9,8.4,-5.2,24.2,-2.0,-2.0,17.8,21.0,-9.0,11.4,-25.9,-4.4,-13.3,-11.6,-11.8,12.4,2.9,18.3,16.0,-4.4,1.7,4.2,-16.8,5.0,-45.8,60.1,27.7,40.4,9.0,10.1,17.7,-18.4,51.1,32.9,40.3,13.1
2023-06-01,-13.9,-9.1,12.4,-0.3,-2.7,-14.6,13.7,5.6,-20.3,-9.7,9.9,15.0,28.3,10.5,-16.4,-10.8,23.9,19.0,-8.9,1.4,11.3,-7.1,-15.6,-8.5,-3.7,-14.3,-5.5,-18.9,25.2,23.7,-5.4,-7.5,5.0,7.5,16.5,5.2,-0.4,19.0,-1.9,-6.0,-1.0,22.0,9.0,-8.0,-4.8,15.0,11.8,15.4,14.4,5.0,-12.0,26.0,17.0,-11.0,1.0,8.0,-41.95804214477539,-37.16814041137695,-45.08670425415039,7.692307472229004,-9.803921699523926,-8.540925025939941,-29.33753967285156,-10.150376319885254,-39.01734161376953,-24.0,-4.4,-16.5,-16.8,1.9,-4.7,-9.2,-4.7,1.0,-2.8,25.2,-4.2,-6.5,-0.4,-9.8,-23.5,-4.9,24.3,17.2,25.8,27.1,-12.5,-3.0,-1.4,4.8,2.5,34.9,3.2,19.3,17.6,1.9,10.1,1.7,-6.6,-1.4,12.3,14.4,-4.4,26.5,-11.7,-1.2,5.9,17.2,2.0,13.2,-0.5,17.0,6.8,0.0,-4.9,19.1,5.9,17.6,29.4,-0.4,8.8,8.4,-5.2,8.6,-35.6,50.0,22.8,35.6,-3.5,14.4,16.5,-5.7,50.9,27.4,37.1,6.5
2023-07-01,-14.5,-15.7,-12.2,-2.8,-1.0,-16.3,14.3,18.6,-13.9,-3.9,17.9,31.6,31.6,16.0,-4.6,-2.8,31.0,23.9,6.5,13.9,7.6,2.5,-11.1,4.5,-3.9,13.6,4.8,3.6,41.3,39.0,9.1,-10.9,3.6,24.7,37.9,-6.9,-4.1,2.8,3.0,-10.8,-6.9,16.7,3.9,-8.8,-1.0,16.4,13.7,14.3,13.4,-4.9,-10.8,26.5,22.5,-9.8,-5.9,2.9,-21.12676048278809,-32.77310943603516,-10.909090995788574,-12.745098114013672,-16.66666603088379,-27.17391395568848,-26.41509437561035,-10.305343627929688,-14.868803977966309,-20.6,-4.7,-17.6,-1.9,9.5,-1.2,-14.0,-11.5,10.5,2.0,19.0,4.2,-2.6,-3.1,-15.4,-19.5,3.9,15.4,19.7,16.3,21.2,-5.1,2.3,-5.2,14.3,11.6,42.5,3.6,11.6,24.2,6.4,12.2,-17.0,-1.9,-10.5,3.2,8.2,-11.9,20.2,-4.9,-7.3,13.3,10.7,-1.6,-0.1,4.0,13.7,5.4,17.7,-3.7,10.6,14.8,17.0,25.2,-7.8,11.3,4.4,0.0,6.0,-28.1,50.6,21.8,33.1,0.0,22.3,21.1,-7.8,48.8,27.5,39.5,13.0
2023-08-01,10.6,8.6,3.0,-4.5,-7.5,-9.5,20.2,12.7,-9.0,1.5,8.6,21.9,19.4,11.0,-3.2,-11.5,50.6,37.6,4.5,7.2,-1.3,-2.1,-14.3,-1.7,1.1,10.6,-0.6,1.0,35.2,39.8,14.7,-7.7,6.6,17.0,26.5,-13.4,-11.2,-2.4,-0.4,-9.7,1.9,25.2,12.6,-6.8,-4.3,19.4,25.7,29.0,21.6,1.9,-2.9,37.9,18.4,5.8,-1.0,13.6,-12.67605686187744,-14.754097938537598,-11.11111068725586,-18.627450942993164,-13.680781364440918,-23.82671356201172,-29.813663482666016,-2.334630489349365,-33.81502914428711,-18.3,-11.4,-15.7,-15.3,4.0,-6.9,-13.5,-4.9,16.5,1.0,34.8,-4.0,-4.0,-9.7,-16.8,-12.1,-3.0,6.0,3.4,5.1,12.5,-15.9,-12.8,-3.7,21.6,2.5,39.3,-1.8,2.6,14.2,6.2,0.4,-3.0,-1.1,-5.5,3.2,15.7,0.8,26.3,1.4,-9.6,16.8,19.0,-1.5,3.5,6.7,19.8,4.5,15.6,1.0,9.1,11.3,32.8,32.8,0.4,20.7,11.9,0.6,5.4,-24.3,56.3,24.6,38.9,-0.6,20.7,21.1,4.2,48.5,30.3,44.2,21.7
2023-09-01,-14.2,-8.8,-0.9,-6.3,6.6,-16.8,19.3,7.9,-8.8,7.5,14.1,27.6,30.5,6.7,-2.8,-9.0,42.9,35.2,-1.7,-0.7,4.8,-2.1,-4.2,-6.7,-5.0,8.1,-3.1,7.5,38.6,40.0,6.3,-1.8,6.8,17.4,10.0,-6.3,-4.7,4.2,-3.1,-6.2,2.1,25.8,19.6,-5.2,-8.2,24.7,29.4,28.1,14.3,0.0,4.1,37.1,28.9,5.2,0.0,10.3,-19.21708297729492,-19.35483932495117,-21.01910972595215,-18.387096405029297,-20.06369400024414,-19.01408576965332,-24.84662628173828,-8.108107566833496,-36.96274948120117,-18.8,8.5,-4.9,-0.9,13.4,-6.9,0.8,-1.7,25.0,1.2,34.9,4.8,7.4,-7.2,-15.9,-7.2,-16.5,10.6,11.0,9.7,12.8,-7.3,-10.8,-8.6,22.8,14.9,36.8,-2.6,6.0,11.6,-3.8,2.7,-9.4,-4.4,1.0,0.9,9.9,-10.2,29.7,-8.9,0.9,14.5,18.3,2.5,12.8,-1.3,9.6,14.8,4.5,4.8,6.6,17.5,29.4,34.9,7.5,13.8,5.2,-3.0,3.6,-27.4,56.4,20.7,41.2,6.1,13.9,23.6,-1.2,49.7,30.2,47.8,18.1
2023-10-01,-15.7,0.4,5.8,1.2,-6.9,-24.3,18.8,9.0,-16.4,-3.2,8.9,19.5,8.3,6.8,3.5,-18.1,45.4,44.6,-7.1,-1.4,-3.3,-6.3,-16.0,-8.1,-3.6,9.2,1.7,6.2,34.5,42.2,3.2,-7.6,5.0,17.9,20.0,-4.5,-8.7,2.9,1.2,-2.1,-6.4,25.5,11.7,-19.1,-5.0,19.8,17.1,14.5,19.0,5.3,-4.3,28.7,16.0,-5.3,5.3,9.6,-38.49056625366211,-44.73684310913086,-29.80132484436035,-19.45392608642578,-10.067113876342772,1.0989011526107788,-27.9069766998291,-3.6290323734283447,-46.01227188110352,-20.2,4.8,-8.5,-1.7,6.5,-5.3,-12.2,-7.9,13.6,-2.4,23.8,-2.2,4.4,2.0,-15.4,-15.8,-7.7,19.3,13.1,22.4,10.9,-4.6,2.7,-4.4,29.8,26.4,40.9,5.2,12.4,14.9,-3.9,8.7,-22.2,-18.0,-13.4,-12.8,15.5,-22.9,26.7,-10.5,-12.0,-2.6,3.0,-4.5,2.4,-9.7,10.5,-4.3,5.0,-11.7,-7.4,2.0,27.1,22.2,-3.6,16.6,3.9,-19.1,8.9,-35.9,53.8,18.1,39.5,5.1,1.9,16.9,-25.5,41.2,29.1,44.4,8.5
2023-11-01,-6.8,-2.7,-14.7,-2.2,-4.2,-7.4,13.2,8.9,-10.6,-12.0,0.1,12.9,15.1,3.1,0.9,-19.5,35.5,32.3,-6.5,2.2,-1.9,-2.8,-8.1,9.5,-4.1,13.6,0.2,0.6,35.2,38.2,16.3,-5.9,2.5,7.1,21.3,-2.5,-12.1,-0.3,-7.4,9.1,-6.1,22.2,11.1,-23.2,-8.8,1.8,10.1,18.9,14.8,-10.1,-9.1,32.3,32.3,0.0,12.1,3.0,-30.952381134033203,-25.714284896850582,-34.693878173828125,-27.17391395568848,-21.428571701049805,-14.007782936096191,-29.681978225708008,-12.711864471435549,-28.938907623291016,-21.0,-6.9,-19.4,-9.5,3.8,-2.2,-18.0,-8.1,12.3,-7.0,20.0,-5.8,-10.6,3.8,-17.5,-24.3,-15.0,13.1,9.2,19.0,11.4,-10.3,-6.6,-3.3,28.3,24.2,38.3,-0.8,13.4,13.2,-8.6,6.8,-11.7,-12.7,-11.6,5.2,12.5,-12.4,25.5,-6.3,-4.8,8.0,9.6,4.5,-5.5,-13.6,6.7,-5.7,16.3,0.5,3.9,1.8,32.7,21.1,-6.2,28.3,-1.5,-11.9,3.8,-37.1,55.1,19.7,31.6,8.9,1.9,13.9,-17.0,54.8,34.8,52.6,15.2
2023-12-01,-7.9,-21.4,-7.7,-4.1,-5.2,-20.3,20.8,11.3,-9.0,-2.4,14.5,21.2,19.4,0.8,0.8,-9.0,22.6,25.3,8.0,0.1,-4.2,7.0,-4.2,14.7,-1.2,8.4,-0.4,-0.5,31.9,31.8,10.3,5.4,-0.7,9.9,20.1,-13.8,-14.2,-7.6,-9.7,-5.2,-15.6,16.7,11.5,-24.0,-1.1,13.2,16.9,18.1,10.9,9.4,-1.0,25.0,27.1,5.2,10.4,4.2,-15.85365867614746,-5.940593719482422,-22.758621215820312,-29.545454025268555,-11.363636016845703,-23.26530647277832,-4.477612018585205,-19.91150283813477,-15.202703475952148,-10.6,1.7,-10.5,-5.3,-2.4,-5.4,-10.2,-3.2,18.0,6.3,25.2,-0.2,1.1,2.8,-9.7,-22.6,-9.0,12.8,14.6,14.6,7.1,-3.4,-6.5,-0.5,26.1,27.0,34.1,4.0,13.3,10.3,1.2,5.9,-24.3,-2.5,-8.4,3.9,12.2,-6.3,32.7,-5.4,0.2,10.5,12.3,7.0,5.6,-5.0,24.9,-1.1,19.2,5.9,16.1,18.3,34.0,24.0,6.8,16.4,14.6,-14.6,-1.2,-38.4,46.9,23.1,25.9,1.3,12.2,18.0,-7.4,48.8,36.5,52.2,5.0
2024-01-01,-4.7,-11.8,-4.1,-2.8,-13.9,-25.9,13.4,13.6,-19.2,-3.2,4.2,13.1,9.5,2.5,-3.5,-4.2,35.3,20.6,13.0,6.6,7.8,6.5,-2.8,7.0,-0.7,13.5,7.7,6.0,36.7,34.7,5.9,1.7,1.2,19.1,25.2,-34.0,-35.0,-16.4,-8.4,-7.4,-8.4,23.2,9.5,-24.2,-4.6,18.0,22.9,21.4,17.7,5.3,11.6,40.0,32.6,16.8,14.7,13.7,9.375,14.018691062927246,8.053690910339355,-14.079421997070312,13.186813354492188,-10.588234901428224,-13.684210777282717,5.217391490936279,-6.709265232086182,-28.3,-15.8,-13.4,-16.8,-9.7,-2.2,-13.1,-8.1,20.2,0.1,20.7,-12.2,-15.0,4.0,-18.5,-14.7,-10.6,21.8,20.5,21.2,14.4,4.6,-2.2,-3.0,24.9,18.4,35.0,-3.0,16.3,8.6,4.3,13.2,-25.0,-28.5,-18.5,-8.3,7.2,-23.3,32.4,-16.5,-16.8,9.0,8.1,-4.1,2.4,-9.1,18.9,-1.1,0.0,1.9,3.8,11.0,39.2,25.7,11.9,21.2,11.0,-9.7,-6.5,-30.3,45.2,24.7,41.9,4.5,24.5,24.2,5.2,40.5,27.6,49.7,13.1
2024-02-01,2.5,-4.8,7.4,-8.9,-3.5,-18.7,17.8,8.1,-10.3,-2.3,10.8,24.2,25.3,6.0,-18.6,-6.1,41.0,29.9,0.8,8.7,11.4,3.8,-3.1,8.9,-9.3,8.6,-2.8,-2.4,33.6,30.3,3.1,8.4,2.3,13.1,22.6,-5.5,-5.5,4.2,-1.8,-9.6,-3.2,33.0,17.0,-9.6,-2.2,20.6,26.7,25.1,15.7,3.2,7.4,35.1,23.4,12.8,11.7,11.7,-5.769230842590332,5.504587173461914,-13.9072847366333,-27.659574508666992,-5.357142925262451,-8.235294342041016,-2.040816307067871,-5.1724138259887695,12.5,-13.3,2.1,6.1,1.6,5.6,1.1,-13.2,-8.4,16.1,1.3,20.4,-6.6,-1.5,4.7,-5.5,-4.9,5.6,23.2,25.3,25.6,16.1,-3.5,4.1,-3.0,20.5,22.7,34.7,4.4,21.3,17.4,12.9,19.2,-17.6,-5.9,-6.9,2.6,3.1,-12.8,21.8,-11.8,-4.3,18.4,13.0,4.9,12.3,-0.9,8.1,5.0,5.3,-8.2,8.3,8.9,14.0,22.2,5.3,2.0,5.2,-7.3,-0.6,-24.2,50.6,24.5,46.7,7.9,30.1,22.1,15.2,34.6,22.4,35.8,16.0
2024-03-01,4.9,4.7,9.4,-8.0,4.9,-14.2,8.4,7.2,-3.0,-1.0,34.9,46.7,40.1,7.2,10.3,3.9,39.7,35.3,10.8,2.4,18.8,0.8,-4.1,4.1,-2.6,3.2,-4.7,2.2,34.1,28.1,14.8,-4.4,1.6,8.2,23.6,-9.0,-5.8,1.9,-4.1,-12.9,-1.0,28.7,17.8,-10.9,-5.3,21.9,27.1,30.4,20.0,5.0,6.9,35.6,32.7,9.9,14.9,11.9,2.429149627685547,2.884615182876587,2.0979020595550537,-10.037175178527832,-8.045976638793945,-19.230770111083984,-16.071428298950195,2.702702760696411,16.27118682861328,-14.5,-3.4,-9.8,-14.0,2.0,4.7,-16.2,-6.7,22.3,11.8,20.5,-7.5,-5.0,1.7,-13.3,-19.0,1.4,33.3,25.5,23.4,18.5,-9.9,0.1,0.4,26.5,17.3,42.1,-0.5,26.5,13.2,13.5,20.0,-15.1,-4.0,-5.9,-4.6,3.5,2.3,26.3,6.1,-5.9,15.7,22.8,1.8,4.3,8.2,32.7,16.6,20.0,-1.3,15.7,14.7,39.5,40.5,8.3,28.6,11.1,0.6,0.6,-26.4,55.1,27.8,43.8,-0.6,29.8,14.8,13.6,45.0,30.4,32.5,13.0
2024-04-01,7.1,7.6,12.9,-8.9,-7.6,-9.0,23.2,7.5,-0.6,-16.7,30.1,38.8,27.7,12.1,0.1,-0.1,52.1,34.4,11.9,14.9,18.0,13.7,1.9,10.2,2.3,9.8,4.0,-2.0,28.9,30.9,11.9,6.9,-3.5,5.4,35.7,-19.4,-24.2,-22.7,-1.2,3.4,-7.9,33.7,16.9,-10.1,-9.9,21.1,22.9,25.3,4.3,-11.2,-3.4,40.4,29.2,0.0,-4.5,6.7,-2.6315789222717285,-16.30434799194336,6.617647171020508,-11.627906799316406,-8.502023696899414,-9.90566062927246,-5.639097690582275,-4.455445289611816,0.0,-14.2,5.5,-3.1,6.3,0.3,-5.8,-5.7,-1.0,12.2,6.2,30.7,-1.8,6.0,10.5,-3.1,4.8,8.4,35.7,27.3,31.4,21.1,2.5,-3.2,-4.0,22.4,17.3,40.4,7.2,30.9,12.3,16.0,20.6,-17.4,-11.1,-7.0,0.2,-8.4,-12.3,12.2,-2.6,-12.3,-3.2,11.5,2.7,1.2,11.2,31.3,16.4,28.9,-0.8,4.1,8.4,25.5,35.0,2.8,19.6,13.6,-0.6,2.3,-19.0,53.4,22.7,33.3,4.0,31.3,14.2,10.2,47.6,25.7,33.7,4.8
2024-05-01,4.8,-3.0,-1.5,-6.7,-9.0,-2.4,20.7,8.8,-7.2,-8.0,27.9,31.9,39.3,21.3,3.3,13.4,35.5,34.0,24.2,14.5,18.9,7.6,-1.0,11.8,-1.9,4.0,2.7,7.5,40.3,27.0,8.5,2.6,9.1,14.5,11.4,-9.0,-10.4,3.4,-6.1,2.0,-9.1,28.3,14.1,-8.1,-6.9,14.9,18.6,14.0,8.8,-11.1,4.0,41.4,24.2,-2.0,0.0,2.0,-1.3452913761138916,3.0927836894989014,-7.142857074737549,-15.175097465515137,-21.86234664916992,-31.94444465637207,-34.482757568359375,-25.50000190734864,-7.342657089233398,-18.9,-2.0,0.6,-1.4,-5.3,-2.4,-2.9,-9.7,21.6,4.7,21.3,-3.3,-0.3,17.0,-10.1,-9.4,-3.0,17.9,14.9,17.1,14.5,-3.8,-0.5,-1.0,28.4,19.0,32.0,10.5,19.0,15.6,5.8,8.3,-28.2,-16.9,-15.4,-4.9,-9.8,-18.6,10.1,0.1,-3.8,2.5,14.1,-6.7,-2.8,-1.4,18.7,6.9,7.5,3.7,7.3,5.3,32.0,34.2,4.8,10.0,8.5,3.0,3.5,-25.6,57.6,22.4,33.2,2.5,20.6,22.3,1.5,48.9,27.8,34.6,12.3
2024-06-01,0.5,0.0,1.9,-2.5,-6.1,-7.7,23.8,14.3,5.1,1.1,14.4,17.8,3.8,17.8,-23.1,0.3,54.4,56.2,11.7,3.2,12.5,12.2,4.6,12.3,8.6,10.1,14.1,4.9,29.4,25.3,14.5,6.4,9.3,22.4,49.5,-7.7,-5.3,0.6,-6.9,1.0,-4.1,24.5,7.1,1.0,-9.0,25.8,27.7,25.9,8.8,-14.3,-8.2,37.8,22.4,-4.1,-8.2,2.0,-16.438356399536133,-29.34782600402832,-7.086614608764648,-17.17557144165039,-38.3720932006836,-27.2727279663086,-34.70149230957031,-1.530612230300903,-10.23890781402588,-14.6,1.5,1.2,4.8,-2.8,-2.5,-4.6,-3.5,23.0,15.5,24.6,-4.3,-3.0,0.9,-3.9,-3.4,13.1,27.8,31.6,30.1,12.6,-8.0,-2.0,-0.3,20.6,19.5,33.5,3.2,22.3,13.1,24.2,25.7,-21.6,-19.2,-16.8,-3.9,1.5,-16.0,9.6,-5.7,-8.2,0.8,13.4,-1.1,3.8,-6.6,16.5,1.5,9.8,0.4,7.4,12.2,23.1,30.4,-6.2,5.9,20.6,-4.7,9.4,-23.0,50.0,17.9,33.0,-3.2,15.7,20.9,-5.8,44.4,23.2,36.6,4.8
2024-07-01,12.8,18.4,26.4,13.9,-10.8,5.2,21.2,19.8,9.0,-2.5,34.3,33.0,30.3,20.4,1.1,4.1,57.3,41.4,8.5,16.2,9.9,-9.0,-5.7,-2.7,-1.3,-2.4,5.0,1.9,32.2,29.3,13.1,-2.6,7.5,14.5,30.3,-14.8,-7.4,-6.1,-7.5,-6.1,-9.2,26.5,6.1,-11.2,-1.1,28.2,24.2,28.1,6.4,0.0,-7.1,39.8,27.6,-4.1,-10.2,3.1,-9.05172348022461,-28.723403930664062,2.17391300201416,-24.44444465637207,-17.8438663482666,-25.301204681396484,-12.903225898742676,-26.08695602416992,9.966776847839355,-16.9,-0.4,-11.1,-14.0,7.4,-5.0,-26.3,-5.7,24.7,4.5,21.3,-13.2,-8.5,0.4,-15.0,-15.9,22.1,32.7,32.0,30.9,19.8,-6.9,-2.0,5.0,27.7,23.0,39.6,9.0,21.8,23.5,23.3,20.7,-17.3,-18.4,-19.7,-6.7,-2.5,-15.1,11.0,1.7,-12.1,-7.8,6.1,0.2,-2.2,17.2,29.6,9.7,16.2,3.8,20.1,-1.6,14.9,28.0,-0.8,8.6,23.6,-4.5,12.4,-25.4,48.6,17.7,35.0,-4.5,8.0,11.6,-5.1,44.8,16.4,33.3,3.5
2024-08-01,-3.3,10.5,5.3,-5.2,-4.6,13.2,23.7,12.9,1.7,-2.2,18.4,15.5,15.4,8.0,-9.6,-4.1,38.6,13.5,-6.9,10.2,13.6,6.7,-1.3,7.7,-1.7,-12.7,-0.2,3.0,31.4,28.1,10.6,0.1,-2.3,15.6,21.0,2.8,1.8,11.1,-5.3,-10.6,-3.2,23.4,8.5,-7.4,-11.1,22.5,22.5,21.6,14.2,2.1,-3.2,37.2,30.9,-1.1,-3.2,8.5,-2.5751073360443115,0.0,-6.25,-27.37226295471192,-38.60294342041016,-40.08097076416016,-21.352313995361328,-37.32057571411133,-5.033556938171387,-8.8,2.4,-2.1,3.0,-0.6,6.1,1.4,-1.6,29.5,9.6,22.3,-1.9,-0.5,15.7,-5.7,-4.5,12.5,34.6,32.2,31.9,22.9,3.9,7.9,4.8,24.7,21.2,38.5,9.5,33.4,21.1,19.5,19.0,-14.7,-6.3,-11.2,-5.9,0.6,-13.1,20.9,-10.5,-8.1,15.9,5.4,-18.6,1.0,1.9,12.8,3.9,9.7,-3.5,21.1,-3.5,26.7,17.0,-1.9,13.3,6.1,1.8,7.0,-25.0,50.3,16.0,33.3,3.0,8.7,9.3,-12.3,41.9,24.2,41.9,5.6
2024-09-01,0.9,1.0,-8.8,10.9,6.8,-2.9,29.3,20.0,-2.4,-7.9,18.9,27.7,30.9,20.3,9.6,0.3,50.9,36.0,20.3,17.2,23.8,3.0,-12.5,11.6,-1.9,1.0,12.5,2.7,34.3,21.0,7.3,3.6,-1.8,16.6,35.7,2.4,-0.9,8.8,-6.7,0.0,-1.1,23.2,7.4,2.1,-0.3,28.8,33.6,30.1,15.8,3.2,-3.2,44.2,30.5,3.2,-2.1,-2.1,-18.2186222076416,-16.30434799194336,-19.35483741760254,-24.125873565673828,-29.893239974975582,-36.14457702636719,-12.371133804321287,-19.44444465637207,1.910828113555908,-8.0,-2.1,-3.2,-4.8,3.1,-3.7,-17.6,-8.0,19.6,9.6,18.8,-2.1,-5.6,11.8,-2.6,-7.8,12.0,36.8,35.3,30.9,20.1,-5.0,2.6,11.1,25.9,17.5,42.5,4.7,35.9,24.3,11.6,30.6,-13.7,-9.0,-18.0,-7.7,2.4,-7.1,15.9,-0.3,-10.0,0.8,3.5,-4.7,6.9,-2.6,15.1,-6.9,2.5,-2.7,12.0,-5.9,24.5,22.3,-8.0,3.8,1.4,0.5,3.1,-23.3,45.3,22.5,35.4,3.7,15.2,13.4,-1.6,39.2,29.7,37.6,11.5
2024-10-01,6.0,11.9,6.4,-1.7,0.0,7.0,27.3,14.7,0.4,-11.5,35.4,40.6,43.9,27.1,4.1,12.2,48.9,42.3,24.5,25.6,25.0,22.0,13.0,28.0,5.6,9.9,7.9,13.2,33.5,31.6,20.7,2.5,5.6,15.4,38.2,-11.5,-14.7,-0.7,2.2,-7.5,-3.2,29.0,10.8,-2.2,-1.8,34.5,35.3,35.7,17.3,-1.1,8.6,43.0,32.3,5.4,4.3,9.7,-10.1694917678833,0.0,-18.49315071105957,-29.7794132232666,-42.37918472290039,-44.49152755737305,-10.75268840789795,-21.844661712646484,9.803921699523926,-1.5,15.5,-1.6,3.8,-4.8,2.3,-17.1,-12.2,17.7,8.7,23.6,-4.9,5.7,4.6,1.2,-10.9,29.8,43.9,38.4,41.1,29.9,-4.9,2.6,5.2,28.8,19.7,41.0,14.1,42.7,13.9,34.3,27.9,-18.8,-11.6,-10.8,-3.8,-2.1,-9.4,18.3,-16.9,1.0,8.0,3.2,-2.6,-1.5,24.6,24.4,25.1,21.0,5.0,16.4,6.4,40.0,25.9,0.5,28.9,13.1,-2.2,4.4,-26.0,47.8,19.0,28.3,8.9,17.3,14.2,4.9,51.1,32.8,51.4,20.2
2024-11-01,-4.4,5.4,1.7,6.3,3.2,-1.0,25.7,11.7,6.8,16.3,53.9,63.2,50.1,34.7,5.7,10.5,62.3,48.1,26.3,18.8,25.7,6.5,-2.5,4.1,3.6,5.2,10.8,4.8,31.8,22.7,2.6,-0.6,9.1,19.9,44.7,20.2,20.7,21.4,-1.8,1.0,3.1,27.8,12.4,-10.3,2.8,35.8,36.1,35.4,22.2,11.3,7.2,48.5,41.2,5.2,3.1,13.4,-3.982300758361816,-6.976744174957275,-2.142857074737549,-20.37735748291016,-15.116278648376465,-28.94736862182617,-16.853933334350586,-26.42486953735352,25.0836124420166,-1.7,0.1,-9.6,-3.8,4.9,-14.1,-13.7,-5.4,30.0,9.8,18.9,0.7,-3.6,7.6,10.2,-11.8,31.0,45.2,46.7,39.9,26.8,-5.1,10.9,-3.5,32.1,27.8,42.2,11.9,35.6,14.2,36.2,38.6,9.6,4.3,12.1,5.8,-0.4,8.2,8.6,9.4,9.9,17.8,17.3,1.1,13.7,27.0,25.3,28.5,20.5,5.1,2.0,16.7,22.3,28.0,1.5,20.0,19.0,-0.5,5.1,-21.5,46.2,16.8,29.7,5.7,23.7,17.9,17.5,46.6,27.4,48.4,13.8
2024-12-01,-10.9,-3.6,1.7,4.8,-3.8,9.2,26.6,5.6,18.3,-3.7,33.8,52.1,48.8,32.6,18.5,7.1,58.3,54.9,15.3,21.0,22.2,4.6,-4.6,3.2,5.0,3.2,8.9,5.7,42.3,30.8,23.3,-3.4,14.5,21.5,40.6,2.1,4.3,9.1,-6.6,10.5,-7.4,21.1,4.2,-8.4,-2.3,26.9,28.3,33.0,14.1,14.7,5.3,42.1,28.4,8.4,9.5,11.6,11.94690227508545,3.296703338623047,17.77777862548828,-36.9402961730957,-43.51144790649414,-28.205127716064453,-3.396226406097412,-7.77202033996582,43.58108139038086,4.5,5.3,1.5,0.7,0.4,1.1,-6.5,-2.5,12.1,-2.6,17.9,-0.5,-0.9,10.9,12.3,-3.1,20.6,34.1,37.6,35.9,29.3,-1.3,1.7,2.1,25.1,25.9,39.6,12.1,34.0,23.3,18.8,29.0,4.8,17.2,7.8,0.4,6.9,19.2,13.5,11.6,-1.8,2.2,12.2,4.2,2.5,22.3,32.6,29.4,17.2,4.6,21.4,10.3,41.3,34.6,5.8,36.9,13.7,-5.2,-1.0,-23.7,47.7,11.7,29.4,2.1,28.0,15.1,11.9,54.1,34.1,52.4,9.2
2025-01-01,44.3,42.9,41.0,11.9,11.7,6.8,31.9,29.7,24.0,20.5,46.3,57.3,60.2,40.4,20.2,0.5,67.3,53.6,14.5,14.9,39.0,2.2,1.6,2.6,18.1,1.5,-0.3,4.0,24.5,28.9,-0.3,-0.5,4.3,10.8,25.8,-12.6,-8.6,-1.7,1.2,5.8,3.5,29.1,9.3,-4.7,-15.1,36.7,34.2,28.8,13.8,1.2,11.6,54.7,43.0,18.6,19.8,15.1,-1.3157894611358645,12.76595687866211,-11.194029808044434,-34.04255294799805,-20.879121780395508,-34.32203674316406,-5.639097690582275,-3.0927836894989014,24.08026885986328,14.1,12.2,7.7,8.7,2.2,-8.5,-4.7,-4.0,17.5,6.2,20.9,1.9,5.0,13.0,18.7,1.0,35.5,44.8,46.3,47.8,27.7,-4.0,12.9,3.7,39.9,35.6,36.7,9.2,41.9,27.3,36.1,43.0,-4.5,-19.0,7.7,-9.1,18.5,-7.0,32.2,-7.1,-4.8,11.5,12.2,6.4,6.4,19.4,51.6,22.0,33.4,-1.0,12.2,28.9,35.1,31.9,0.9,15.7,17.3,-5.6,-1.5,-21.8,48.5,19.4,33.8,0.0,30.3,19.6,13.2,54.8,35.7,43.6,12.4
2025-02-01,18.1,21.9,26.3,5.3,-0.4,12.4,40.5,32.9,1.4,2.9,27.8,33.1,36.5,23.7,16.4,-1.2,58.6,46.1,11.0,11.6,14.0,-12.9,-1.3,-12.7,-7.9,2.5,12.4,-7.5,25.3,23.4,-1.1,4.4,7.0,12.4,13.8,5.7,11.4,14.2,-3.6,8.7,5.4,40.2,19.6,1.1,-1.2,22.2,17.8,22.7,11.2,-2.2,8.7,56.5,42.4,9.8,18.5,10.9,-7.3469390869140625,3.0303030014038086,-14.38356113433838,-31.0,-41.522491455078125,-32.39999771118164,-20.43010711669922,-17.14285659790039,3.7617554664611816,-8.3,-9.1,-3.5,5.6,-0.7,-9.1,-9.9,-6.3,35.0,7.8,16.7,-14.2,-8.7,8.6,-5.2,-7.5,7.7,28.3,25.8,32.1,16.5,4.8,-1.4,0.5,59.0,42.0,39.5,8.8,28.4,21.1,13.9,19.6,-4.9,2.1,-3.2,-1.5,16.1,15.0,27.9,7.4,-0.4,-4.8,15.0,2.8,6.8,3.7,34.1,14.2,28.2,-0.7,-5.4,20.9,41.1,28.5,4.7,28.9,5.8,-10.5,-5.7,-35.6,51.3,27.4,41.8,-3.7,21.6,10.7,-3.6,57.0,37.3,32.6,1.6
2025-03-01,12.5,8.7,2.0,19.7,-5.7,4.1,48.3,29.8,0.6,8.7,5.6,2.3,11.3,17.3,10.0,3.9,44.6,39.7,-0.6,0.0,13.4,-17.5,-19.5,-4.7,-6.5,-7.5,3.5,1.5,21.6,36.0,8.4,-2.8,2.1,1.4,-19.8,-20.0,-14.9,-8.5,-4.1,13.3,1.0,44.9,22.4,-2.0,-2.5,12.7,15.5,23.0,8.2,-6.1,3.1,58.2,38.8,7.1,8.2,9.2,-3.6734695434570312,18.367345809936523,-18.36734771728516,-15.05016803741455,-36.97183227539063,-36.88524627685547,-26.27737236022949,-25.471698760986328,-33.855796813964844,-16.3,6.0,-0.1,6.1,-4.6,7.2,-8.3,3.4,37.7,6.3,16.0,-2.9,-2.3,-0.6,-10.7,-8.1,-6.6,27.6,28.6,21.7,17.6,-1.3,-1.9,-7.9,53.2,27.6,27.2,1.2,16.3,10.1,4.2,18.1,-2.9,-5.8,-4.9,10.2,4.8,-11.0,24.4,-1.6,-5.0,-1.0,12.3,-2.2,7.6,6.9,18.6,-5.4,9.4,-7.7,9.9,16.4,35.0,12.3,2.5,26.8,16.7,-19.3,-4.7,-51.7,58.8,28.7,35.8,-4.3,-3.3,3.8,-26.9,63.3,35.9,26.9,-3.9
2025-04-01,-26.4,-34.2,-9.1,0.2,-0.9,-2.6,51.0,30.7,-1.1,-12.7,6.9,6.6,5.0,-0.6,-0.2,0.2,63.1,67.7,11.4,-1.2,2.0,-26.7,-6.9,-7.8,-13.1,-7.2,-7.9,-6.2,37.3,46.5,-0.1,-11.7,-4.2,6.3,-23.0,-8.1,-8.8,-2.9,-2.6,7.4,0.0,50.8,28.7,4.1,-9.1,-7.4,-6.6,-4.8,3.4,-15.6,1.6,65.6,45.9,-7.4,-4.1,1.6,-19.43319702148437,-9.0,-28.571428298950195,-32.179931640625,-35.036495208740234,-22.31405067443848,-25.55555534362793,-25.35211181640625,-54.01929473876953,-35.8,5.1,-20.0,-5.5,-3.9,4.6,-13.4,-9.3,48.4,14.9,14.3,-6.4,-3.8,-0.4,-28.3,-22.0,-15.2,14.8,10.1,13.2,13.1,-16.5,-6.1,-7.3,47.6,29.6,22.5,0.2,11.5,7.6,-6.0,9.5,-14.8,2.3,-25.0,-8.1,21.3,4.7,34.9,-2.8,-3.8,-2.4,1.0,-7.2,-2.5,-24.2,0.1,-25.1,40.5,-14.5,-3.7,-0.3,49.7,17.2,-16.7,8.6,-12.5,-19.8,1.3,-60.7,57.6,26.0,34.8,-3.5,-26.6,-5.4,-50.0,71.8,31.5,22.7,-21.7
2025-05-01,-4.0,7.5,-13.0,16.5,9.7,-9.2,59.8,43.6,4.9,2.0,47.2,49.7,51.1,23.0,5.3,8.3,61.6,50.0,3.3,22.2,27.0,-16.3,-16.3,-5.5,-12.1,11.3,-11.9,-4.8,27.8,29.6,4.0,5.2,-3.3,-0.7,11.6,-9.2,7.0,3.5,-5.1,4.8,1.0,59.0,22.9,4.8,-3.4,-2.0,-2.7,-3.4,11.6,1.9,3.8,66.7,35.2,-9.5,-4.8,-6.7,0.0,-21.42856979370117,15.107913970947266,-11.029412269592283,-34.35114288330078,-22.27074241638184,-17.307693481445312,-27.14285659790039,-24.74226760864257,-15.3,0.9,-8.7,0.5,3.5,-1.3,-9.3,-2.2,40.7,15.1,15.0,-3.6,-1.5,2.1,-11.3,-16.4,1.3,31.1,21.3,21.3,13.6,-8.2,-1.4,-1.6,39.8,28.2,16.0,-0.8,22.1,24.0,5.6,10.9,-23.7,-30.5,-25.3,-8.1,5.2,-35.8,21.3,-25.2,-3.8,-10.7,-1.1,-3.6,-2.3,-1.3,13.7,-3.3,18.7,-1.4,0.1,11.0,47.7,26.2,2.8,13.7,16.5,-16.2,-0.5,-51.7,58.5,20.7,28.3,-8.3,-28.1,-4.1,-45.9,73.3,38.1,23.5,-14.0
2025-06-01,-4.0,2.3,8.3,-9.8,3.6,13.6,41.4,29.5,9.3,-1.6,18.3,22.1,27.9,24.6,3.6,24.5,68.9,52.5,18.9,13.4,14.5,-17.3,-20.1,3.4,-5.8,-2.1,0.1,9.0,25.7,29.7,2.2,3.8,6.5,17.3,12.3,-16.0,-14.2,-7.2,4.7,0.9,1.8,46.8,26.6,-8.3,-1.5,21.2,26.1,23.0,10.4,-14.7,-9.2,59.6,41.3,-3.7,-1.8,-7.3,-2.643171787261963,6.521739482879639,-6.666666507720947,-22.265625,-47.43082809448242,-29.7297306060791,-20.238094329833984,-17.733991622924805,-35.48387145996094,-12.7,1.3,-7.3,-7.3,5.7,-11.3,-12.1,-7.9,43.0,26.1,13.4,-8.4,-1.0,10.9,-8.9,-17.2,14.4,22.6,22.8,27.3,15.4,-2.6,-6.9,-0.5,39.9,27.3,32.1,-4.5,20.8,16.9,16.4,15.3,-24.4,-29.5,-24.2,-9.0,14.1,-24.0,17.5,-16.0,-14.1,-2.8,-3.3,-4.9,6.9,-3.2,19.1,4.3,3.2,-12.3,9.6,13.4,23.1,27.5,-8.1,24.4,19.0,-13.2,-2.5,-48.3,66.5,21.0,19.4,-12.6,-9.3,6.2,-28.3,65.6,35.9,29.7,-8.7
2025-07-01,15.9,18.4,23.7,10.3,-1.3,-4.7,58.8,34.8,5.7,0.4,21.5,30.0,23.6,20.1,10.7,10.4,75.3,59.4,18.4,12.4,17.1,10.2,9.7,11.8,3.4,4.1,-1.4,12.5,29.9,32.5,12.4,2.9,2.6,7.3,11.7,5.5,2.0,11.5,9.2,15.6,8.3,56.0,25.7,-6.4,4.2,24.1,25.3,19.3,11.0,1.8,-3.7,58.7,42.2,-0.9,-0.9,9.2,-21.719457626342773,3.3333332538604736,-38.931297302246094,-29.88047981262207,-28.91566276550293,-28.76712417602539,-18.0,-16.66666603088379,-1.0791367292404177,0.9,21.3,-3.6,2.7,8.4,-11.2,-12.0,-7.8,41.7,11.1,13.2,7.7,17.3,6.8,4.7,-9.1,19.0,30.3,23.7,21.0,27.3,-5.4,-4.2,-5.6,47.7,43.2,37.2,8.5,27.8,15.5,21.6,18.8,-4.0,0.8,-3.3,-0.8,9.0,-15.3,31.6,-9.0,0.6,-2.1,14.4,2.0,8.3,15.6,31.2,19.8,12.8,10.4,13.0,23.4,41.4,34.9,15.7,13.5,9.5,-9.3,3.8,-34.6,64.5,30.1,28.3,-8.5,3.7,10.2,-16.4,64.4,40.4,28.6,1.0
2025-08-01,-0.3,-1.9,4.5,5.9,-6.2,-5.4,66.8,36.1,-16.8,4.7,25.0,39.2,40.3,12.7,-14.3,4.5,68.4,48.5,7.7,4.3,38.4,24.6,21.5,17.5,9.7,-3.8,-2.8,17.3,37.9,43.2,20.1,-0.1,10.2,22.4,21.2,11.9,15.4,12.2,4.4,-6.4,17.4,54.1,22.9,-5.5,0.2,16.0,16.3,17.9,6.9,1.8,5.5,64.2,41.3,0.9,0.0,-0.9,1.3888888359069824,10.34482765197754,-4.651162624359131,-17.283950805664062,-44.720497131347656,-6.849315166473389,1.2195122241973877,-28.799999237060547,2.1857924461364746,-1.8,15.3,5.8,14.2,8.8,3.8,-5.1,2.3,43.7,15.1,15.4,15.0,13.7,14.6,3.3,2.6,24.8,40.4,36.0,37.2,27.6,-1.3,11.6,-1.9,47.8,35.5,42.1,6.8,40.4,23.3,26.8,28.4,1.9,-2.1,0.7,-2.0,4.1,-10.7,22.4,-10.0,-3.6,-2.7,11.5,-15.5,-0.1,13.4,29.6,16.5,11.2,7.9,11.8,22.4,41.3,35.1,0.0,17.3,18.5,-11.7,1.0,-39.3,64.3,32.0,28.0,-2.9,-6.8,3.5,-20.9,67.8,43.2,28.7,-5.9
2025-09-01,,,,,,,,,,,,,,,,,,,,,,,,,,,,,,,,,,,,-8.7,-19.6,-17.3,-1.2,-4.9,0.0,46.1,21.6,-6.9,-5.1,14.8,16.6,13.5,1.2,4.9,-2.0,57.8,43.1,2.9,2.0,-3.9,,,,,,,,,,,,,,,,,,,,,,,,,,,,,,,,,,,,,,,,,,,,,,,,,,,,,,,,,,,,,,,,,,,-19.4,-2.9,-40.7,63.2,32.2,28.2,1.4,-5.8,4.9,-24.4,66.8,45.8,40.9,0.5
