date,total_assets,securities_outright,treasury_securities,mbs_securities,loans_credit_facilities,unamortized_discounts,unamortized_premiums,repurchase_agreements,currency_circulation,reverse_repo,treasury_general_account,foreign_deposits,other_deposits,other_liabilities,reserve_balances,total_supply_factors,total_absorb_factors,primary_credit,secondary_credit,bank_term_funding,treasury_bills,treasury_notes,treasury_bonds,agency_debt,nominal_gdp
2020-01-01,4173626.0,3739957.0,2328933.0,1408677.0,42.0,-13284.0,124577.0,255619.0,1805.88,336649.0,403853.0,5182.0,483110.0,68.068,1548849.0,4221319.0,2672470.0,32.0,0.0,0.0,169525.0,2006550.0,127384.0,2347.0,21727.657
2020-01-08,4149544.0,3758738.0,2347714.0,1408677.0,2.0,-13278.0,124474.0,210587.0,1804.965,274923.0,350840.0,5182.0,419861.0,62.371,1656629.0,4197771.0,2541142.0,0.0,0.0,0.0,184527.0,2010350.0,127384.0,2347.0,
2020-01-15,4175850.0,3769300.0,2362635.0,1404318.0,9.0,-13221.0,124410.0,229468.0,1797.216,260913.0,380802.0,5181.0,449695.0,67.846,1673362.0,4224076.0,2550713.0,9.0,0.0,0.0,195029.0,2014116.0,128005.0,2347.0,
2020-01-22,4145912.0,3782010.0,2381020.0,1398642.0,0.0,-13272.0,123974.0,186076.0,1794.685,265357.0,411708.0,5180.0,480494.0,68.731,1609594.0,4194023.0,2584429.0,0.0,0.0,0.0,210031.0,2017518.0,128005.0,2347.0,
2020-01-29,4151630.0,3798743.0,2409108.0,1387288.0,34.0,-13306.0,123527.0,175125.0,1792.176,233404.0,450537.0,5181.0,516541.0,75.864,1612223.0,4199238.0,2587015.0,34.0,0.0,0.0,232534.0,2023121.0,128005.0,2347.0,
2020-02-05,4166707.0,3817516.0,2427880.0,1387289.0,1.0,-13333.0,123542.0,170250.0,1792.586,239163.0,416585.0,5183.0,484389.0,62.27,1652873.0,4214867.0,2561994.0,0.0,0.0,0.0,247536.0,2025475.0,129451.0,2347.0,
2020-02-12,4182689.0,3836494.0,2442621.0,1391526.0,0.0,-13266.0,124249.0,164400.0,1794.356,223829.0,404341.0,5183.0,470728.0,62.355,1695082.0,4230870.0,2535788.0,0.0,0.0,0.0,258038.0,2028077.0,131052.0,2347.0,
2020-02-19,4171570.0,3839819.0,2451688.0,1385784.0,5.0,-13499.0,123866.0,163900.0,1798.097,226964.0,421051.0,5187.0,490183.0,75.07,1659021.0,4219739.0,2560718.0,5.0,0.0,0.0,265539.0,2029678.0,131052.0,2347.0,
2020-02-26,4158637.0,3848250.0,2474060.0,1371843.0,13.0,-13447.0,123303.0,143440.0,1798.896,219968.0,387615.0,5186.0,461918.0,69.613,1680070.0,4206370.0,2526300.0,13.0,0.0,0.0,280541.0,2037082.0,131052.0,2347.0,
2020-03-04,4241507.0,3876816.0,2502624.0,1371846.0,1.0,-13425.0,124406.0,195000.0,1803.47,236702.0,381302.0,5186.0,462394.0,76.424,1735005.0,4289236.0,2554231.0,1.0,0.0,0.0,303042.0,2043081.0,131052.0,2347.0,
2020-03-11,4311911.0,3897224.0,2523031.0,1371846.0,11.0,-13366.0,124423.0,242375.0,1814.015,233275.0,372337.0,5187.0,482365.0,90.217,1779990.0,4359969.0,2579980.0,11.0,0.0,0.0,321043.0,2043482.0,132653.0,2347.0,
2020-03-18,4668212.0,4009794.0,2640771.0,1366676.0,28224.0,-12036.0,138294.0,441945.0,1827.086,233946.0,401354.0,6887.0,649733.0,171.306,1945393.0,4716426.0,2771033.0,28224.0,0.0,0.0,321043.0,2154496.0,138653.0,2347.0,
2020-03-25,5254278.0,4365282.0,2978372.0,1384563.0,109119.0,-10026.0,168273.0,352355.0,1859.732,359114.0,384890.0,16261.0,673519.0,279.073,2347747.0,5302504.0,2954757.0,50768.0,0.0,0.0,326044.0,2456125.0,166932.0,2347.0,
2020-04-01,5811607.0,4800901.0,3340832.0,1457721.0,129461.0,-8492.0,211339.0,263050.0,1876.839,494427.0,506933.0,17745.0,749312.0,266.631,2684398.0,5859541.0,3175143.0,43744.0,0.0,0.0,326044.0,2791860.0,191725.0,2347.0,19935.444
2020-04-08,6083141.0,5096434.0,3634386.0,1459701.0,129637.0,-7381.0,243113.0,192751.0,1880.963,334488.0,827178.0,16646.0,1083854.0,231.474,2774503.0,6131315.0,3356812.0,43449.0,0.0,0.0,326044.0,3064860.0,210625.0,2347.0,
2020-04-15,6367887.0,5359376.0,3788858.0,1568171.0,120349.0,-6896.0,262334.0,181100.0,1884.887,279584.0,856155.0,16347.0,1103978.0,228.237,3069872.0,6416028.0,3346156.0,36284.0,0.0,0.0,326044.0,3206144.0,222692.0,2347.0,
2020-04-22,6573136.0,5534186.0,3909352.0,1622487.0,122088.0,-6128.0,278037.0,157500.0,1890.85,289292.0,949999.0,16303.0,1272433.0,268.969,3099980.0,6621358.0,3521378.0,33742.0,0.0,0.0,326044.0,3314644.0,233692.0,2347.0,
2020-04-29,6655929.0,5578486.0,3971419.0,1604720.0,123028.0,-5711.0,283240.0,158202.0,1903.359,269106.0,1076232.0,16323.0,1296625.0,272.699,3163512.0,6703098.0,3539586.0,31759.0,0.0,0.0,326044.0,3367047.0,242290.0,2347.0,
2020-05-06,6721420.0,5627918.0,4020191.0,1605380.0,113342.0,-5534.0,286502.0,172700.0,1916.001,265206.0,1143268.0,16336.0,1352933.0,196.142,3165605.0,6769801.0,3604196.0,26494.0,0.0,0.0,326044.0,3409516.0,248266.0,2347.0,
2020-05-13,6934227.0,5843376.0,4057268.0,1783761.0,114927.0,-5354.0,297516.0,157354.0,1925.637,281150.0,1138172.0,16328.0,1400534.0,196.282,3263431.0,6982646.0,3719215.0,24239.0,0.0,0.0,326044.0,3442616.0,252016.0,2347.0,
2020-05-20,7037258.0,5954518.0,4089331.0,1862841.0,108577.0,-5691.0,304104.0,157351.0,1933.167,266649.0,1193297.0,16228.0,1476591.0,230.845,3304221.0,7085741.0,3781520.0,19535.0,0.0,0.0,326044.0,3471224.0,255266.0,2347.0,
2020-05-27,7097316.0,5946969.0,4109512.0,1835110.0,106896.0,-5500.0,304256.0,181101.0,1944.109,243976.0,1326897.0,16251.0,1522210.0,258.828,3317688.0,7145741.0,3828053.0,18198.0,0.0,0.0,326044.0,3489174.0,257451.0,2347.0,
2020-06-03,7165217.0,5972297.0,4134356.0,1835594.0,101956.0,-5504.0,305269.0,211550.0,1949.684,246054.0,1431462.0,16281.0,1603262.0,165.514,3257435.0,7213257.0,3955822.0,11011.0,0.0,0.0,326044.0,3512424.0,259151.0,2347.0,
2020-06-10,7168936.0,5988351.0,4150409.0,1835595.0,98227.0,-5452.0,306816.0,167300.0,1953.842,240814.0,1504569.0,16256.0,1676628.0,145.755,3190654.0,7217486.0,4026832.0,8427.0,0.0,0.0,326044.0,3526774.0,261151.0,2347.0,
2020-06-17,7094690.0,6090428.0,4169340.0,1918741.0,95031.0,-5366.0,311026.0,79053.0,1956.796,225462.0,1565306.0,16247.0,1726191.0,169.376,3069439.0,7143238.0,4073799.0,7479.0,0.0,0.0,326044.0,3542389.0,264552.0,2347.0,
2020-06-24,7082302.0,6143193.0,4197404.0,1943441.0,95360.0,-5319.0,313854.0,70201.0,1961.158,220362.0,1586573.0,16222.0,1848380.0,190.997,2937657.0,7130815.0,4193158.0,6237.0,1.0,0.0,326044.0,3570924.0,264552.0,2347.0,
2020-07-01,7009040.0,6126948.0,4213220.0,1911381.0,97133.0,-5345.0,314324.0,61201.0,1967.076,227236.0,1656747.0,16223.0,1834890.0,156.897,2863196.0,7057024.0,4193828.0,5860.0,0.0,0.0,326044.0,3581139.0,270206.0,2347.0,21684.551
2020-07-08,6920716.0,6145103.0,4231355.0,1911401.0,93355.0,-5299.0,315251.0,0.0,1974.69,224860.0,1624404.0,16232.0,1791570.0,154.191,2813296.0,6969221.0,4155925.0,4846.0,0.0,0.0,326044.0,3599273.0,270206.0,2347.0,
2020-07-15,6958604.0,6203965.0,4253229.0,1948388.0,93404.0,-5280.0,317957.0,2.0,1978.51,224229.0,1740455.0,16232.0,1905320.0,155.138,2732649.0,7007077.0,4274428.0,5058.0,0.0,0.0,326044.0,3625089.0,266914.0,2347.0,
2020-07-22,6964755.0,6238825.0,4265878.0,1970600.0,92552.0,-5161.0,320498.0,0.0,1982.873,214665.0,1777180.0,16224.0,1991237.0,183.852,2659658.0,7013213.0,4353555.0,4578.0,0.0,0.0,326044.0,3636425.0,268113.0,2347.0,
2020-07-29,6949032.0,6229291.0,4293563.0,1933380.0,90523.0,-5004.0,320706.0,0.0,1988.19,217053.0,1792434.0,16224.0,1940702.0,189.752,2685376.0,6996816.0,4311439.0,3611.0,0.0,0.0,326044.0,3661492.0,270514.0,2347.0,
2020-08-05,6945237.0,6241464.0,4305651.0,1933466.0,84076.0,-4948.0,321669.0,0.0,1996.626,212448.0,1706637.0,16228.0,1864150.0,137.286,2753531.0,6993715.0,4240184.0,2809.0,0.0,0.0,326044.0,3670435.0,273306.0,2347.0,
2020-08-12,6957277.0,6255988.0,4320093.0,1933548.0,83084.0,-4880.0,322962.0,0.0,2003.019,218346.0,1635143.0,16222.0,1789857.0,139.49,2828170.0,7005734.0,4177564.0,2690.0,0.0,0.0,326044.0,3681769.0,275707.0,2347.0,
2020-08-19,7010637.0,6325788.0,4345544.0,1977897.0,82190.0,-5063.0,325894.0,0.0,2007.458,211342.0,1636393.0,16610.0,1854307.0,178.428,2821849.0,7059149.0,4237299.0,2818.0,0.0,0.0,326044.0,3706835.0,275707.0,2347.0,
2020-08-26,6990418.0,6310134.0,4358559.0,1949228.0,81105.0,-4989.0,326070.0,0.0,2010.991,213075.0,1607449.0,16614.0,1776806.0,221.898,2875399.0,7038859.0,4163460.0,2704.0,0.0,0.0,326044.0,3718169.0,276906.0,2347.0,
2020-09-02,7017492.0,6338219.0,4386637.0,1949236.0,80462.0,-4987.0,327480.0,0.0,2016.895,212664.0,1651823.0,16619.0,1817516.0,150.68,2850600.0,7065458.0,4214859.0,2956.0,0.0,0.0,326044.0,3742629.0,279915.0,2347.0,
2020-09-09,7010614.0,6345567.0,4393621.0,1949599.0,78362.0,-4958.0,328660.0,2.0,2026.998,203965.0,1570533.0,16774.0,1754381.0,171.224,2906853.0,7059130.0,4152276.0,2710.0,0.0,0.0,326044.0,3747962.0,281116.0,2347.0,
2020-09-16,7064475.0,6414387.0,4407005.0,2005035.0,77948.0,-4906.0,331867.0,0.0,2029.078,198482.0,1692809.0,18866.0,1853922.0,167.307,2869309.0,7113073.0,4243764.0,3036.0,0.0,0.0,326044.0,3755695.0,285918.0,2347.0,
2020-09-23,7093161.0,6458738.0,4431523.0,2024868.0,78231.0,-4837.0,333951.0,0.0,2028.366,204352.0,1661732.0,18871.0,1898360.0,198.152,2848082.0,7141546.0,4293464.0,3359.0,0.0,0.0,326044.0,3779831.0,285918.0,2347.0,
2020-09-30,7056129.0,6430599.0,4445477.0,1982775.0,78373.0,-4736.0,333422.0,1000.0,2029.894,205233.0,1781679.0,18916.0,1961073.0,172.86,2743245.0,7103627.0,4360382.0,3437.0,0.0,0.0,326044.0,3790453.0,288760.0,2347.0,
2020-10-01,,,,,,,,,,,,,,,,,,,,,,,,,22068.767
2020-10-07,7074649.0,6454984.0,4469848.0,1982789.0,75924.0,-4694.0,334331.0,1059.0,2034.87,188543.0,1687434.0,18897.0,1869371.0,153.984,2863357.0,7123089.0,4259732.0,2939.0,0.0,0.0,326044.0,3814590.0,288760.0,2347.0,
2020-10-14,7151426.0,6534164.0,4484978.0,2046839.0,74670.0,-4597.0,337568.0,1000.0,2041.041,195828.0,1647937.0,18902.0,1883707.0,174.277,2907734.0,7199732.0,4291998.0,2769.0,0.0,0.0,326044.0,3826856.0,291159.0,2347.0,
2020-10-21,7177265.0,6559360.0,4509778.0,2047235.0,73212.0,-4608.0,338824.0,1000.0,2042.036,187435.0,1699497.0,21247.0,1941585.0,197.985,2890130.0,7225809.0,4335679.0,3146.0,0.0,0.0,326044.0,3847392.0,294761.0,2347.0,
2020-10-28,7146306.0,6529839.0,4527186.0,2000305.0,72462.0,-4589.0,338236.0,1000.0,2042.858,201893.0,1653039.0,21251.0,1838848.0,229.996,2947256.0,7194417.0,4247161.0,2790.0,0.0,0.0,326044.0,3863263.0,295962.0,2347.0,
2020-11-04,7157479.0,6540758.0,4538087.0,2000324.0,69660.0,-4672.0,339163.0,1000.0,2046.746,193037.0,1618568.0,21264.0,1819499.0,178.758,2979537.0,7206256.0,4226719.0,2372.0,0.0,0.0,326044.0,3872732.0,297163.0,2347.0,
2020-11-11,7175417.0,6555446.0,4552731.0,2000368.0,68178.0,-4660.0,339262.0,1000.0,2054.172,195811.0,1570768.0,21267.0,1811658.0,200.841,2992098.0,7224153.0,4232055.0,2317.0,0.0,0.0,326044.0,3887266.0,297163.0,2347.0,
2020-11-18,7243080.0,6637946.0,4584423.0,2051176.0,65187.0,-4915.0,341456.0,1000.0,2059.539,190237.0,1546924.0,21274.0,1844341.0,237.327,3033228.0,7291871.0,4258642.0,2167.0,0.0,0.0,326044.0,3916204.0,299562.0,2347.0,
2020-11-25,7216480.0,6612518.0,4606580.0,2003592.0,63864.0,-4970.0,340018.0,1000.0,2062.076,197904.0,1484036.0,21274.0,1694090.0,257.319,3143863.0,7265072.0,4121209.0,2428.0,0.0,0.0,326044.0,3934315.0,303162.0,2347.0,
2020-12-02,7222414.0,6620378.0,4614410.0,2003621.0,61613.0,-5066.0,340177.0,1000.0,2067.119,185537.0,1557239.0,21288.0,1751494.0,175.925,3101235.0,7270683.0,4169448.0,1992.0,0.0,0.0,326044.0,3940382.0,304826.0,2347.0,
2020-12-09,7242658.0,6636541.0,4630538.0,2003656.0,59426.0,-5080.0,341023.0,1000.0,2066.294,192257.0,1502361.0,21823.0,1718891.0,191.468,3147656.0,7291389.0,4143733.0,1952.0,0.0,0.0,326044.0,3952652.0,308426.0,2347.0,
2020-12-16,7362592.0,6744281.0,4662841.0,2079093.0,58809.0,-5482.0,343821.0,1000.0,2066.397,190860.0,1615873.0,21825.0,1813826.0,194.895,3168826.0,7411297.0,4242471.0,1871.0,0.0,0.0,326044.0,3984922.0,308426.0,2347.0,
2020-12-23,7404039.0,6771803.0,4682881.0,2086574.0,57761.0,-5443.0,345019.0,1000.0,2071.351,198524.0,1583308.0,21826.0,1836213.0,234.545,3177306.0,7452652.0,4275347.0,2134.0,0.0,0.0,326044.0,4001192.0,312024.0,2347.0,
2020-12-30,7363351.0,6730731.0,4688916.0,2039468.0,56701.0,-5430.0,342923.0,1000.0,2081.471,209763.0,1613514.0,21831.0,1808390.0,253.372,3142970.0,7411396.0,4268425.0,1735.0,0.0,0.0,326044.0,4007193.0,312024.0,2347.0,
2021-01-01,,,,,,,,,,,,,,,,,,,,,,,,,22656.793
2021-01-06,7334809.0,6741237.0,4699421.0,2039469.0,54216.0,-5544.0,342993.0,1000.0,2090.412,206335.0,1607396.0,21839.0,1797467.0,181.152,3163778.0,7383526.0,4219748.0,1485.0,0.0,0.0,326044.0,4015445.0,314307.0,2347.0,
2021-01-13,7333968.0,6765622.0,4723733.0,2039542.0,52152.0,-5570.0,343632.0,1000.0,2091.674,214173.0,1575875.0,21842.0,1773616.0,174.641,3200869.0,7382674.0,4181804.0,1514.0,0.0,0.0,326044.0,4035981.0,317909.0,2347.0,
2021-01-20,7414942.0,6845748.0,4743552.0,2099849.0,51848.0,-6055.0,345504.0,1000.0,2094.987,206632.0,1638331.0,23467.0,1909674.0,249.294,3149807.0,7463649.0,4313842.0,2049.0,0.0,0.0,326044.0,4061431.0,313218.0,2347.0,
2021-01-27,7404926.0,6838223.0,4766107.0,2069769.0,51098.0,-6169.0,344999.0,1000.0,2097.065,210578.0,1613377.0,21836.0,1816435.0,249.062,3228751.0,7453204.0,4224453.0,1989.0,0.0,0.0,326044.0,4081568.0,315619.0,2347.0,
2021-02-03,7410598.0,6844210.0,4772074.0,2069789.0,50865.0,-6335.0,345641.0,1000.0,2097.391,208933.0,1629729.0,21854.0,1846472.0,192.988,3202722.0,7459371.0,4256649.0,1675.0,0.0,0.0,326044.0,4085037.0,318021.0,2347.0,
2021-02-10,7442225.0,6871038.0,4798901.0,2069790.0,52378.0,-6492.0,346211.0,800.0,2099.338,212031.0,1576744.0,22121.0,1775112.0,179.776,3298639.0,7490975.0,4192336.0,1630.0,0.0,0.0,326044.0,4109172.0,320422.0,2347.0,
2021-02-17,7557402.0,6996966.0,4824057.0,2170562.0,54019.0,-6728.0,349725.0,500.0,2102.025,201719.0,1568893.0,23052.0,1793134.0,220.683,3407871.0,7606153.0,4198282.0,1755.0,0.0,0.0,326044.0,4134243.0,320422.0,2347.0,
2021-02-24,7590111.0,7027599.0,4844574.0,2180678.0,56321.0,-6772.0,350667.0,500.0,2102.111,205373.0,1439646.0,22393.0,1849096.0,311.145,3384183.0,7638796.0,4254613.0,2092.0,0.0,0.0,326044.0,4150779.0,324023.0,2347.0,
2021-03-03,7557524.0,7003026.0,4867279.0,2133400.0,56075.0,-7455.0,349347.0,500.0,2102.269,203339.0,1420238.0,21873.0,1636710.0,220.363,3564850.0,7606130.0,4041280.0,1738.0,0.0,0.0,326044.0,4170650.0,326422.0,2347.0,
2021-03-10,7579901.0,7024790.0,4889007.0,2133436.0,56301.0,-8077.0,349720.0,500.0,2104.182,193750.0,1310273.0,23474.0,1582429.0,244.727,3646732.0,7628702.0,3981970.0,1355.0,0.0,0.0,326044.0,4190787.0,327623.0,2347.0,
2021-03-17,7693506.0,7135409.0,4911633.0,2221429.0,57164.0,-8355.0,352195.0,0.0,2109.456,205516.0,1089501.0,30202.0,1449173.0,321.576,3873323.0,7742350.0,3869027.0,851.0,0.0,0.0,326044.0,4213056.0,327623.0,2347.0,
2021-03-24,7719622.0,7158456.0,4921302.0,2234807.0,58981.0,-9013.0,352461.0,0.0,2121.901,234444.0,1031908.0,30598.0,1493563.0,404.153,3809139.0,7768397.0,3959258.0,1054.0,0.0,0.0,326044.0,4218391.0,331223.0,2347.0,
2021-03-31,7688988.0,7129308.0,4942277.0,2184683.0,61188.0,-9469.0,350974.0,0.0,2138.6,352177.0,1121951.0,33209.0,1470283.0,305.401,3672702.0,7736931.0,4064230.0,828.0,0.0,0.0,326044.0,4235393.0,334757.0,2347.0,
2021-04-01,,,,,,,,,,,,,,,,,,,,,,,,,23368.861
2021-04-07,7708882.0,7146064.0,4959033.0,2184684.0,62814.0,-9560.0,351110.0,0.0,2146.904,272073.0,954968.0,32249.0,1289960.0,283.446,3944055.0,7757813.0,3813759.0,709.0,0.0,0.0,326044.0,4251662.0,334757.0,2347.0,
2021-04-14,7793104.0,7224865.0,4973499.0,2249019.0,65102.0,-10419.0,351737.0,0.0,2153.123,281853.0,921685.0,31075.0,1363048.0,323.138,3936454.0,7841948.0,3905493.0,743.0,0.0,0.0,326044.0,4262999.0,337158.0,2347.0,
2021-04-21,7820948.0,7249642.0,5000306.0,2246989.0,69296.0,-11267.0,351274.0,0.0,2158.169,302790.0,1003443.0,29864.0,1538320.0,441.043,3767454.0,7869937.0,4102483.0,1084.0,0.0,0.0,326044.0,4297074.0,330215.0,2347.0,
2021-04-28,7780962.0,7208414.0,5014762.0,2191305.0,73124.0,-11804.0,349308.0,0.0,2161.081,382891.0,932287.0,29092.0,1295205.0,443.72,3889018.0,7829227.0,3940209.0,731.0,0.0,0.0,326044.0,4308411.0,332616.0,2347.0,
2021-05-05,7810486.0,7234090.0,5040418.0,2191325.0,76998.0,-12289.0,349657.0,0.0,2164.899,388304.0,946134.0,28087.0,1301187.0,326.05,3900803.0,7859572.0,3958770.0,545.0,0.0,0.0,326044.0,4330043.0,336054.0,2347.0,
2021-05-12,7830663.0,7248067.0,5054395.0,2191325.0,80503.0,-12757.0,349783.0,1.0,2168.172,428832.0,864253.0,28126.0,1222637.0,332.21,3955864.0,7879780.0,3923916.0,581.0,0.0,0.0,326044.0,4339645.0,339656.0,2347.0,
2021-05-19,7922883.0,7351729.0,5071821.0,2277561.0,83297.0,-13320.0,350289.0,0.0,2168.571,522156.0,860833.0,27750.0,1356199.0,414.381,3823979.0,7972027.0,4148048.0,661.0,0.0,0.0,326044.0,4355182.0,340855.0,2347.0,
2021-05-26,7903541.0,7333769.0,5087157.0,2244265.0,84894.0,-13622.0,348761.0,46.0,2170.094,670433.0,778912.0,27076.0,1159225.0,447.475,3851623.0,7952633.0,4101011.0,633.0,0.0,0.0,326044.0,4367786.0,342856.0,2347.0,
2021-06-02,7935703.0,7365641.0,5119023.0,2244270.0,84977.0,-13695.0,349132.0,0.0,2176.844,672906.0,812087.0,26748.0,1183620.0,365.262,3848262.0,7984280.0,4136017.0,578.0,0.0,0.0,326044.0,4398990.0,342856.0,2347.0,
2021-06-09,7952327.0,7376508.0,5129891.0,2244270.0,87580.0,-13863.0,349680.0,0.0,2180.008,720936.0,673555.0,27493.0,1081895.0,369.147,3916725.0,8001493.0,4084767.0,502.0,0.0,0.0,326044.0,4405568.0,346058.0,2347.0,
2021-06-16,8064257.0,7484242.0,5153771.0,2328124.0,87185.0,-13941.0,351548.0,0.0,2178.509,743760.0,765114.0,26955.0,1184041.0,387.602,3905735.0,8113449.0,4207714.0,584.0,0.0,0.0,326044.0,4427372.0,347259.0,2347.0,
2021-06-23,8101945.0,7519947.0,5163445.0,2354155.0,87605.0,-14101.0,352226.0,0.0,2178.345,1055931.0,733877.0,6769.0,1051325.0,299.661,3765713.0,8151076.0,4385363.0,461.0,0.0,0.0,326044.0,4433973.0,349258.0,2347.0,
2021-06-30,8078544.0,7505369.0,5183385.0,2319637.0,91126.0,-14312.0,351402.0,0.0,2180.51,1260925.0,851929.0,5255.0,1082185.0,243.156,3511630.0,8126773.0,4615143.0,477.0,0.0,0.0,326044.0,4449349.0,352886.0,2347.0,
2021-07-01,,,,,,,,,,,,,,,,,,,,,,,,,23921.991
2021-07-07,8097773.0,7523709.0,5201725.0,2319637.0,88802.0,-14349.0,351432.0,0.0,2186.766,1049332.0,724898.0,5230.0,961876.0,221.014,3856203.0,8146925.0,4290722.0,406.0,0.0,0.0,326044.0,4466950.0,352886.0,2347.0,
2021-07-14,8201651.0,7627278.0,5222570.0,2402362.0,88260.0,-14452.0,353359.0,0.0,2187.446,1110967.0,657542.0,5250.0,912639.0,223.576,3944700.0,8250848.0,4306149.0,386.0,0.0,0.0,326044.0,4484752.0,354887.0,2347.0,
2021-07-21,8240530.0,7667510.0,5242987.0,2422177.0,86848.0,-14621.0,353639.0,0.0,2185.203,1136878.0,616294.0,5837.0,902670.0,242.307,3974547.0,8289739.0,4315193.0,554.0,0.0,0.0,326044.0,4514027.0,346944.0,2347.0,
2021-07-28,8221473.0,7650866.0,5263740.0,2384779.0,85487.0,-14649.0,352549.0,0.0,2185.055,1220133.0,536966.0,6194.0,774254.0,288.696,4001061.0,8269960.0,4268899.0,472.0,0.0,0.0,326044.0,4531831.0,348943.0,2347.0,
2021-08-04,8235073.0,7664767.0,5277635.0,2384785.0,83925.0,-14738.0,352788.0,0.0,2186.986,1216357.0,505871.0,7176.0,742972.0,235.333,4045893.0,8284255.0,4238362.0,268.0,0.0,0.0,326044.0,4543634.0,350142.0,2347.0,
2021-08-11,8257159.0,7690627.0,5303495.0,2384785.0,82500.0,-14803.0,353035.0,0.0,2188.461,1267998.0,389747.0,7631.0,631530.0,236.459,4127290.0,8306320.0,4179029.0,289.0,0.0,0.0,326044.0,4568639.0,350142.0,2347.0,
2021-08-18,8342598.0,7791636.0,5323651.0,2465638.0,80808.0,-15191.0,354940.0,0.0,2187.796,1385401.0,313651.0,7232.0,567620.0,244.282,4162165.0,8391807.0,4229642.0,291.0,0.0,0.0,326044.0,4584442.0,353344.0,2347.0,
2021-08-25,8332743.0,7786785.0,5346372.0,2438067.0,78094.0,-15213.0,354033.0,0.0,2187.14,1405110.0,258200.0,8324.0,497782.0,272.361,4203475.0,8381936.0,4178461.0,278.0,0.0,0.0,326044.0,4604044.0,355345.0,2347.0,
2021-09-01,8349173.0,7806085.0,5365670.0,2438068.0,74808.0,-15516.0,354068.0,0.0,2189.328,1376296.0,296934.0,5476.0,533527.0,240.592,4206449.0,8397887.0,4191438.0,338.0,0.0,0.0,326044.0,4620243.0,357551.0,2347.0,
2021-09-08,8357314.0,7813156.0,5372741.0,2438068.0,72968.0,-15583.0,353978.0,0.0,2196.053,1410538.0,200702.0,7436.0,448516.0,233.686,4259603.0,8406533.0,4146930.0,245.0,0.0,0.0,326044.0,4626844.0,357551.0,2347.0,
2021-09-15,8448770.0,7908375.0,5391872.0,2514156.0,70174.0,-15565.0,355731.0,0.0,2197.306,1375676.0,344668.0,5265.0,592069.0,242.278,4244677.0,8498046.0,4253368.0,243.0,0.0,0.0,326044.0,4643247.0,359552.0,2347.0,
2021-09-22,8489824.0,7952278.0,5413374.0,2536557.0,64875.0,-15597.0,356156.0,0.0,2195.557,1564032.0,272679.0,7909.0,552846.0,262.311,4137919.0,8539133.0,4401214.0,382.0,0.0,0.0,326044.0,4660848.0,362754.0,2347.0,
2021-09-29,8447981.0,7928087.0,5431056.0,2494684.0,61426.0,-15665.0,354462.0,0.0,2195.865,1702347.0,173745.0,7216.0,429541.0,291.909,4094809.0,8496226.0,4401417.0,606.0,0.0,0.0,326044.0,4678052.0,362754.0,2347.0,
2021-10-01,,,,,,,,,,,,,,,,,,,,,,,,,24777.038
2021-10-06,8464032.0,7946373.0,5449277.0,2494749.0,58128.0,-15891.0,354807.0,0.0,2198.301,1737790.0,95854.0,6463.0,332942.0,234.035,4167544.0,8513330.0,4345787.0,389.0,0.0,0.0,326044.0,4691968.0,366441.0,2347.0,
2021-10-13,8480942.0,7963030.0,5465924.0,2494759.0,55436.0,-15877.0,354617.0,0.0,2203.462,1657622.0,72460.0,5264.0,388677.0,299.84,4204509.0,8530187.0,4325677.0,418.0,0.0,0.0,326044.0,4707171.0,367642.0,2347.0,
2021-10-20,8564943.0,8048546.0,5499267.0,2546932.0,52761.0,-16058.0,355662.0,0.0,2203.975,1786368.0,117364.0,8768.0,499677.0,343.425,4050343.0,8614248.0,4563905.0,606.0,0.0,0.0,326044.0,4737972.0,369643.0,2347.0,
2021-10-27,8556181.0,8043453.0,5513329.0,2527777.0,50546.0,-16315.0,354669.0,0.0,2203.811,1721484.0,236495.0,5266.0,482061.0,349.255,4123154.0,8605022.0,4481867.0,605.0,0.0,0.0,326044.0,4750574.0,370842.0,2347.0,
2021-11-03,8574871.0,8063390.0,5533219.0,2527824.0,48317.0,-16650.0,354701.0,0.0,2205.698,1657066.0,286959.0,5647.0,534233.0,246.023,4149830.0,8624186.0,4474356.0,259.0,0.0,0.0,326044.0,4767776.0,372843.0,2347.0,
2021-11-10,8663117.0,8148320.0,5552607.0,2593366.0,46930.0,-16767.0,355808.0,0.0,2209.842,1752977.0,231421.0,6592.0,484104.0,248.662,4178586.0,8712353.0,4533767.0,449.0,0.0,0.0,326044.0,4785576.0,374042.0,2347.0,
2021-11-17,8674970.0,8179303.0,5573525.0,2603431.0,44040.0,-17321.0,355649.0,0.0,2214.496,1814292.0,178972.0,7768.0,430325.0,255.126,4188837.0,8724306.0,4535469.0,355.0,0.0,0.0,326044.0,4806255.0,374042.0,2347.0,
2021-11-24,8681771.0,8190973.0,5578900.0,2609726.0,42255.0,-17302.0,355086.0,0.0,2216.125,1758815.0,141042.0,7737.0,510868.0,263.894,4172807.0,8730992.0,4558185.0,315.0,0.0,0.0,326044.0,4809232.0,375793.0,2347.0,
2021-12-01,8650402.0,8165351.0,5592119.0,2570884.0,40990.0,-17450.0,353919.0,1.0,2220.65,1729277.0,159148.0,5794.0,413008.0,258.395,4266022.0,8699305.0,4433283.0,429.0,0.0,0.0,326044.0,4819804.0,377998.0,2347.0,
2021-12-08,8664524.0,8177435.0,5604169.0,2570918.0,39685.0,-17494.0,354122.0,1.0,2220.425,1787227.0,125144.0,7637.0,379539.0,245.761,4255599.0,8713901.0,4458302.0,378.0,0.0,0.0,326044.0,4828030.0,380800.0,2347.0,
2021-12-15,8756666.0,8268766.0,5638289.0,2628130.0,38290.0,-17979.0,354613.0,0.0,2219.724,1927879.0,58294.0,5189.0,312386.0,248.817,4273634.0,8806033.0,4532400.0,469.0,0.0,0.0,326044.0,4861307.0,380800.0,2347.0,
2021-12-22,8790495.0,8301831.0,5649823.0,2649661.0,37082.0,-17995.0,354624.0,0.0,2224.823,1982915.0,197516.0,5189.0,451259.0,251.13,4104914.0,8839760.0,4734847.0,733.0,0.0,0.0,326044.0,4869208.0,383200.0,2347.0,
2021-12-29,8757460.0,8270111.0,5652272.0,2615492.0,34952.0,-17973.0,352893.0,0.0,2233.464,1920789.0,283995.0,9672.0,539646.0,309.202,4039860.0,8806393.0,4766533.0,640.0,0.0,0.0,326044.0,4870809.0,383200.0,2347.0,
2022-01-01,,,,,,,,,,,,,,,,,,,,,,,,,25215.491
2022-01-05,8765721.0,8279184.0,5661277.0,2615560.0,33857.0,-18063.0,352781.0,0.0,2236.761,1795618.0,434757.0,5374.0,685472.0,251.122,4028460.0,8815040.0,4786580.0,370.0,0.0,0.0,326044.0,4874800.0,387010.0,2347.0,
2022-01-12,8788278.0,8302651.0,5684737.0,2615567.0,32688.0,-18260.0,352670.0,1.0,2234.409,1862045.0,489679.0,5190.0,744149.0,241.952,3928933.0,8837624.0,4908690.0,411.0,0.0,0.0,326044.0,4896806.0,387911.0,2347.0,
2022-01-19,8867834.0,8381950.0,5693341.0,2686262.0,31607.0,-18737.0,353102.0,1.0,2232.291,1963799.0,580171.0,7407.0,830057.0,254.589,3821743.0,8917138.0,5095394.0,469.0,0.0,0.0,326044.0,4915211.0,379498.0,2347.0,
2022-01-26,8860485.0,8379384.0,5716217.0,2660820.0,30571.0,-18971.0,351610.0,0.0,2230.643,1891190.0,639620.0,6670.0,895818.0,265.816,3825076.0,8909437.0,5084361.0,345.0,0.0,0.0,326044.0,4935214.0,381497.0,2347.0,
2022-02-02,8873211.0,8391301.0,5728109.0,2660845.0,29628.0,-19168.0,351482.0,0.0,2228.661,1906571.0,710267.0,5621.0,959976.0,247.742,3756617.0,8922531.0,5165914.0,268.0,0.0,0.0,326044.0,4943022.0,385089.0,2347.0,
2022-02-09,8878009.0,8395061.0,5731864.0,2660851.0,28532.0,-19192.0,351162.0,0.0,2230.158,1907891.0,679019.0,5190.0,924993.0,246.694,3794977.0,8927327.0,5132350.0,394.0,0.0,0.0,326044.0,4946424.0,385089.0,2347.0,
2022-02-16,8911033.0,8445579.0,5738619.0,2704613.0,28706.0,-20185.0,350324.0,0.0,2231.898,1901462.0,709261.0,7251.0,960654.0,249.104,3796720.0,8960327.0,5163606.0,1112.0,0.0,0.0,326044.0,4952826.0,385089.0,2347.0,
2022-02-23,8928129.0,8461992.0,5741778.0,2717867.0,28207.0,-20326.0,349510.0,0.0,2237.201,1993111.0,674797.0,6536.0,930034.0,246.662,3745976.0,8977391.0,5231415.0,1584.0,0.0,0.0,326044.0,4954427.0,386090.0,2347.0,
2022-03-02,8904455.0,8442811.0,5749106.0,2691358.0,27920.0,-20404.0,348053.0,1.0,2242.39,1775652.0,685491.0,6284.0,940691.0,262.062,3919484.0,8953262.0,5033778.0,1827.0,0.0,0.0,326044.0,4959086.0,388233.0,2347.0,
2022-03-09,8910748.0,8447093.0,5753385.0,2691361.0,27648.0,-20452.0,347626.0,1.0,2253.83,1786246.0,609369.0,7606.0,891336.0,260.223,3953650.0,8959959.0,5006309.0,2306.0,0.0,0.0,326044.0,4962484.0,388233.0,2347.0,
2022-03-16,8954306.0,8490545.0,5758267.0,2729931.0,26978.0,-21273.0,346944.0,1.0,2260.871,1864637.0,621527.0,6433.0,913218.0,278.111,3893412.0,9003620.0,5110207.0,2215.0,0.0,0.0,326044.0,4966485.0,388233.0,2347.0,
2022-03-23,8962474.0,8500255.0,5759149.0,2738760.0,24738.0,-21410.0,345896.0,0.0,2264.118,2054582.0,576442.0,7573.0,854686.0,275.987,3769046.0,9011786.0,5242740.0,599.0,0.0,0.0,326044.0,4966485.0,388233.0,2347.0,
2022-03-30,8937142.0,8477627.0,5760030.0,2715250.0,24032.0,-21381.0,344536.0,1.0,2266.218,2040783.0,556791.0,8124.0,835300.0,285.106,3773466.0,8985470.0,5212004.0,354.0,0.0,0.0,326044.0,4966485.0,388233.0,2347.0,
2022-04-01,,,,,,,,,,,,,,,,,,,,,,,,,25805.791
2022-04-06,8937592.0,8478754.0,5761052.0,2715355.0,23494.0,-21611.0,344090.0,3.0,2269.035,1975638.0,545584.0,7434.0,822688.0,268.76,3849872.0,8986887.0,5137015.0,379.0,0.0,0.0,326044.0,4963879.0,390840.0,2347.0,
2022-04-13,8965487.0,8504586.0,5762054.0,2740185.0,23258.0,-21856.0,343559.0,1.0,2270.095,2070332.0,543536.0,9172.0,809830.0,272.323,3793317.0,9014757.0,5221440.0,579.0,0.0,0.0,326044.0,4963879.0,390840.0,2347.0,
2022-04-20,8955851.0,8496070.0,5763035.0,2730687.0,24354.0,-23052.0,342411.0,0.0,2269.902,2164277.0,907526.0,10077.0,1175344.0,264.52,3326857.0,9005187.0,5678330.0,2181.0,0.0,0.0,326044.0,4975463.0,380862.0,2347.0,
2022-04-27,8939199.0,8481372.0,5764013.0,2715012.0,24711.0,-23140.0,341098.0,0.0,2269.499,2091563.0,957419.0,9905.0,1230333.0,303.827,3327548.0,8988033.0,5660485.0,2917.0,0.0,0.0,326044.0,4975463.0,380862.0,2347.0,
2022-05-04,8939972.0,8482597.0,5765229.0,2715020.0,23905.0,-23400.0,340492.0,1.0,2270.857,2098553.0,964412.0,7434.0,1234600.0,266.245,3313993.0,8989282.0,5675289.0,2606.0,0.0,0.0,326044.0,4975463.0,380862.0,2347.0,
2022-05-11,8942008.0,8483993.0,5766625.0,2715021.0,21766.0,-23401.0,339987.0,0.0,2272.503,2174763.0,919331.0,7435.0,1176946.0,256.52,3295680.0,8991341.0,5695662.0,834.0,0.0,0.0,326044.0,4975463.0,380862.0,2347.0,
2022-05-18,8945898.0,8504191.0,5768021.0,2733823.0,21397.0,-24301.0,339307.0,0.0,2272.24,2241622.0,866726.0,7436.0,1112579.0,247.728,3297142.0,8995291.0,5698148.0,856.0,0.0,0.0,326044.0,4975463.0,380862.0,2347.0,
2022-05-25,8914281.0,8479210.0,5769417.0,2707446.0,21119.0,-24444.0,337746.0,0.0,2272.713,2258221.0,801714.0,7435.0,1047581.0,249.624,3315018.0,8963587.0,5648570.0,913.0,0.0,0.0,326044.0,4975463.0,380862.0,2347.0,
2022-06-01,8915050.0,8480572.0,5770779.0,2707446.0,20665.0,-24487.0,337126.0,0.0,2278.642,2230540.0,780575.0,7707.0,1028430.0,237.486,3357395.0,8964388.0,5606993.0,870.0,0.0,0.0,326044.0,4973358.0,382966.0,2347.0,
2022-06-08,8918254.0,8481186.0,5771393.0,2707446.0,20731.0,-24482.0,336545.0,0.0,2278.932,2404314.0,683892.0,8734.0,925126.0,236.497,3292602.0,8967686.0,5675084.0,1191.0,0.0,0.0,326044.0,4973358.0,382966.0,2347.0,
2022-06-15,8932420.0,8492644.0,5762730.0,2727567.0,22658.0,-24867.0,335858.0,0.0,2276.301,2421604.0,769937.0,7435.0,1027760.0,243.326,3189605.0,8981833.0,5792228.0,3706.0,0.0,0.0,326044.0,4964082.0,382966.0,2347.0,
2022-06-22,8934346.0,8494506.0,5763344.0,2728815.0,21778.0,-25152.0,334904.0,0.0,2277.39,2516146.0,745052.0,7434.0,1007559.0,255.275,3115589.0,8983720.0,5868131.0,3147.0,0.0,0.0,326044.0,4964082.0,382966.0,2347.0,
2022-06-29,8913553.0,8475608.0,5763933.0,2709328.0,21702.0,-25082.0,333711.0,1.0,2278.415,2488247.0,759845.0,7434.0,1007901.0,268.925,3118611.0,8961974.0,5843362.0,3604.0,0.0,0.0,326044.0,4964057.0,382966.0,2347.0,
2022-07-01,,,,,,,,,,,,,,,,,,,,,,,,,26272.011
2022-07-06,8891851.0,8456027.0,5744344.0,2709336.0,19403.0,-25183.0,333109.0,0.0,2283.288,2440650.0,687943.0,8462.0,926609.0,234.261,3222930.0,8941225.0,5718294.0,1765.0,0.0,0.0,326044.0,4941958.0,384342.0,2347.0,
2022-07-13,8895867.0,8457212.0,5745528.0,2709337.0,19781.0,-25203.0,332587.0,2.0,2281.645,2442840.0,618740.0,10075.0,848595.0,222.731,3306518.0,8945298.0,5638781.0,2570.0,0.0,0.0,326044.0,4941958.0,384342.0,2347.0,
2022-07-20,8899213.0,8461636.0,5733027.0,2726261.0,19930.0,-25759.0,331733.0,0.0,2276.534,2534475.0,616348.0,10752.0,837012.0,217.918,3235172.0,8948671.0,5713499.0,3064.0,0.0,0.0,326044.0,4940459.0,374719.0,2347.0,
2022-07-27,8890004.0,8453907.0,5734180.0,2717379.0,20178.0,-25851.0,330669.0,1.0,2274.183,2484253.0,615515.0,9601.0,837686.0,232.644,3275609.0,8939032.0,5663423.0,3710.0,0.0,0.0,326044.0,4940459.0,374719.0,2347.0,
2022-08-03,8874620.0,8439018.0,5719119.0,2717552.0,18862.0,-25938.0,330094.0,0.0,2274.14,2447840.0,566577.0,9695.0,791735.0,213.937,3342517.0,8924055.0,5581538.0,2731.0,0.0,0.0,326044.0,4924116.0,374719.0,2347.0,
2022-08-10,8879138.0,8440487.0,5720572.0,2717568.0,18755.0,-25962.0,329600.0,0.0,2275.269,2445699.0,561140.0,8945.0,780455.0,214.402,3357493.0,8928585.0,5571092.0,2934.0,0.0,0.0,326044.0,4924116.0,374719.0,2347.0,
2022-08-17,8849762.0,8428995.0,5699175.0,2727473.0,18174.0,-26492.0,329026.0,0.0,2275.586,2467848.0,539278.0,7435.0,755408.0,214.091,3333695.0,8899200.0,5565505.0,2657.0,0.0,0.0,326044.0,4901267.0,374719.0,2347.0,
2022-08-24,8851436.0,8428881.0,5700628.0,2725906.0,18803.0,-26514.0,328253.0,0.0,2275.148,2494360.0,530196.0,7435.0,792138.0,216.919,3270912.0,8900891.0,5629978.0,3570.0,0.0,0.0,326044.0,4901267.0,374719.0,2347.0,
2022-08-31,8826093.0,8406632.0,5694997.0,2709288.0,20266.0,-26740.0,327261.0,0.0,2275.721,2528284.0,669911.0,8117.0,886284.0,211.017,3115846.0,8874619.0,5758773.0,5251.0,0.0,0.0,326044.0,4893074.0,375761.0,2347.0,
2022-09-07,8822401.0,8402399.0,5690760.0,2709291.0,18467.0,-26723.0,326584.0,5.0,2282.992,2459898.0,582921.0,7435.0,790359.0,205.397,3271336.0,8872043.0,5600707.0,3677.0,0.0,0.0,321820.0,4893074.0,375761.0,2347.0,
2022-09-14,8832759.0,8407904.0,5687031.0,2718526.0,20606.0,-26773.0,326059.0,0.0,2281.97,2526689.0,617997.0,7435.0,851107.0,205.452,3158694.0,8882663.0,5723969.0,6158.0,0.0,0.0,318105.0,4893074.0,375761.0,2347.0,
2022-09-21,8816802.0,8391153.0,5673919.0,2714887.0,21124.0,-26714.0,325140.0,0.0,2278.366,2611368.0,690286.0,7439.0,907957.0,219.396,3003721.0,8866903.0,5863182.0,6913.0,0.0,0.0,314792.0,4883288.0,375761.0,2347.0,
2022-09-28,8795567.0,8372353.0,5671848.0,2698158.0,20558.0,-26580.0,324036.0,1.0,2277.276,2638289.0,661920.0,7436.0,881536.0,229.992,2983206.0,8845333.0,5862128.0,6470.0,0.0,0.0,312734.0,4883288.0,375761.0,2347.0,
2022-10-01,,,,,,,,,,,,,,,,,,,,,,,,,26734.277
2022-10-05,8759053.0,8334431.0,5633926.0,2698158.0,21415.0,-26580.0,323367.0,0.0,2281.006,2544845.0,622131.0,7434.0,839881.0,219.058,3076450.0,8809483.0,5733033.0,7511.0,0.0,0.0,308699.0,4849432.0,375761.0,2347.0,
2022-10-12,8758969.0,8330346.0,5629841.0,2698158.0,20067.0,-26741.0,322758.0,0.0,2287.341,2580347.0,583513.0,7435.0,788876.0,203.952,3090307.0,8809411.0,5719104.0,7669.0,0.0,0.0,304652.0,4849432.0,375761.0,2347.0,
2022-10-19,8743922.0,8312950.0,5611953.0,2698651.0,18713.0,-26756.0,322044.0,10.0,2285.758,2571659.0,640613.0,7435.0,834944.0,199.992,3040777.0,8794451.0,5753673.0,5139.0,0.0,0.0,301567.0,4834667.0,375761.0,2347.0,
2022-10-26,8723090.0,8289604.0,5608738.0,2678519.0,19020.0,-26759.0,320794.0,1.0,2283.739,2489364.0,636327.0,7436.0,831180.0,194.718,3108146.0,8773230.0,5665084.0,5585.0,0.0,0.0,298315.0,4834742.0,375761.0,2347.0,
2022-11-02,8676870.0,8255836.0,5574965.0,2678523.0,17443.0,-26783.0,320135.0,1.0,2285.246,2580600.0,552089.0,7436.0,751863.0,193.545,3046975.0,8727374.0,5680399.0,4407.0,0.0,0.0,296059.0,4803184.0,375761.0,2347.0,
2022-11-09,8678886.0,8256104.0,5575232.0,2678524.0,16612.0,-27087.0,319545.0,1.0,2288.828,2592090.0,517340.0,7436.0,715424.0,193.788,3071230.0,8729390.0,5658160.0,3734.0,0.0,0.0,296059.0,4803184.0,375786.0,2347.0,
2022-11-16,8625620.0,8214279.0,5535051.0,2676881.0,20517.0,-27256.0,318863.0,10.0,2294.034,2476091.0,472185.0,7436.0,669680.0,195.694,3176796.0,8676172.0,5499376.0,7851.0,0.0,0.0,296059.0,4762764.0,375786.0,2347.0,
2022-11-23,8621390.0,8209753.0,5535323.0,2672083.0,21697.0,-27238.0,317952.0,0.0,2294.186,2430204.0,492754.0,7435.0,722098.0,197.714,3168849.0,8671784.0,5502935.0,9140.0,0.0,0.0,296059.0,4762764.0,375786.0,2347.0,
2022-11-30,8584576.0,8177087.0,5515984.0,2658756.0,22332.0,-27414.0,317070.0,0.0,2297.948,2496506.0,532791.0,7437.0,733145.0,193.915,3052233.0,8634263.0,5582030.0,10085.0,0.0,0.0,296059.0,4741553.0,377416.0,2347.0,
2022-12-07,8582735.0,8175598.0,5514496.0,2658756.0,19283.0,-27610.0,316497.0,0.0,2296.473,2519549.0,410853.0,8436.0,617072.0,199.19,3149088.0,8633317.0,5484229.0,7158.0,0.0,0.0,294133.0,4741553.0,377416.0,2347.0,
2022-12-14,8583413.0,8174734.0,5513754.0,2658633.0,17623.0,-27537.0,315877.0,3.0,2295.081,2551440.0,342104.0,8436.0,563892.0,204.782,3170805.0,8633974.0,5463169.0,5897.0,0.0,0.0,292954.0,4741553.0,377416.0,2347.0,
2022-12-21,8564411.0,8156600.0,5501030.0,2653222.0,16209.0,-27466.0,315087.0,0.0,2296.207,2562362.0,434922.0,8434.0,655061.0,216.625,3049325.0,8614998.0,5565672.0,4571.0,0.0,0.0,291827.0,4729518.0,377416.0,2347.0,
2022-12-28,8551169.0,8144582.0,5500834.0,2641402.0,16129.0,-27288.0,314178.0,0.0,2303.992,2627152.0,409809.0,8434.0,637310.0,228.536,2979738.0,8601387.0,5621648.0,4638.0,0.0,0.0,291192.0,4729518.0,377416.0,2347.0,
2023-01-01,,,,,,,,,,,,,,,,,,,,,,,,,27164.359
2023-01-04,8507429.0,8101500.0,5457751.0,2641402.0,15356.0,-27479.0,313543.0,1.0,2309.271,2561883.0,379620.0,8935.0,602570.0,217.272,3041928.0,8557971.0,5516043.0,3932.0,0.0,0.0,289338.0,4688163.0,377416.0,2347.0,
2023-01-11,8508587.0,8100175.0,5456426.0,2641402.0,15207.0,-27461.0,312938.0,0.0,2303.115,2547806.0,346426.0,8935.0,550878.0,203.773,3116831.0,8559203.0,5442373.0,3860.0,0.0,0.0,288199.0,4688088.0,377416.0,2347.0,
2023-01-18,8489039.0,8079010.0,5436722.0,2639940.0,15877.0,-27407.0,312256.0,1.0,2297.186,2503262.0,377500.0,8934.0,582942.0,199.718,3118236.0,8539573.0,5421337.0,4603.0,5.0,0.0,287231.0,4672607.0,374979.0,2347.0,
2023-01-25,8470557.0,8062665.0,5435582.0,2624735.0,16289.0,-27342.0,311189.0,0.0,2292.266,2415204.0,572622.0,8933.0,773682.0,201.73,3000541.0,8521126.0,5520584.0,5106.0,0.0,0.0,286200.0,4672607.0,374979.0,2347.0,
2023-02-01,8433610.0,8024470.0,5397388.0,2624735.0,15769.0,-27452.0,310540.0,11.0,2294.365,2414345.0,500852.0,9435.0,705598.0,191.404,3030286.0,8483752.0,5453467.0,4700.0,0.0,0.0,285021.0,4635737.0,374979.0,2347.0,
2023-02-08,8435369.0,8024104.0,5397022.0,2624735.0,15476.0,-27461.0,309916.0,1.0,2297.972,2418931.0,495838.0,9434.0,697680.0,198.694,3033560.0,8485904.0,5452345.0,4486.0,0.0,0.0,285021.0,4635737.0,374979.0,2347.0,
2023-02-15,8384767.0,7990467.0,5364607.0,2623512.0,15673.0,-27659.0,309222.0,0.0,2298.493,2362504.0,439703.0,9434.0,634878.0,192.121,3107419.0,8435368.0,5327949.0,4778.0,0.0,0.0,285021.0,4603687.0,374979.0,2347.0,
2023-02-22,8382190.0,7986887.0,5364291.0,2620248.0,15363.0,-27649.0,308449.0,0.0,2301.158,2471357.0,451307.0,9435.0,643828.0,185.548,2983553.0,8432631.0,5449077.0,4558.0,0.0,0.0,285021.0,4603737.0,374979.0,2347.0,
2023-03-01,8339684.0,7948534.0,5336147.0,2610040.0,15067.0,-27900.0,307553.0,0.0,2302.652,2500611.0,351015.0,9438.0,530722.0,187.215,3027967.0,8390262.0,5362294.0,4362.0,0.0,0.0,285021.0,4573742.0,377024.0,2347.0,
2023-03-08,8342283.0,7948335.0,5335948.0,2610040.0,15209.0,-27844.0,307032.0,0.0,2306.483,2560350.0,311731.0,9434.0,492278.0,173.869,3003676.0,8392273.0,5388597.0,4581.0,0.0,0.0,283960.0,4573742.0,377024.0,2347.0,
2023-03-15,8639300.0,7940014.0,5328927.0,2608741.0,318148.0,-27720.0,306448.0,0.0,2308.318,2423126.0,277643.0,11635.0,487920.0,204.312,3444208.0,8689873.0,5245664.0,152853.0,0.0,11943.0,283187.0,4566632.0,377024.0,2347.0,
2023-03-22,8733787.0,7936558.0,5328976.0,2605235.0,354191.0,-27594.0,305773.0,60000.0,2314.991,2649984.0,199856.0,9437.0,419083.0,206.771,3369986.0,8784306.0,5414320.0,110248.0,0.0,53669.0,282374.0,4566632.0,377024.0,2347.0,
2023-03-29,8705942.0,7926131.0,5329303.0,2594480.0,342667.0,-27421.0,304958.0,55000.0,2321.775,2632542.0,162758.0,9436.0,376963.0,213.278,3401800.0,8756264.0,5354464.0,88157.0,0.0,64403.0,281840.0,4566632.0,377024.0,2347.0,
2023-04-01,,,,,,,,,,,,,,,,,,,,,,,,,27453.815
2023-04-05,8632384.0,7877114.0,5280287.0,2594480.0,332449.0,-27362.0,304395.0,40000.0,2323.763,2599403.0,140688.0,9681.0,354971.0,212.176,3381350.0,8682658.0,5301308.0,69705.0,0.0,79021.0,280966.0,4517796.0,377024.0,2347.0,
2023-04-12,8614797.0,7877741.0,5280914.0,2594480.0,321087.0,-27314.0,303880.0,30000.0,2324.47,2676727.0,86554.0,9758.0,299511.0,207.098,3347553.0,8665333.0,5317780.0,67633.0,0.0,71837.0,280966.0,4517796.0,377024.0,2347.0,
2023-04-19,8593263.0,7860459.0,5265070.0,2593042.0,325458.0,-27248.0,303280.0,20000.0,2323.075,2666343.0,265095.0,9684.0,471124.0,203.749,3164881.0,8643883.0,5479002.0,69925.0,0.0,73982.0,280966.0,4515362.0,365411.0,2347.0,
2023-04-26,8562768.0,7843852.0,5265728.0,2575776.0,334130.0,-27364.0,302252.0,0.0,2322.451,2638805.0,296209.0,9684.0,505693.0,204.658,3132099.0,8613289.0,5481190.0,73855.0,0.0,81327.0,280966.0,4515412.0,365411.0,2347.0,
2023-05-03,8503994.0,7800812.0,5222684.0,2575780.0,317837.0,-27333.0,301683.0,0.0,2325.352,2640951.0,188309.0,9676.0,404499.0,205.086,3166236.0,8554327.0,5388091.0,5345.0,0.0,75778.0,280966.0,4471870.0,365411.0,2347.0,
2023-05-10,8503017.0,7801273.0,5223146.0,2575780.0,313360.0,-27355.0,301158.0,25.0,2330.662,2618178.0,154808.0,9684.0,368158.0,204.3,3225311.0,8553664.0,5328353.0,9323.0,0.0,83101.0,281041.0,4471870.0,365436.0,2347.0,
2023-05-17,8456760.0,7771385.0,5194610.0,2574428.0,312840.0,-27510.0,300483.0,6.0,2333.061,2598627.0,68332.0,9685.0,285396.0,211.186,3279987.0,8507369.0,5227381.0,9048.0,0.0,87006.0,281041.0,4442983.0,365436.0,2347.0,
2023-05-24,8436255.0,7767733.0,5194961.0,2570425.0,296860.0,-27725.0,299701.0,30.0,2334.829,2611006.0,49473.0,9686.0,285965.0,211.133,3250771.0,8486940.0,5236169.0,4211.0,0.0,91907.0,281041.0,4442983.0,365436.0,2347.0,
2023-05-31,8385854.0,7724820.0,5164237.0,2558236.0,293644.0,-27846.0,298829.0,0.0,2341.87,2615677.0,48512.0,9755.0,268475.0,209.147,3205526.0,8436060.0,5230534.0,3971.0,0.0,93615.0,281041.0,4409053.0,368253.0,2347.0,
2023-06-07,8389325.0,7722405.0,5161822.0,2558236.0,296396.0,-27760.0,298320.0,0.0,2343.827,2508076.0,77500.0,9685.0,285131.0,205.414,3306154.0,8439704.0,5133550.0,3167.0,0.0,100161.0,278066.0,4409053.0,368253.0,2347.0,
2023-06-14,8388323.0,7720770.0,5160251.0,2558172.0,293812.0,-27605.0,297767.0,0.0,2342.07,2437071.0,134857.0,9685.0,354721.0,203.613,3306311.0,8438858.0,5132547.0,3618.0,0.0,101969.0,275936.0,4409053.0,368253.0,2347.0,
2023-06-21,8362060.0,7701409.0,5145712.0,2553350.0,285934.0,-27593.0,297048.0,2.0,2343.442,2370269.0,292106.0,9687.0,503339.0,204.423,3203951.0,8412702.0,5208750.0,3208.0,0.0,102735.0,272967.0,4396923.0,368253.0,2347.0,
2023-06-28,8340914.0,7685565.0,5145080.0,2538138.0,282026.0,-27346.0,296132.0,0.0,2341.456,2271871.0,408561.0,9685.0,606221.0,202.22,3176029.0,8391279.0,5215250.0,3209.0,0.0,103081.0,271803.0,4396923.0,368228.0,2347.0,
2023-07-01,,,,,,,,,,,,,,,,,,,,,,,,,27967.697
2023-07-05,8298312.0,7646946.0,5106460.0,2538138.0,277332.0,-27258.0,295568.0,0.0,2346.062,2191320.0,446864.0,9697.0,643144.0,189.584,3179646.0,8348674.0,5169027.0,3356.0,0.0,101959.0,268928.0,4360825.0,368228.0,2347.0,
2023-07-12,8296923.0,7644833.0,5104348.0,2538138.0,274364.0,-27188.0,295053.0,3.0,2344.649,2147843.0,517418.0,9686.0,706338.0,181.917,3162124.0,8347532.0,5185408.0,2692.0,0.0,102305.0,266544.0,4360825.0,368228.0,2347.0,
2023-07-19,8274552.0,7623441.0,5083036.0,2538059.0,272061.0,-27259.0,294484.0,25.0,2338.235,2058685.0,537441.0,9686.0,726632.0,183.22,3220590.0,8325233.0,5104643.0,2633.0,0.0,102927.0,263617.0,4346972.0,364549.0,2347.0,
2023-07-26,8243344.0,7600888.0,5080981.0,2517559.0,266372.0,-27155.0,293388.0,1.0,2333.581,2066975.0,549897.0,9685.0,742465.0,192.651,3166767.0,8293935.0,5127168.0,2249.0,0.0,105078.0,261294.0,4346972.0,364549.0,2347.0,
2023-08-02,8206764.0,7567931.0,5048025.0,2517559.0,262111.0,-27069.0,292827.0,1.0,2333.17,2072409.0,460926.0,9686.0,655423.0,186.368,3217397.0,8257051.0,5039654.0,1898.0,0.0,105684.0,259422.0,4315599.0,364549.0,2347.0,
2023-08-09,8208241.0,7568277.0,5048370.0,2517559.0,260386.0,-27098.0,292326.0,0.0,2333.088,2096452.0,432262.0,9686.0,620755.0,184.189,3228582.0,8258819.0,5030237.0,1911.0,0.0,106864.0,259422.0,4315599.0,364549.0,2347.0,
2023-08-16,8145727.0,7525905.0,5006075.0,2517483.0,256961.0,-27505.0,291772.0,6.0,2330.96,2096666.0,384814.0,9684.0,566560.0,175.178,3228952.0,8196376.0,4967424.0,1966.0,0.0,107242.0,259422.0,4272959.0,364549.0,2347.0,
2023-08-23,8139066.0,7521981.0,5006494.0,2513140.0,252629.0,-27498.0,291081.0,0.0,2328.43,2112514.0,416031.0,9686.0,596533.0,168.116,3177380.0,8189653.0,5012273.0,2190.0,0.0,107386.0,259422.0,4273034.0,364549.0,2347.0,
2023-08-30,8121316.0,7508057.0,5006839.0,2498870.0,250565.0,-27422.0,290201.0,1.0,2328.244,1998323.0,500702.0,10412.0,675819.0,169.549,3196542.0,8171380.0,4974838.0,2907.0,0.0,107527.0,259422.0,4273034.0,364549.0,2347.0,
2023-09-06,8101318.0,7489689.0,4988471.0,2498870.0,249307.0,-27481.0,289653.0,6.0,2333.971,1899878.0,481552.0,10453.0,655866.0,169.482,3290475.0,8151363.0,4860888.0,2051.0,0.0,107855.0,258161.0,4254843.0,365380.0,2347.0,
2023-09-13,8098779.0,7483696.0,4982479.0,2498870.0,249615.0,-27333.0,289154.0,0.0,2331.814,1835634.0,537364.0,9689.0,709036.0,160.921,3310525.0,8149375.0,4838850.0,2698.0,0.0,107993.0,251982.0,4254818.0,365380.0,2347.0,
2023-09-20,8024090.0,7457541.0,4960735.0,2494460.0,201102.0,-26821.0,288150.0,0.0,2326.11,1804707.0,661717.0,9688.0,834755.0,169.668,3144404.0,8074687.0,4930283.0,3078.0,0.0,107599.0,246946.0,4237898.0,365380.0,2347.0,
2023-09-27,8002064.0,7440211.0,4958138.0,2479726.0,198060.0,-26560.0,287252.0,2.0,2323.387,1755109.0,672142.0,9687.0,845484.0,176.0,3168502.0,8052435.0,4883934.0,3193.0,0.0,107715.0,244137.0,4237898.0,365380.0,2347.0,
2023-10-01,,,,,,,,,,,,,,,,,,,,,,,,,28296.967
2023-10-04,7955782.0,7412483.0,4930410.0,2479726.0,179084.0,-26402.0,286720.0,0.0,2324.044,1632015.0,678959.0,9688.0,846320.0,165.3,3240707.0,8005988.0,4765280.0,2773.0,0.0,107665.0,238533.0,4215416.0,365380.0,2347.0,
2023-10-11,7952054.0,7410580.0,4928507.0,2479726.0,174564.0,-26511.0,286240.0,0.0,2327.992,1529752.0,713000.0,9688.0,873644.0,154.743,3315650.0,8002625.0,4686975.0,2580.0,0.0,108884.0,236160.0,4215416.0,365380.0,2347.0,
2023-10-18,7933162.0,7395456.0,4913457.0,2479652.0,169618.0,-26422.0,285717.0,0.0,2325.043,1448928.0,841103.0,9688.0,1002778.0,151.981,3250230.0,7983744.0,4733514.0,2962.0,0.0,108818.0,234531.0,4201526.0,365380.0,2347.0,
2023-10-25,7907830.0,7377454.0,4912200.0,2462907.0,165031.0,-26324.0,284770.0,1.0,2322.925,1403115.0,847717.0,9685.0,1016892.0,162.024,3263971.0,7958425.0,4694455.0,3170.0,0.0,109068.0,232804.0,4201526.0,365380.0,2347.0,
2023-11-01,7866664.0,7337855.0,4872601.0,2462907.0,163189.0,-26246.0,284242.0,1.0,2323.302,1396515.0,753008.0,9686.0,927385.0,162.74,3314630.0,7917018.0,4602388.0,2951.0,0.0,109070.0,231266.0,4163024.0,365380.0,2347.0,
2023-11-08,7860691.0,7338168.0,4872914.0,2462907.0,154667.0,-26547.0,283751.0,0.0,2325.496,1343857.0,763459.0,9687.0,932691.0,162.323,3360426.0,7911316.0,4550890.0,2229.0,0.0,112935.0,231266.0,4163024.0,365405.0,2347.0,
2023-11-15,7814991.0,7307897.0,4842619.0,2462931.0,154584.0,-26526.0,283220.0,76.0,2325.769,1267973.0,669976.0,9689.0,837304.0,159.892,3483325.0,7865652.0,4382328.0,2241.0,0.0,112942.0,231266.0,4132451.0,365405.0,2347.0,
2023-11-22,7810814.0,7304878.0,4842936.0,2459595.0,154467.0,-26497.0,282499.0,0.0,2328.122,1271679.0,693007.0,9685.0,861283.0,160.658,3455063.0,7861322.0,4406259.0,2442.0,0.0,114099.0,231266.0,4132451.0,365405.0,2347.0,
2023-11-29,7796145.0,7292556.0,4843174.0,2447035.0,153906.0,-26483.0,281760.0,3.0,2332.284,1254156.0,753570.0,9690.0,920722.0,168.694,3395396.0,7846260.0,4450864.0,2242.0,0.0,113871.0,231266.0,4132451.0,365405.0,2347.0,
2023-12-06,7737385.0,7262202.0,4812820.0,2447035.0,127407.0,-26611.0,281218.0,6.0,2331.267,1184528.0,667678.0,9682.0,837108.0,159.91,3496754.0,7787657.0,4290904.0,1960.0,0.0,121695.0,230408.0,4102776.0,365578.0,2347.0,
2023-12-13,7739566.0,7258982.0,4809734.0,2446901.0,129574.0,-26402.0,280707.0,7.0,2330.704,1152232.0,630618.0,9693.0,799744.0,157.073,3567772.0,7790170.0,4222398.0,2173.0,5.0,123764.0,227363.0,4102776.0,365578.0,2347.0,
2023-12-20,7724063.0,7238168.0,4792329.0,2443492.0,137262.0,-26189.0,280036.0,0.0,2331.78,1124202.0,732721.0,9688.0,904459.0,173.082,3477288.0,7774674.0,4297386.0,2400.0,0.0,131335.0,224095.0,4088681.0,365578.0,2347.0,
2023-12-27,7712781.0,7224667.0,4790547.0,2431773.0,141785.0,-25884.0,279171.0,0.0,2340.294,1165574.0,713064.0,9690.0,887342.0,179.338,3434213.0,7763279.0,4329066.0,2492.0,0.0,135805.0,222354.0,4088681.0,365578.0,2347.0,
2024-01-01,,,,,,,,,,,,,,,,,,,,,,,,,28624.069
2024-01-03,7681024.0,7187450.0,4753330.0,2431773.0,146820.0,-25798.0,278627.0,0.0,2347.534,1085975.0,743464.0,9691.0,913887.0,171.032,3459408.0,7731147.0,4271739.0,2159.0,12.0,141202.0,216788.0,4057147.0,365578.0,2347.0,
2024-01-10,7686710.0,7185635.0,4751515.0,2431773.0,152694.0,-25717.0,278115.0,0.0,2343.63,1041144.0,727856.0,9692.0,892937.0,158.235,3537383.0,7737223.0,4199841.0,2106.0,0.0,147175.0,215192.0,4057147.0,365578.0,2347.0,
2024-01-17,7673741.0,7158081.0,4724025.0,2431710.0,167161.0,-25618.0,277567.0,0.0,2337.62,936323.0,773544.0,9690.0,940521.0,159.547,3592326.0,7724262.0,4131935.0,2295.0,0.0,161501.0,213749.0,4038372.0,360222.0,2347.0,
2024-01-24,7677230.0,7153293.0,4722302.0,2428644.0,173891.0,-25452.0,276850.0,0.0,2331.659,980069.0,815159.0,9689.0,1007778.0,163.583,3489709.0,7727609.0,4237901.0,2785.0,0.0,167768.0,212242.0,4038372.0,360222.0,2347.0,
2024-01-31,7630124.0,7112224.0,4692721.0,2417156.0,171747.0,-25476.0,276055.0,0.0,2326.77,977603.0,865481.0,9688.0,1050556.0,164.16,3411717.0,7679793.0,4268076.0,3189.0,0.0,165238.0,210353.0,4010894.0,360222.0,2347.0,
2024-02-07,7631300.0,7112112.0,4692608.0,2417156.0,170501.0,-25523.0,275555.0,0.0,2326.219,890179.0,821575.0,9691.0,993399.0,163.37,3555738.0,7681633.0,4125895.0,2334.0,0.0,164869.0,210353.0,4010894.0,360222.0,2347.0,
2024-02-14,7633874.0,7112069.0,4692495.0,2417227.0,170448.0,-25507.0,275023.0,0.0,2326.302,905572.0,831880.0,9687.0,1004097.0,160.642,3537469.0,7684198.0,4146729.0,2419.0,0.0,164772.0,210353.0,4010894.0,360222.0,2347.0,
2024-02-21,7581683.0,7077988.0,4661421.0,2414220.0,169867.0,-25568.0,274368.0,1.0,2329.142,914625.0,788759.0,9687.0,952730.0,157.757,3523095.0,7631975.0,4108879.0,2405.0,0.0,164231.0,210353.0,3979933.0,360222.0,2347.0,
2024-02-28,7567807.0,7066839.0,4661257.0,2403235.0,168773.0,-25689.0,273588.0,4.0,2330.095,908801.0,767672.0,9689.0,930101.0,162.457,3540982.0,7617616.0,4076634.0,2105.0,0.0,163474.0,210353.0,3979883.0,360222.0,2347.0,
2024-03-06,7538857.0,7037288.0,4631706.0,2403235.0,169181.0,-25685.0,273096.0,5.0,2334.956,793394.0,760550.0,10755.0,928185.0,156.358,3620689.0,7588746.0,3968057.0,1882.0,128.0,164022.0,209312.0,3950503.0,360612.0,2347.0,
2024-03-13,7541969.0,7034433.0,4628851.0,2403235.0,172541.0,-25458.0,272651.0,4.0,2338.748,854678.0,748388.0,11552.0,920405.0,157.386,3573153.0,7592215.0,4019062.0,1825.0,147.0,167463.0,205827.0,3950553.0,360612.0,2347.0,
2024-03-20,7514348.0,7022774.0,4620435.0,2399992.0,155967.0,-25228.0,272065.0,3.0,2340.253,845466.0,812605.0,12393.0,982555.0,171.004,3489577.0,7564635.0,4075059.0,2672.0,40.0,150183.0,202148.0,3945236.0,360612.0,2347.0,
2024-03-27,7484739.0,7008864.0,4618082.0,2388435.0,142136.0,-24991.0,271336.0,0.0,2341.731,872746.0,772260.0,14547.0,946645.0,164.221,3472403.0,7535016.0,4062613.0,6270.0,0.0,132806.0,199215.0,3945236.0,360612.0,2347.0,
2024-04-01,,,,,,,,,,,,,,,,,,,,,,,,,29016.714
2024-04-03,7439558.0,6965944.0,4575162.0,2388435.0,138960.0,-24784.0,270865.0,2.0,2344.31,801636.0,732828.0,10699.0,898547.0,167.478,3541167.0,7489453.0,3948286.0,5451.0,0.0,130462.0,195143.0,3905763.0,360612.0,2347.0,
2024-04-10,7438176.0,6966629.0,4575846.0,2388435.0,134427.0,-24742.0,270436.0,1.0,2346.773,799197.0,672537.0,9693.0,830092.0,152.046,3615691.0,7488599.0,3872908.0,5053.0,0.0,126344.0,195143.0,3905763.0,360612.0,2347.0,
2024-04-17,7405506.0,6929720.0,4539133.0,2388241.0,137326.0,-24731.0,269968.0,7.0,2346.075,795640.0,929932.0,9694.0,1085710.0,146.277,3329532.0,7455958.0,4126425.0,8559.0,34.0,125706.0,195143.0,3881355.0,350027.0,2347.0,
2024-04-24,7402434.0,6926866.0,4539799.0,2384720.0,135693.0,-24833.0,269384.0,5.0,2344.397,809259.0,929379.0,27504.0,1133956.0,155.032,3271706.0,7452930.0,4181224.0,7018.0,197.0,125492.0,195143.0,3881355.0,350027.0,2347.0,
2024-05-01,7362474.0,6892302.0,4517906.0,2372049.0,133883.0,-24771.0,268656.0,0.0,2344.546,798065.0,890442.0,9694.0,1055744.0,156.105,3316943.0,7412555.0,4095613.0,6791.0,0.0,124117.0,195143.0,3858685.0,350136.0,2347.0,
2024-05-08,7353408.0,6893087.0,4518691.0,2372049.0,121830.0,-24855.0,268235.0,1.0,2347.485,854964.0,816809.0,9696.0,978824.0,154.954,3330687.0,7403976.0,4073289.0,6198.0,0.0,112663.0,195218.0,3858685.0,350161.0,2347.0,
2024-05-15,7304272.0,6862420.0,4488090.0,2371983.0,118922.0,-24936.0,267778.0,0.0,2347.269,827210.0,706108.0,9680.0,869609.0,150.042,3416386.0,7354760.0,3938373.0,6364.0,0.0,109595.0,195218.0,3827406.0,350161.0,2347.0,
2024-05-22,7299566.0,6859354.0,4488767.0,2368240.0,118619.0,-25208.0,267198.0,1.0,2347.194,864910.0,710882.0,9677.0,874689.0,157.907,3375014.0,7350090.0,3975076.0,6664.0,0.0,109005.0,195218.0,3827406.0,350161.0,2347.0,
2024-05-29,7284319.0,6846434.0,4489444.0,2354642.0,117775.0,-25191.0,266456.0,5.0,2351.934,824602.0,716020.0,9684.0,876937.0,171.074,3391075.0,7334623.0,3943549.0,6574.0,0.0,108249.0,195218.0,3827406.0,350161.0,2347.0,
2024-06-05,7255687.0,6818225.0,4461236.0,2354642.0,116968.0,-25233.0,265994.0,106.0,2352.529,745845.0,703314.0,9677.0,866128.0,154.022,3457738.0,7305834.0,3848096.0,6188.0,0.0,107834.0,195218.0,3797735.0,351111.0,2347.0,
2024-06-12,7258974.0,6818650.0,4461661.0,2354642.0,117079.0,-25042.0,265565.0,5.0,2350.512,832756.0,650212.0,9683.0,806870.0,150.484,3434032.0,7309572.0,3875540.0,6461.0,0.0,107690.0,195218.0,3797735.0,351111.0,2347.0,
2024-06-19,7252542.0,6810058.0,4453071.0,2354640.0,116922.0,-24930.0,265119.0,1.0,2349.646,764869.0,782158.0,9682.0,940203.0,145.505,3366166.0,7303229.0,3937063.0,6683.0,0.0,107338.0,195218.0,3788720.0,351111.0,2347.0,
2024-06-26,7231163.0,6791915.0,4453571.0,2335997.0,116481.0,-24692.0,264205.0,1.0,2351.673,879766.0,744206.0,9682.0,898647.0,157.777,3268895.0,7281682.0,4012787.0,7026.0,0.0,106556.0,195293.0,3788720.0,351111.0,2347.0,
2024-07-01,,,,,,,,,,,,,,,,,,,,,,,,,29374.914
2024-07-03,7221520.0,6776238.0,4437894.0,2335997.0,115555.0,-24501.0,263669.0,4.0,2353.828,811308.0,745608.0,9684.0,903880.0,157.575,3322165.0,7271675.0,3949510.0,6404.0,0.0,106284.0,195293.0,3772735.0,351086.0,2347.0,
2024-07-10,7224079.0,6776438.0,4438095.0,2335997.0,115657.0,-24484.0,263287.0,1.0,2357.155,821243.0,722328.0,9685.0,878751.0,147.326,3341046.0,7274729.0,3933683.0,6803.0,0.0,105998.0,195293.0,3772785.0,351086.0,2347.0,
2024-07-17,7208247.0,6761831.0,4423552.0,2335932.0,112687.0,-24496.0,262938.0,100.0,2351.822,790041.0,766779.0,9684.0,923081.0,149.14,3322446.0,7258879.0,3936433.0,6634.0,0.0,103248.0,195293.0,3768759.0,342996.0,2347.0,
2024-07-24,7205455.0,6758287.0,4423725.0,2332216.0,111944.0,-24424.0,262340.0,0.0,2347.325,805967.0,767419.0,9684.0,951656.0,154.237,3275885.0,7256118.0,3980233.0,6751.0,0.0,102410.0,195293.0,3768759.0,342996.0,2347.0,
2024-07-31,7178391.0,6734152.0,4413615.0,2318190.0,111755.0,-24370.0,261590.0,5.0,2346.693,813261.0,854001.0,9685.0,1018358.0,147.646,3178700.0,7228298.0,4049598.0,6925.0,0.0,102066.0,195293.0,3757428.0,344044.0,2347.0,
2024-08-07,7175256.0,6734187.0,4413650.0,2318190.0,105772.0,-24425.0,261148.0,10.0,2348.86,681881.0,785233.0,9680.0,949554.0,156.462,3372916.0,7225863.0,3852947.0,2232.0,0.0,100858.0,195293.0,3757428.0,344044.0,2347.0,
2024-08-14,7177688.0,6734156.0,4413685.0,2318124.0,105531.0,-24570.0,260671.0,0.0,2348.547,722198.0,788823.0,9683.0,951939.0,152.357,3338916.0,7228268.0,3889353.0,2410.0,0.0,100452.0,195293.0,3757428.0,344044.0,2347.0,
2024-08-21,7139952.0,6715162.0,4398736.0,2314079.0,104212.0,-24712.0,260059.0,1.0,2346.68,718527.0,734727.0,9681.0,897420.0,154.009,3359078.0,7190536.0,3831458.0,2061.0,0.0,99488.0,195293.0,3742444.0,344044.0,2347.0,
2024-08-28,7123238.0,6700866.0,4398721.0,2299798.0,103172.0,-24669.0,259282.0,0.0,2347.142,802001.0,757077.0,9679.0,913299.0,163.995,3244959.0,7173592.0,3928633.0,1679.0,0.0,98872.0,195293.0,3742394.0,344044.0,2347.0,
2024-09-04,7112567.0,6690962.0,4388817.0,2299798.0,102447.0,-24660.0,258808.0,0.0,2353.637,744252.0,771047.0,9826.0,933213.0,154.814,3264604.0,7162612.0,3898008.0,1517.0,0.0,98335.0,195293.0,3732403.0,344044.0,2347.0,
2024-09-11,7115001.0,6691162.0,4389017.0,2299798.0,101798.0,-24491.0,258370.0,9.0,2353.761,699224.0,725577.0,9679.0,894077.0,155.691,3359741.0,7165599.0,3805858.0,1568.0,0.0,97667.0,195293.0,3732478.0,344044.0,2347.0,
2024-09-18,7109137.0,6686082.0,4384005.0,2299730.0,98685.0,-24287.0,257898.0,0.0,2350.313,723605.0,839398.0,9682.0,1007011.0,156.562,3216822.0,7159678.0,3942856.0,1376.0,0.0,94785.0,195293.0,3727342.0,344044.0,2347.0,
2024-09-25,7080059.0,6668555.0,4384130.0,2282078.0,89727.0,-24054.0,257018.0,61.0,2349.315,833314.0,778910.0,9681.0,949129.0,168.237,3141565.0,7130656.0,3989090.0,1365.0,0.0,85941.0,195293.0,3727342.0,344044.0,2347.0,
2024-10-01,,,,,,,,,,,,,,,,,,,,,,,,,29723.864
2024-10-02,7046925.0,6648807.0,4364382.0,2282078.0,75475.0,-23863.0,256558.0,2.0,2350.808,799254.0,823412.0,9682.0,990044.0,163.812,3097210.0,7096929.0,3999719.0,1660.0,0.0,71468.0,195293.0,3707128.0,344395.0,2347.0,
2024-10-09,7046840.0,6648891.0,4364466.0,2282078.0,72931.0,-23910.0,256120.0,1.0,2353.587,739297.0,787395.0,9682.0,951400.0,155.675,3197045.0,7097175.0,3900131.0,1745.0,0.0,68883.0,195293.0,3707128.0,344395.0,2347.0,
2024-10-16,7039284.0,6642007.0,4357572.0,2282088.0,70976.0,-23844.0,255652.0,1.0,2357.664,669015.0,814751.0,9684.0,978291.0,154.863,3228838.0,7089614.0,3860776.0,1879.0,0.0,66833.0,195293.0,3704397.0,340931.0,2347.0,
2024-10-23,7029408.0,6638619.0,4357656.0,2278616.0,63669.0,-23767.0,255068.0,0.0,2355.333,668617.0,817410.0,9683.0,977286.0,154.092,3228462.0,7080020.0,3851558.0,1768.0,0.0,59717.0,195293.0,3704397.0,340931.0,2347.0,
2024-10-30,7013490.0,6626135.0,4357825.0,2265963.0,61485.0,-23681.0,254329.0,31.0,2354.32,627007.0,847137.0,9684.0,1011543.0,157.079,3215794.0,7063080.0,3847286.0,1505.0,0.0,57831.0,195293.0,3704447.0,340956.0,2347.0,
2024-11-06,6994299.0,6608273.0,4339963.0,2265963.0,59758.0,-23941.0,253870.0,101.0,2357.466,573077.0,840227.0,9681.0,1008737.0,158.444,3255532.0,7044946.0,3789413.0,1600.0,0.0,56055.0,195293.0,3686021.0,341360.0,2347.0,
2024-11-13,6967108.0,6608370.0,4340060.0,2265963.0,31321.0,-23924.0,253442.0,6.0,2360.938,628124.0,808857.0,9682.0,986164.0,166.746,3192048.0,7017729.0,3825681.0,2830.0,0.0,26395.0,195293.0,3685946.0,341360.0,2347.0,
2024-11-20,6923731.0,6587564.0,4322938.0,2262279.0,26234.0,-24085.0,252815.0,11.0,2358.187,600142.0,737834.0,9684.0,902915.0,158.754,3267319.0,6974375.0,3707056.0,2747.0,0.0,21423.0,195293.0,3668652.0,341360.0,2347.0,
2024-11-27,6905140.0,6574462.0,4323134.0,2248982.0,23059.0,-24016.0,252020.0,0.0,2358.603,569509.0,782704.0,9688.0,941279.0,170.427,3234035.0,6954971.0,3720936.0,2498.0,0.0,18509.0,195293.0,3668652.0,341360.0,2347.0,
2024-12-04,6895827.0,6566874.0,4315545.0,2248982.0,21602.0,-24190.0,251628.0,7.0,2363.154,547563.0,815011.0,9883.0,975890.0,150.548,3216149.0,6945987.0,3729838.0,2430.0,0.0,17147.0,195293.0,3660946.0,341360.0,2347.0,
2024-12-11,6897485.0,6566993.0,4315665.0,2248982.0,20247.0,-24014.0,251198.0,7.0,2360.855,596284.0,711354.0,9707.0,873417.0,150.958,3273805.0,6948097.0,3674292.0,2607.0,0.0,15603.0,195293.0,3660946.0,341360.0,2347.0,
2024-12-18,6889332.0,6559858.0,4308724.0,2248787.0,17139.0,-23851.0,250735.0,2.0,2357.981,522209.0,803975.0,9680.0,979557.0,156.955,3237459.0,6939971.0,3702512.0,2076.0,0.0,13033.0,195343.0,3653836.0,341360.0,2347.0,
2024-12-25,6885963.0,6556719.0,4308893.0,2245479.0,9866.0,-23637.0,250156.0,1.0,2363.456,566327.0,735039.0,9688.0,941399.0,197.694,3218476.0,6936645.0,3718169.0,2056.0,0.0,5780.0,195343.0,3653886.0,341360.0,2347.0,
2025-01-01,6852491.0,6526716.0,4291106.0,2233262.0,9629.0,-23547.0,249522.0,0.0,2371.212,888395.0,721892.0,9687.0,910492.0,171.728,2892359.0,6902332.0,4009973.0,3227.0,5.0,4412.0,195343.0,3635780.0,341577.0,2347.0,29962.047
2025-01-08,6853554.0,6526676.0,4291067.0,2233262.0,7713.0,-23456.0,249012.0,0.0,2370.271,571520.0,620531.0,9687.0,794486.0,164.935,3332435.0,6904035.0,3571599.0,2405.0,0.0,3351.0,195343.0,3635805.0,341577.0,2347.0,
2025-01-15,6834070.0,6510166.0,4274615.0,2233205.0,5948.0,-24011.0,248552.0,0.0,2359.684,504641.0,651187.0,9688.0,829402.0,163.373,3359041.0,6884680.0,3525639.0,2665.0,0.0,1333.0,195343.0,3653635.0,318894.0,2347.0,
2025-01-22,6831760.0,6506748.0,4274563.0,2229838.0,5279.0,-23942.0,247992.0,1.0,2353.178,516449.0,665485.0,9687.0,844275.0,175.648,3331196.0,6882257.0,3551061.0,3092.0,0.0,247.0,195343.0,3653635.0,318894.0,2347.0,
2025-01-29,6818186.0,6494417.0,4274511.0,2217559.0,5339.0,-23966.0,247297.0,3.0,2349.383,496387.0,811549.0,9680.0,987958.0,180.224,3200654.0,6868059.0,3667405.0,3200.0,0.0,213.0,195343.0,3653635.0,318894.0,2347.0,
2025-02-05,6810935.0,6485850.0,4265944.0,2217559.0,5212.0,-24071.0,246850.0,0.0,2348.476,455413.0,817953.0,9683.0,986400.0,166.445,3233328.0,6861508.0,3628180.0,3095.0,0.0,197.0,195343.0,3643946.0,320005.0,2347.0,
2025-02-12,6813513.0,6485888.0,4265982.0,2217559.0,5142.0,-24057.0,246426.0,100.0,2349.214,452467.0,809154.0,9684.0,973864.0,157.113,3255407.0,6864103.0,3608696.0,3033.0,0.0,195.0,195343.0,3643946.0,320005.0,2347.0,
2025-02-19,6782332.0,6471169.0,4251251.0,2217572.0,5330.0,-24238.0,245980.0,0.0,2352.213,461029.0,738938.0,9684.0,907330.0,158.96,3276141.0,6832758.0,3556617.0,3234.0,0.0,188.0,195343.0,3629177.0,320005.0,2347.0,
2025-02-26,6766101.0,6456994.0,4251338.0,2203309.0,5341.0,-24276.0,245203.0,97.0,2353.545,511784.0,568550.0,9685.0,736843.0,165.351,3380755.0,6816058.0,3435303.0,3342.0,0.0,106.0,195343.0,3629227.0,320005.0,2347.0,
2025-03-05,6756764.0,6447226.0,4241570.0,2203309.0,5059.0,-24294.0,244789.0,84.0,2358.577,530889.0,522818.0,10107.0,697835.0,164.785,3381174.0,6806791.0,3425618.0,3092.0,0.0,79.0,195343.0,3618089.0,320912.0,2347.0,
2025-03-12,6759571.0,6447858.0,4242202.0,2203309.0,4298.0,-24123.0,244412.0,1.0,2364.263,522151.0,450713.0,9430.0,631013.0,169.359,3459687.0,6810131.0,3350445.0,2417.0,1.0,0.0,195343.0,3618089.0,320912.0,2347.0,
2025-03-19,6755982.0,6442391.0,4236787.0,2203257.0,3998.0,-23951.0,244020.0,1.0,2366.895,571477.0,415799.0,9437.0,607357.0,179.407,3425713.0,6806671.0,3380958.0,2136.0,0.0,0.0,195343.0,3612041.0,320912.0,2347.0,
2025-03-26,6740253.0,6428765.0,4237419.0,2188999.0,4089.0,-23757.0,243307.0,0.0,2369.799,628611.0,315970.0,9436.0,508655.0,193.975,3450550.0,6790866.0,3340316.0,2234.0,0.0,0.0,195343.0,3612041.0,320912.0,2347.0,
2025-04-01,,,,,,,,,,,,,,,,,,,,,,,,,30353.902
2025-04-02,6723452.0,6410395.0,4219049.0,2188999.0,4001.0,-23601.0,242906.0,0.0,2374.185,622253.0,301624.0,9439.0,515901.0,196.468,3427049.0,6773952.0,3346903.0,2154.0,0.0,0.0,195343.0,3592557.0,321443.0,2347.0,
2025-04-09,6727416.0,6410842.0,4219496.0,2188999.0,4566.0,-23571.0,242525.0,0.0,2377.344,534253.0,315189.0,9434.0,552298.0,225.424,3484345.0,6778074.0,3293729.0,2726.0,0.0,0.0,195343.0,3592557.0,321443.0,2347.0,
2025-04-16,6727113.0,6408479.0,4217259.0,2188873.0,4544.0,-23636.0,242212.0,3.0,2377.072,412428.0,638783.0,9433.0,874419.0,236.128,3280845.0,6777766.0,3496921.0,2713.0,0.0,0.0,195343.0,3601447.0,312055.0,2347.0,
2025-04-23,6726930.0,6405447.0,4217694.0,2185406.0,4931.0,-23656.0,241699.0,1000.0,2377.722,544990.0,576159.0,9434.0,815588.0,232.179,3208915.0,6777656.0,3568741.0,3112.0,0.0,0.0,195343.0,3601447.0,312055.0,2347.0,
2025-04-30,6709277.0,6391105.0,4215813.0,2172945.0,5303.0,-23625.0,241054.0,111.0,2379.886,632122.0,677657.0,9439.0,914826.0,233.3,3000277.0,6759477.0,3759200.0,3485.0,0.0,0.0,195343.0,3597415.0,313767.0,2347.0,
2025-05-07,6710889.0,6391395.0,4216103.0,2172945.0,4269.0,-23621.0,240666.0,7.0,2382.537,524554.0,595860.0,9441.0,824840.0,223.673,3200619.0,6761699.0,3561080.0,2462.0,0.0,0.0,195418.0,3597415.0,313767.0,2347.0,
2025-05-14,6713270.0,6391684.0,4216393.0,2172945.0,3999.0,-23582.0,240254.0,1.0,2383.389,519213.0,562433.0,9441.0,796174.0,221.975,3235715.0,6764045.0,3528330.0,2194.0,0.0,0.0,195418.0,3597490.0,313767.0,2347.0,
2025-05-21,6688726.0,6385159.0,4213515.0,2169296.0,3653.0,-24032.0,239726.0,1.0,2383.809,534143.0,475886.0,9437.0,708273.0,225.767,3283765.0,6739635.0,3455871.0,1853.0,0.0,0.0,195418.0,3594399.0,313767.0,2347.0,
2025-05-28,6673244.0,6372239.0,4213730.0,2156161.0,3811.0,-23990.0,239060.0,1.0,2389.389,544111.0,436627.0,9438.0,666683.0,243.373,3294014.0,6723773.0,3429759.0,2014.0,0.0,0.0,195418.0,3594399.0,313767.0,2347.0,
2025-06-04,6672885.0,6370598.0,4212090.0,2156161.0,4668.0,-24031.0,238653.0,1.0,2390.589,543927.0,376160.0,9591.0,602483.0,222.106,3361938.0,6723259.0,3361322.0,2885.0,0.0,0.0,195418.0,3592490.0,313767.0,2347.0,
2025-06-11,6677155.0,6370906.0,4212398.0,2156161.0,5763.0,-23897.0,238280.0,0.0,2389.202,576060.0,277025.0,9428.0,506092.0,219.718,3429675.0,6728014.0,3298339.0,3989.0,0.0,0.0,195418.0,3592490.0,313767.0,2347.0,
2025-06-18,6681056.0,6370818.0,4212303.0,2156168.0,7143.0,-23844.0,237817.0,0.0,2389.97,577189.0,383851.0,9433.0,614512.0,221.126,3322991.0,6731928.0,3408937.0,5383.0,0.0,0.0,195418.0,3592043.0,313767.0,2347.0,
2025-06-25,6662200.0,6353460.0,4212617.0,2138496.0,8009.0,-23734.0,237082.0,16.0,2394.16,584051.0,334579.0,9439.0,561538.0,227.43,3347274.0,6713086.0,3365812.0,6308.0,0.0,0.0,195418.0,3592093.0,313767.0,2347.0,
2025-07-02,6659598.0,6349167.0,4208325.0,2138496.0,7836.0,-23654.0,236679.0,0.0,2396.334,631138.0,372232.0,9432.0,600416.0,222.985,3256502.0,6709991.0,3453489.0,6354.0,0.0,0.0,195418.0,3585251.0,316031.0,2347.0,
2025-07-09,6661912.0,6349369.0,4208526.0,2138496.0,7604.0,-23638.0,236307.0,0.0,2402.748,609773.0,311048.0,9437.0,535176.0,219.675,3341999.0,6712863.0,3370865.0,6131.0,0.0,0.0,195418.0,3585251.0,316031.0,2347.0,
2025-07-16,6659273.0,6347296.0,4206523.0,2138426.0,6705.0,-23817.0,235903.0,0.0,2400.498,574685.0,312085.0,9435.0,541920.0,222.739,3375036.0,6710296.0,3335260.0,5230.0,0.0,0.0,195493.0,3593851.0,307997.0,2347.0,
2025-07-23,6657715.0,6343851.0,4206720.0,2134784.0,6694.0,-23735.0,235387.0,3.0,2398.397,567006.0,333538.0,9434.0,562805.0,224.178,3358382.0,6708624.0,3350242.0,5242.0,0.0,0.0,195493.0,3593851.0,307997.0,2347.0,
2025-07-30,6642578.0,6329935.0,4206916.0,2120672.0,7050.0,-23635.0,234713.0,0.0,2399.713,525681.0,419446.0,9438.0,648487.0,225.643,3299696.0,6692616.0,3392920.0,5595.0,0.0,0.0,195493.0,3593851.0,307997.0,2347.0,
2025-08-06,6640843.0,6327520.0,4204501.0,2120672.0,6316.0,-23664.0,234329.0,5.0,2402.441,445875.0,464315.0,9434.0,691108.0,223.347,3330372.0,6691854.0,3361482.0,4856.0,0.0,0.0,195493.0,3589699.0,309427.0,2347.0,
2025-08-13,6643615.0,6327776.0,4204823.0,2120606.0,6090.0,-23733.0,233975.0,1.0,2403.845,402201.0,515469.0,9434.0,744164.0,219.089,3328346.0,6694622.0,3366277.0,4623.0,0.0,0.0,195493.0,3589699.0,309427.0,2347.0,
2025-08-20,6618415.0,6321065.0,4201953.0,2116764.0,5882.0,-23845.0,233472.0,201.0,2403.17,399066.0,526063.0,9435.0,750398.0,218.667,3297635.0,6669473.0,3371838.0,4414.0,0.0,0.0,195493.0,3586507.0,309427.0,2347.0,
2025-08-27,6603384.0,6307544.0,4202351.0,2102846.0,5660.0,-23771.0,232817.0,21.0,2404.495,393155.0,595798.0,9435.0,821971.0,232.721,3216851.0,6654234.0,3437382.0,4191.0,0.0,0.0,195493.0,3586582.0,309427.0,2347.0,
