date,all_excluding_food_fuels,foods_feeds_beverages,industrial_supplies,capital_goods,automotive_vehicles,consumer_goods,fuels_lubricants,crude_oil,industrial_supplies_excl_fuel,industrial_supplies_excl_petroleum,industrial_supplies_durable,unfinished_metals_durable,iron_steel_products,iron_steel_semifinished,bauxite_aluminum,copper,zinc,other_precious_metals,building_materials_excl_metals,stone_sand_cement,chemicals_fertilizers,semiconductors,consumer_durables_excl_auto,apparel_footwear_household,pharmaceutical_preparations,furniture_household_goods,household_appliances,gem_diamonds,green_coffee_cocoa_sugar,green_coffee,fish_shellfish,nonmonetary_gold,china_total,canada_total,japan_total,european_union_total,germany_total,united_kingdom_total,mexico_total,latin_america_total,france_total,industrialized_countries_total,asian_newly_industrialized_total,asean_total,asia_near_east_total,pacific_rim_total,canada_manufacturing,canada_nonmanufacturing,european_union_manufacturing,mexico_manufacturing,mexico_nonmanufacturing,latin_america_manufacturing,latin_america_nonmanufacturing,industrialized_manufacturing,industrialized_nonmanufacturing,china_manufacturing_part1,china_manufacturing_part2,china_manufacturing_part3,china_apparel_manufacturing,china_leather_manufacturing,china_footwear_manufacturing
2020-01-01,99.0,178.6,188.1,87.6,110.2,106.8,212.0,232.8,174.2,155.0,167.6,237.1,151.0,,124.9,94.9,193.6,238.2,,99.4,124.4,57.9,91.0,113.7,145.2,128.6,104.6,104.1,201.1,116.7,145.6,57.9,98.2,137.1,96.9,137.6,113.4,122.9,125.9,145.3,128.1,126.6,86.3,97.6,179.3,97.6,129.7,171.9,133.8,86.7,134.0,118.2,260.7,121.9,176.3,99.9,95.3,91.6,102.9,101.1,100.6
2020-02-01,99.1,180.7,181.9,87.7,110.2,106.8,192.7,207.5,175.7,155.4,170.2,245.4,151.8,,123.9,86.4,185.7,285.8,,100.9,123.4,58.0,90.9,113.8,145.3,128.7,104.2,104.1,205.4,119.3,144.2,59.2,98.0,130.8,96.9,137.4,113.6,123.8,125.7,144.1,127.9,124.8,85.9,97.6,174.5,97.6,129.0,148.5,133.6,86.7,129.8,118.4,243.6,121.9,153.5,99.9,95.0,91.3,102.7,101.5,100.7
2020-03-01,99.1,178.9,163.1,87.8,110.4,106.5,141.6,136.8,176.0,154.9,171.2,248.2,151.8,,124.6,86.9,168.6,297.7,,99.9,123.5,57.8,90.7,113.9,145.0,128.5,104.1,97.2,206.6,118.8,142.2,62.0,98.0,120.5,96.9,137.0,113.5,124.3,124.9,140.7,127.6,121.5,85.7,97.3,136.6,97.5,128.9,106.2,133.2,87.1,112.2,119.0,196.7,121.6,111.9,99.9,94.9,91.4,102.7,101.4,100.7
2020-04-01,98.7,176.1,143.2,88.0,110.8,106.4,97.8,86.7,170.2,149.8,163.8,228.1,151.1,,117.9,74.5,157.5,236.7,,100.1,123.6,58.0,90.6,114.1,145.0,128.4,104.0,,201.1,116.6,139.8,60.8,98.1,106.3,96.7,136.1,113.5,118.3,123.9,136.9,126.4,116.3,85.1,97.5,130.0,97.6,124.2,62.5,132.3,87.7,88.2,118.7,156.3,119.7,69.0,99.9,94.5,91.5,102.7,101.4,100.8
2020-05-01,98.7,179.2,147.6,88.1,110.7,106.4,111.4,103.1,169.3,149.3,163.4,224.8,150.8,,116.4,80.0,164.0,218.2,,100.0,120.9,57.7,90.5,114.1,144.7,128.2,104.2,97.2,204.9,118.8,135.9,64.4,98.0,108.3,96.4,135.9,112.7,119.1,125.7,139.4,126.2,116.9,85.2,97.5,133.0,97.6,124.0,71.2,132.1,88.1,105.5,118.9,183.7,119.6,77.4,99.8,94.2,91.5,102.7,101.4,100.6
2020-06-01,99.0,178.6,157.7,88.2,110.7,106.6,134.4,137.4,171.7,151.5,166.5,232.3,151.1,,118.0,84.6,170.5,244.8,,99.5,119.4,57.3,90.5,114.3,144.9,127.7,104.4,97.2,199.0,112.2,133.7,64.8,98.0,123.2,96.7,136.5,112.7,119.2,126.8,141.4,126.8,121.6,85.8,97.3,126.2,97.7,125.4,128.0,132.7,88.5,112.8,119.5,199.9,120.2,131.4,99.6,94.6,91.6,102.5,101.3,100.5
2020-07-01,99.2,176.9,166.8,88.2,110.6,106.8,154.8,166.8,174.1,153.2,169.9,236.9,152.5,,124.1,91.6,171.9,246.9,,98.9,117.9,56.4,90.6,114.7,145.5,127.9,104.5,97.2,206.2,119.1,134.1,67.0,98.2,127.3,96.6,137.4,112.7,119.5,127.2,143.4,128.4,122.8,86.2,97.1,150.1,97.8,127.3,139.0,133.6,88.7,114.1,120.2,213.6,120.6,142.2,99.7,96.1,91.5,102.5,101.5,100.8
2020-08-01,99.9,178.0,172.7,88.3,110.7,107.0,160.5,171.4,180.2,158.9,179.0,256.8,153.3,,130.7,97.2,197.4,291.0,,99.6,117.3,56.1,90.8,114.8,145.4,127.8,104.4,97.8,207.3,120.2,133.6,76.2,98.3,133.7,96.6,138.0,113.3,120.0,128.5,145.2,128.8,125.8,86.4,97.5,150.2,97.9,134.1,144.7,134.2,89.5,118.5,121.4,220.8,123.4,147.8,99.5,96.7,91.5,102.5,101.5,100.9
2020-09-01,100.4,180.0,172.8,88.4,111.0,107.0,152.9,161.9,184.9,163.9,185.9,266.9,153.6,,134.6,101.6,210.8,327.1,,99.4,120.7,56.0,90.8,114.8,145.6,127.7,104.2,98.3,210.8,122.8,134.2,73.6,98.3,133.5,96.7,139.2,114.6,121.4,128.5,144.6,129.4,125.9,86.3,97.7,149.5,98.0,136.7,135.6,135.4,89.0,126.9,120.7,221.6,124.1,139.0,99.7,97.0,91.5,102.7,101.3,100.8
2020-10-01,100.5,179.9,172.6,88.4,111.0,106.9,151.4,161.6,185.5,163.7,186.1,266.4,153.4,,136.9,101.9,197.9,318.9,,98.8,122.3,55.7,90.7,115.0,145.2,127.9,103.7,98.3,204.2,116.1,136.7,72.0,98.2,133.3,97.0,139.2,114.4,121.8,128.2,144.0,129.4,125.6,86.2,97.8,149.8,97.9,136.2,136.2,135.4,89.0,122.4,120.8,213.8,123.7,140.0,100.2,96.9,91.3,102.5,102.1,102.0
2020-11-01,100.4,175.9,174.9,88.4,110.9,106.9,158.1,167.9,185.1,165.1,184.8,272.9,154.6,,146.4,104.8,215.5,323.1,,98.7,124.1,55.7,90.8,114.8,145.1,128.1,103.7,98.3,204.0,116.9,136.5,72.4,98.3,132.9,97.0,138.8,114.4,121.8,127.0,143.9,129.4,125.4,85.9,98.2,151.6,98.0,134.1,140.6,135.0,89.0,107.6,121.1,208.2,123.0,144.3,99.9,97.8,91.4,102.4,101.1,100.6
2020-12-01,100.9,176.2,181.9,88.4,110.9,107.0,169.6,185.9,189.4,168.4,189.8,285.6,158.1,,156.3,117.2,231.1,348.0,,100.0,130.4,55.9,90.9,114.9,145.2,128.4,103.7,99.2,209.9,121.5,137.9,68.6,98.7,138.2,97.2,139.9,115.0,123.6,127.2,145.4,130.0,127.6,86.4,98.8,158.1,98.3,136.2,155.4,136.1,88.8,113.6,121.6,220.5,124.1,159.0,100.1,99.4,91.6,102.4,101.6,101.1
2021-01-01,101.7,179.4,192.5,88.6,111.4,107.0,184.9,205.5,197.6,175.2,200.7,304.9,162.2,,162.7,123.0,235.1,375.4,,100.5,135.2,56.2,91.3,114.9,143.2,129.0,103.2,99.2,208.9,121.1,141.6,72.6,99.1,145.6,97.5,141.0,116.2,125.5,128.2,147.1,129.8,130.5,87.2,99.2,169.1,98.7,142.5,165.3,137.1,89.2,119.9,122.4,232.8,126.2,168.9,100.2,100.1,91.9,102.4,101.4,101.0
2021-02-01,102.1,181.8,201.6,88.7,111.5,107.0,205.1,230.3,200.6,178.8,203.4,310.2,166.6,,163.1,120.8,216.7,387.9,,100.2,144.3,56.4,91.1,114.9,143.3,129.2,103.2,99.2,208.6,120.7,139.6,69.0,99.4,151.1,97.6,142.3,116.8,127.2,129.2,148.9,133.0,132.7,88.1,98.9,174.2,99.0,144.6,185.1,138.1,89.3,132.0,122.9,248.8,127.3,188.3,100.2,100.9,92.2,102.5,101.5,101.0
2021-03-01,102.9,185.7,212.9,88.9,111.6,107.1,221.5,251.9,209.2,185.9,213.6,331.6,177.2,,171.2,138.9,232.2,454.2,,99.8,160.3,56.7,91.2,115.1,143.4,129.6,103.5,100.2,215.7,126.9,142.6,64.9,99.8,158.2,97.8,143.8,118.2,130.3,130.4,150.9,133.6,135.6,89.1,98.9,182.4,99.4,149.4,201.0,139.5,89.3,147.2,123.6,264.3,129.3,203.9,100.5,102.1,92.4,103.0,101.6,101.1
2021-04-01,103.6,190.1,218.2,89.1,111.8,107.2,225.6,255.1,215.1,190.4,219.3,337.8,191.1,,177.2,138.4,235.2,466.5,,100.0,179.8,57.1,91.4,115.0,143.2,130.0,103.4,100.4,210.3,121.9,149.3,66.0,100.2,161.0,98.3,143.9,117.7,129.9,131.9,152.3,133.4,136.6,89.7,98.9,184.0,99.7,152.8,202.3,139.7,90.0,155.0,124.8,267.0,130.4,205.0,100.8,102.3,92.9,102.9,101.7,101.3
2021-05-01,104.7,189.7,229.1,89.2,112.0,107.5,237.4,266.5,225.7,200.0,232.3,355.4,198.3,,186.8,155.2,245.9,490.2,,100.8,186.3,57.1,91.7,115.0,143.5,130.6,103.6,100.9,223.4,133.7,153.1,68.4,100.6,168.6,98.4,144.9,118.0,131.5,131.7,153.7,134.0,139.0,90.8,99.6,189.5,100.2,160.0,211.9,140.8,90.4,145.5,126.1,267.1,132.2,214.5,101.3,102.8,93.3,102.9,102.2,101.6
2021-06-01,105.2,193.2,235.4,89.5,112.2,107.8,249.0,282.0,229.1,203.4,235.2,356.6,203.3,,194.6,154.2,251.7,436.9,,100.9,199.0,57.1,92.2,115.2,143.5,131.5,104.0,102.4,232.1,140.6,158.7,71.5,101.0,174.4,98.5,145.2,117.5,130.3,132.5,156.2,134.5,140.7,91.4,99.8,195.3,100.5,163.7,225.7,141.1,91.1,143.7,127.5,281.0,133.1,227.6,101.8,104.1,93.5,102.8,103.1,102.5
2021-07-01,105.3,194.4,236.0,89.8,112.7,108.0,256.3,287.8,226.1,202.1,227.9,353.4,225.6,,200.3,145.2,245.8,394.3,,103.0,211.5,57.3,92.7,115.7,142.1,131.6,105.2,102.7,231.2,140.4,164.7,68.2,101.7,172.0,98.8,146.4,118.1,129.4,132.8,157.2,135.9,140.2,92.1,100.2,197.6,101.0,158.5,233.6,142.1,91.3,144.6,128.1,285.9,132.0,235.8,102.6,104.8,94.1,103.2,103.9,103.2
2021-08-01,105.2,195.6,232.3,90.0,113.0,108.2,250.6,273.8,223.3,199.7,222.2,357.5,227.5,,204.5,147.2,250.3,395.0,,101.1,213.2,57.4,93.0,115.8,142.5,131.9,106.7,102.7,247.4,151.1,163.2,68.2,102.0,166.3,98.9,146.6,118.4,130.2,133.8,157.8,136.2,138.5,92.7,100.5,197.9,101.4,153.1,226.2,142.3,91.8,149.3,128.6,285.7,130.7,228.9,102.9,105.2,94.4,103.3,103.8,103.3
2021-09-01,105.2,198.4,234.6,90.0,113.1,108.5,259.7,285.8,222.0,199.1,218.3,354.2,229.3,,207.9,145.8,249.9,361.2,,101.4,221.6,57.5,93.3,116.1,142.5,132.9,107.0,103.2,252.7,157.9,165.9,68.7,102.2,165.8,98.9,146.8,118.4,129.6,134.9,158.6,136.6,138.5,93.4,100.7,205.5,101.7,150.2,235.1,142.5,92.2,157.8,128.8,294.3,130.1,237.8,103.4,106.4,94.3,103.4,104.1,103.9
2021-10-01,105.7,200.0,246.7,90.2,113.6,108.6,288.5,319.8,225.1,203.6,219.5,346.3,236.7,,217.6,142.6,254.4,308.3,,104.4,251.7,57.7,93.6,116.0,142.2,134.2,109.0,103.2,259.5,160.2,167.7,66.6,102.5,175.4,98.9,146.4,118.4,129.6,136.1,161.6,137.0,141.3,94.1,101.2,216.0,102.2,154.7,264.7,142.0,92.8,162.6,130.1,315.3,131.1,266.4,103.5,107.9,94.4,103.5,104.3,104.2
2021-11-01,106.3,199.8,252.2,90.4,113.8,108.9,295.6,319.4,229.6,209.6,223.7,355.5,237.5,,218.5,146.9,282.2,325.1,,104.7,268.9,57.9,93.8,116.5,142.2,134.9,110.7,106.5,273.4,175.1,169.5,67.7,102.7,178.9,99.0,146.7,119.0,130.5,136.7,162.6,137.8,142.7,94.9,101.6,213.8,102.5,156.3,274.8,142.3,93.4,160.6,131.0,315.9,131.9,276.0,104.3,107.5,94.7,103.5,104.7,104.5
2021-12-01,106.8,200.4,246.7,90.6,113.8,109.4,272.9,289.4,233.5,211.7,227.6,355.2,239.3,,223.1,144.6,280.4,307.1,,104.8,283.0,58.1,94.4,116.9,142.2,135.9,113.6,109.0,282.7,181.6,168.7,67.4,103.4,173.5,99.0,146.8,119.1,131.0,135.7,161.9,137.6,141.3,94.6,101.8,211.1,103.0,157.3,244.1,142.3,93.4,145.7,131.3,301.5,132.2,246.7,105.0,110.5,95.0,103.8,105.3,105.0
2022-01-01,108.1,207.0,258.3,91.4,114.5,109.8,292.9,317.3,241.5,219.6,236.0,362.0,240.8,,231.5,148.7,306.7,314.0,,105.0,319.8,58.7,94.9,117.1,142.2,136.6,117.2,113.0,287.1,185.0,172.4,68.3,103.9,184.4,99.2,148.1,120.1,133.2,138.7,165.6,138.4,145.3,96.4,102.0,220.1,103.8,165.2,267.9,143.5,94.4,166.2,133.0,326.2,135.1,269.5,105.6,111.3,95.4,103.8,104.6,104.1
2022-02-01,109.0,210.3,271.2,91.8,114.8,110.2,323.9,355.5,246.7,223.9,241.8,372.3,241.9,,244.2,149.7,310.4,347.7,,105.2,341.4,59.1,95.2,117.2,142.6,139.2,116.7,116.3,294.4,191.5,177.6,68.0,104.2,193.6,99.4,150.1,121.2,134.2,140.2,167.8,141.0,149.4,97.4,102.9,228.9,104.1,168.4,298.5,145.4,94.7,178.2,133.9,341.0,137.4,299.5,105.1,111.1,95.9,104.1,104.9,104.4
2022-03-01,110.4,210.9,296.5,92.2,114.9,110.5,381.7,427.6,258.0,232.8,256.5,407.1,244.1,,267.2,157.8,330.7,390.5,,105.5,358.6,59.5,95.6,117.1,142.6,139.3,115.2,118.8,294.1,190.6,179.3,72.9,104.7,210.2,100.0,152.1,122.2,138.5,142.1,171.9,143.2,155.8,99.8,104.1,257.0,105.0,175.6,345.9,147.3,95.2,193.2,135.6,368.2,140.5,346.1,104.7,111.3,96.5,104.3,105.1,104.5
2022-04-01,110.7,212.7,298.6,92.6,115.3,110.5,384.9,434.4,259.5,235.0,256.4,415.1,238.7,,269.3,160.0,369.4,368.9,,105.9,381.2,60.1,95.8,117.4,141.7,139.4,115.5,118.8,305.3,198.8,177.6,73.2,104.8,211.3,100.2,152.7,123.0,136.9,143.4,174.2,143.1,156.0,99.9,104.7,266.0,105.3,174.8,352.2,147.8,95.6,202.1,136.8,381.1,140.2,351.9,104.8,110.6,96.7,104.6,105.3,104.4
2022-05-01,110.5,211.5,302.6,92.9,115.9,110.4,408.3,446.8,255.4,233.4,250.2,399.0,240.5,,269.4,144.4,340.4,335.8,,105.6,379.5,60.9,95.7,117.5,141.0,139.6,115.0,118.8,298.4,193.9,179.1,71.0,104.6,216.7,100.3,153.3,122.7,138.2,144.5,176.1,142.8,157.0,101.4,106.0,271.2,105.4,178.3,366.1,148.4,96.2,205.3,137.8,391.9,140.5,365.3,104.3,109.9,96.8,105.0,105.4,104.6
2022-06-01,109.8,210.1,305.3,92.9,116.1,110.0,431.3,473.1,249.4,229.4,241.4,381.4,217.1,,249.0,148.9,332.6,313.8,,105.6,376.4,61.7,95.3,117.5,140.8,138.9,113.9,118.8,303.3,198.0,171.7,69.8,104.3,218.8,100.3,155.1,123.5,139.0,145.1,176.4,145.3,157.7,101.3,106.2,272.6,105.4,175.5,385.8,150.2,96.4,208.3,137.2,403.5,140.1,383.9,103.5,108.7,96.6,105.1,105.2,104.3
2022-07-01,109.3,208.5,291.8,93.0,116.7,110.2,401.4,426.8,242.9,221.5,231.6,354.6,215.3,,230.2,117.7,275.1,292.7,,106.0,371.4,61.5,95.8,117.7,139.8,141.7,113.3,118.6,299.0,194.1,165.6,66.7,104.2,206.9,100.1,154.7,124.9,137.7,144.3,173.9,142.8,153.7,100.2,104.7,260.9,104.9,173.3,342.8,150.0,96.6,195.7,136.7,379.1,139.1,343.0,103.4,108.8,96.6,105.5,107.1,106.6
2022-08-01,109.2,205.3,280.9,92.9,116.4,110.3,367.0,383.4,242.1,221.1,231.4,352.6,217.3,,224.3,118.6,302.8,307.7,,106.3,353.2,61.3,95.9,118.2,139.5,143.0,113.0,118.2,302.0,197.1,162.8,67.1,104.1,197.9,100.1,153.8,124.4,136.4,141.7,171.3,142.3,151.2,99.3,104.1,249.1,104.6,171.2,310.2,149.3,96.6,166.6,136.1,354.9,138.7,311.4,102.9,108.5,96.5,106.1,107.4,106.9
2022-09-01,108.8,206.1,271.7,92.8,116.5,110.1,344.0,358.0,238.8,217.5,227.5,341.6,215.9,,216.3,118.3,286.2,289.2,,105.7,355.2,61.3,95.6,118.6,139.1,143.0,112.5,117.4,303.4,199.9,164.5,64.6,104.1,192.1,100.2,152.9,123.9,134.4,141.7,170.4,142.6,149.0,98.3,103.5,240.1,104.3,169.6,287.9,148.5,96.4,170.5,135.8,347.9,137.7,289.4,103.8,108.3,96.5,107.6,107.9,107.3
2022-10-01,108.8,204.1,268.8,93.0,117.1,110.0,336.6,350.2,237.9,215.8,226.8,342.8,202.6,,210.7,117.4,271.0,308.0,,106.7,347.3,61.6,95.6,119.0,138.2,142.3,111.6,116.8,301.5,195.7,162.4,64.2,104.5,188.4,101.1,152.7,125.9,134.8,141.7,170.4,142.7,148.2,98.8,103.6,242.0,104.5,167.9,278.7,148.2,96.9,162.4,136.7,336.3,137.7,280.5,104.4,108.0,96.9,108.3,107.7,107.2
2022-11-01,108.2,207.8,261.1,93.1,117.1,109.8,323.5,334.1,232.5,211.8,221.1,329.0,209.2,,206.5,118.7,251.0,288.4,,106.8,337.7,61.6,95.4,119.0,138.1,141.9,111.6,115.9,281.0,176.3,159.0,62.3,104.4,185.0,101.0,151.0,125.7,132.3,141.6,170.4,142.1,146.0,98.6,103.5,238.7,104.4,167.0,266.9,146.6,96.9,160.9,136.5,339.6,136.3,269.0,104.2,106.7,97.0,108.4,107.6,107.2
2022-12-01,108.6,209.0,260.9,93.3,117.2,109.9,316.2,298.8,235.3,219.7,226.4,343.9,208.5,,213.1,129.6,284.7,299.0,,106.9,314.2,61.4,95.5,118.8,138.1,142.0,110.6,115.9,278.0,172.9,159.0,67.5,104.2,181.3,101.1,153.1,126.1,134.9,141.0,168.3,142.3,146.7,97.3,103.3,225.4,104.3,163.5,262.0,148.7,97.2,151.6,135.9,322.1,137.3,264.4,103.8,105.8,97.0,108.4,107.3,106.7
2023-01-01,108.7,211.8,255.4,93.6,117.7,110.0,300.9,289.7,234.4,220.5,225.7,344.3,203.4,,213.2,128.5,270.7,300.5,,106.5,311.1,61.3,95.4,118.5,139.0,141.2,111.2,115.7,294.8,187.2,161.0,69.8,103.7,181.5,101.2,154.5,126.0,137.2,141.7,168.4,144.9,146.8,97.0,103.6,221.4,104.1,163.4,262.5,150.2,97.6,151.5,136.5,316.3,137.4,265.0,103.2,104.8,96.5,108.1,107.2,106.6
2023-02-01,109.0,214.6,250.3,93.8,117.7,110.5,284.2,289.4,234.8,213.0,229.4,351.8,203.0,,221.9,139.7,301.6,293.3,,106.6,278.6,61.3,95.7,118.4,139.9,141.6,112.0,115.7,297.4,189.9,163.9,72.4,103.6,174.3,101.0,155.2,126.3,135.8,141.8,169.1,146.1,145.1,97.1,103.6,220.2,104.0,162.0,234.8,150.9,97.8,152.5,137.0,318.7,137.2,239.3,103.3,104.4,96.5,108.6,107.2,106.6
2023-03-01,108.6,212.4,244.0,93.7,117.5,110.2,271.7,284.6,231.3,207.9,226.1,341.0,204.7,,214.0,137.9,275.4,254.9,,106.5,255.4,61.9,95.6,118.3,139.9,141.6,112.5,115.2,300.0,189.7,165.1,69.3,103.1,172.4,100.6,154.6,125.0,134.4,141.5,168.9,146.2,144.0,96.7,103.3,216.3,103.6,160.7,229.4,150.4,97.8,148.2,137.7,307.4,136.4,233.8,103.3,103.4,96.0,109.3,106.8,106.1
2023-04-01,108.6,211.0,247.8,93.7,117.6,110.3,284.1,307.0,231.1,206.6,225.5,341.8,204.6,,210.2,135.5,259.2,256.4,,106.8,242.1,62.3,95.5,118.5,140.3,141.8,112.9,114.2,299.1,186.0,160.6,75.9,102.7,174.0,101.0,155.3,124.9,136.8,142.6,169.7,150.6,145.3,95.9,103.3,219.8,103.3,158.4,244.4,151.0,98.1,155.4,137.6,318.3,136.8,248.6,102.8,102.8,95.7,109.4,106.8,106.1
2023-05-01,108.6,209.2,243.0,93.7,118.0,110.4,269.8,296.9,230.7,205.2,225.7,342.5,204.8,,208.9,130.3,237.7,266.4,,106.9,236.5,62.0,95.6,118.5,140.5,142.3,113.3,114.2,301.7,187.2,158.7,76.2,102.4,170.7,100.8,155.8,125.4,135.9,142.5,168.7,151.2,144.7,95.2,102.5,210.6,103.2,157.4,233.4,151.5,98.2,155.0,137.4,308.3,136.9,238.2,102.6,103.4,95.2,109.3,106.7,106.0
2023-06-01,108.2,208.9,242.0,93.6,117.9,110.1,272.7,295.4,227.8,202.7,221.4,330.7,201.6,,204.2,127.3,216.2,245.9,,106.8,235.5,62.0,95.4,118.4,140.4,142.4,113.7,112.9,305.7,186.4,154.4,74.2,102.0,169.7,100.8,155.6,124.9,135.5,143.2,169.0,151.9,144.1,95.5,102.0,209.0,102.9,157.0,230.9,151.4,98.4,159.1,137.7,309.4,136.5,235.8,102.6,102.6,94.9,109.2,106.7,106.0
2023-07-01,108.0,213.3,240.9,93.5,118.6,109.8,275.9,305.5,224.9,200.6,218.4,319.0,209.1,,204.1,126.7,216.3,207.5,,106.4,224.5,61.9,95.3,118.4,139.5,142.3,114.0,112.0,302.7,181.1,152.9,72.7,101.7,172.2,101.3,156.0,124.7,136.1,145.8,170.5,151.5,144.7,95.3,101.6,214.3,102.8,158.3,237.8,151.7,98.9,186.4,138.1,323.8,136.7,242.8,102.4,102.1,94.6,108.7,106.6,105.9
2023-08-01,107.7,214.6,247.2,93.4,118.6,109.8,300.2,332.4,222.7,199.2,217.1,314.4,206.5,,200.2,131.1,227.4,216.0,,106.8,225.7,61.1,95.3,118.3,139.4,141.6,114.0,110.6,307.6,182.2,154.3,73.7,101.7,177.6,101.3,156.5,124.7,136.4,146.5,170.3,152.4,146.4,95.9,101.3,223.5,102.8,158.2,261.8,152.1,99.1,190.2,137.0,334.7,136.8,265.8,102.1,102.2,94.6,108.9,106.5,105.8
2023-09-01,107.5,213.9,252.2,93.4,118.7,109.8,319.5,360.3,221.0,197.4,215.3,310.5,197.7,,196.2,126.2,220.3,213.1,,105.4,211.2,61.1,95.2,118.2,139.4,142.0,113.8,109.0,307.7,179.7,151.5,72.9,101.5,180.1,101.4,155.8,124.0,137.6,146.7,171.8,151.4,146.9,95.9,101.2,225.9,102.8,156.9,278.5,151.5,99.4,187.4,137.4,349.9,136.4,282.1,101.5,102.2,94.5,108.3,106.6,105.9
2023-10-01,107.3,213.0,247.3,93.2,119.2,109.5,306.9,353.1,219.7,196.2,212.7,307.4,194.7,,196.1,121.5,225.9,203.4,,104.8,214.7,61.1,94.7,118.2,139.4,142.2,113.7,109.0,308.0,176.1,148.2,68.9,101.4,177.7,101.5,155.3,123.1,137.0,144.9,170.4,150.3,146.0,95.6,101.2,223.9,102.6,156.3,269.5,151.0,98.5,180.1,136.4,345.9,135.9,273.5,101.2,102.0,94.4,107.8,106.5,105.8
2023-11-01,107.4,215.1,241.5,93.2,119.1,109.5,287.5,320.5,220.3,197.8,213.6,311.1,194.8,,194.2,123.4,222.0,205.6,,104.6,211.8,61.2,94.5,118.3,139.7,141.6,113.0,109.0,319.0,182.4,143.6,75.3,101.1,171.9,101.6,155.0,123.2,136.6,144.7,170.3,150.2,144.4,95.1,100.7,215.7,102.4,154.7,249.4,150.7,98.6,174.9,136.7,340.3,135.7,253.6,100.7,101.7,94.3,106.7,106.4,105.6
2023-12-01,107.4,214.6,235.0,93.1,119.1,109.4,264.6,287.6,221.3,198.6,214.4,312.4,193.4,,192.0,127.6,216.4,206.7,,104.5,221.6,60.7,94.4,118.3,139.9,139.7,112.6,109.0,330.6,191.2,140.5,76.8,101.0,165.2,101.5,155.6,123.7,136.5,144.2,170.0,150.7,142.7,94.7,100.1,208.6,102.2,154.3,219.9,151.3,98.7,167.5,137.0,330.3,135.8,225.4,100.3,101.4,94.2,106.7,106.0,105.2
2024-01-01,108.1,217.7,236.2,93.5,120.0,110.6,269.0,290.7,221.2,198.2,214.6,315.8,194.1,,194.7,129.4,226.2,210.7,,104.5,213.8,60.4,94.5,118.3,145.4,140.6,111.6,109.0,316.0,177.3,143.1,77.7,100.6,166.2,102.7,157.3,123.6,136.9,146.1,171.7,157.2,144.1,94.4,100.0,208.8,102.2,154.6,223.4,152.9,99.3,181.5,138.3,336.2,137.0,228.7,99.9,100.6,93.9,106.6,106.3,105.2
2024-02-01,108.2,218.2,236.3,93.7,120.1,111.0,272.0,300.6,220.0,196.6,213.6,310.5,193.4,,193.0,126.2,211.7,203.1,,104.5,212.4,60.1,94.6,118.3,146.1,140.5,112.1,109.0,331.3,180.4,150.0,76.8,100.5,168.0,102.2,157.7,124.0,137.8,146.7,172.6,157.3,144.9,94.2,99.8,211.8,102.1,154.5,231.7,153.4,99.5,187.0,138.6,344.8,137.3,237.4,100.0,100.1,93.8,106.5,106.3,105.3
2024-03-01,108.2,222.0,242.1,93.5,120.3,110.6,285.5,315.7,222.4,197.7,216.1,314.8,192.3,,194.0,130.9,215.7,208.0,,103.4,214.1,59.8,94.4,118.2,146.0,140.2,112.2,108.8,352.4,182.6,150.7,80.8,100.5,169.7,101.2,157.8,124.3,138.2,147.7,173.9,157.5,145.5,94.3,100.1,215.4,101.9,154.8,238.8,153.4,100.0,191.2,139.8,344.8,137.5,244.6,99.9,99.7,93.9,106.5,106.4,105.3
2024-04-01,108.9,222.8,250.0,93.6,120.8,110.8,296.7,338.1,228.7,202.7,219.8,323.3,194.1,,201.5,140.4,219.8,217.1,,102.5,213.3,59.9,94.6,118.2,146.7,139.9,111.9,108.2,385.8,185.3,149.9,86.4,100.5,175.1,101.0,158.6,124.7,138.9,148.5,175.3,158.4,147.7,94.6,100.7,226.3,102.2,156.7,256.7,154.2,100.9,185.7,141.3,342.1,138.6,262.0,100.3,99.9,93.8,106.7,106.6,105.3
2024-05-01,108.8,219.5,249.8,93.5,120.8,110.9,297.4,331.1,228.3,201.9,221.5,329.5,193.1,,211.4,154.2,250.4,211.6,,102.4,209.5,59.8,94.6,118.2,146.9,140.0,111.8,108.0,370.6,186.7,150.2,87.3,100.5,173.7,101.1,158.9,124.6,139.3,147.7,174.2,158.4,147.6,94.4,100.3,220.2,102.1,156.5,251.2,154.5,100.8,177.6,141.0,330.8,138.8,257.5,100.4,99.9,93.7,106.8,106.6,105.3
2024-06-01,109.0,221.9,249.3,93.6,120.9,110.7,292.4,326.9,229.7,203.3,223.9,334.5,193.6,,219.5,155.4,248.7,221.0,,102.4,207.8,59.5,94.6,118.2,147.1,140.3,111.6,104.9,390.0,201.0,150.6,88.4,100.5,173.3,101.0,159.0,124.8,139.8,148.0,174.8,158.4,147.5,94.3,99.6,212.5,102.1,156.6,248.9,154.7,100.9,179.0,141.4,333.2,139.0,254.8,100.7,99.9,93.7,106.8,107.1,105.9
2024-07-01,109.0,226.4,249.0,93.6,121.5,110.6,292.3,331.4,229.2,202.9,223.6,334.1,191.5,,216.2,152.3,253.7,227.8,,102.9,202.3,59.7,94.6,118.2,146.8,140.1,110.7,104.9,382.1,203.0,149.8,89.0,100.4,174.4,101.1,158.5,124.9,139.1,149.6,175.8,158.2,147.5,94.8,99.9,217.5,102.1,157.2,252.3,154.1,101.1,197.4,141.5,345.2,138.7,258.5,101.5,99.7,93.6,106.9,108.4,106.0
2024-08-01,109.0,225.9,245.4,93.7,121.7,110.5,282.7,313.6,228.4,202.0,223.2,327.3,191.8,,213.8,134.1,225.4,217.4,,103.2,197.0,60.1,94.6,118.2,146.6,140.0,110.5,102.3,387.8,205.3,150.8,91.2,100.4,170.3,101.2,158.8,125.4,139.3,149.7,175.3,158.4,146.7,94.8,100.0,216.7,102.2,156.2,237.5,154.4,101.2,198.4,141.4,341.2,138.8,244.6,101.6,99.7,93.5,106.9,108.4,105.9
2024-09-01,109.3,226.6,240.6,93.9,121.9,110.7,262.3,291.5,230.5,203.7,226.2,332.2,191.9,,216.8,136.2,238.6,224.1,,103.4,198.8,60.1,94.8,118.1,146.6,140.7,110.4,102.3,388.6,209.9,153.2,94.5,100.4,167.6,101.3,158.7,125.4,138.1,149.5,174.5,158.3,146.3,95.4,100.3,202.1,102.4,156.7,223.5,154.3,101.2,195.2,141.1,334.7,139.3,231.0,101.6,99.5,93.6,106.9,107.8,105.2
2024-10-01,109.6,225.2,241.6,94.0,122.2,110.8,259.6,291.4,233.1,206.4,230.1,343.3,191.1,,223.0,152.8,270.2,233.8,,103.7,197.2,59.9,95.1,118.0,146.1,141.4,110.3,102.3,403.9,222.0,154.2,100.4,100.4,168.4,101.6,158.8,125.7,138.4,148.8,174.6,158.7,146.8,95.7,100.9,208.1,102.7,157.0,226.0,154.4,101.8,173.8,141.8,324.4,139.7,233.6,101.6,99.5,93.6,106.9,107.7,105.1
2024-11-01,109.5,228.7,242.2,93.8,122.0,110.8,262.4,286.4,232.7,206.7,230.2,340.3,190.7,,226.0,146.9,260.5,234.9,,103.5,200.4,58.9,95.1,118.0,146.5,141.4,110.1,102.3,418.7,235.4,153.6,102.5,100.4,168.3,101.4,158.7,125.1,138.5,149.4,174.9,158.9,146.8,95.6,100.5,210.5,102.8,156.8,226.4,154.2,102.0,178.2,142.0,326.8,139.7,233.2,101.7,99.4,93.5,107.1,107.7,105.2
2024-12-01,109.3,235.5,242.8,93.4,121.9,110.7,265.6,286.8,232.3,207.6,228.8,335.0,190.4,,228.4,139.3,266.3,224.1,,103.3,203.0,58.6,94.8,118.0,146.4,140.9,109.8,102.3,462.8,256.0,157.1,100.0,100.3,170.3,101.2,158.5,124.5,138.8,150.2,175.6,158.1,147.2,94.9,100.5,206.7,102.7,156.3,237.0,154.1,101.9,192.5,141.3,347.3,139.4,243.7,102.0,99.7,93.4,107.1,108.0,105.4
2025-01-01,109.3,236.0,246.3,93.5,121.8,110.3,273.5,299.2,233.5,209.3,227.5,332.7,190.3,100.0,225.2,142.2,246.9,221.6,100.0,102.3,208.1,58.4,94.4,117.7,144.8,141.6,110.3,100.4,466.1,246.6,166.8,100.7,99.9,173.3,101.9,157.0,125.4,137.6,150.1,176.8,156.3,147.4,94.8,101.0,211.0,102.7,156.4,250.8,152.7,102.3,184.0,141.9,354.1,138.7,257.8,102.2,99.2,92.9,107.0,108.2,104.9
2025-02-01,109.4,236.1,249.7,93.4,121.8,110.1,277.8,303.8,236.4,212.4,231.2,341.1,189.9,99.6,227.7,143.0,244.3,229.4,100.2,103.7,209.9,58.4,94.1,117.6,144.5,141.4,110.3,100.4,492.4,259.7,166.5,109.9,99.8,174.8,102.3,157.6,126.3,140.0,150.7,177.6,157.7,147.9,96.4,100.9,210.6,102.8,156.5,257.9,153.3,102.6,184.9,142.5,356.4,138.8,264.8,102.9,100.1,92.6,106.4,109.4,105.7
2025-03-01,109.3,235.8,246.6,93.6,121.7,109.6,268.3,296.4,236.6,211.2,231.9,345.6,181.9,97.9,230.6,152.9,240.9,230.9,99.8,100.0,206.4,58.4,94.0,116.5,144.2,141.5,110.5,100.4,543.9,299.5,167.7,114.1,99.3,171.6,102.2,157.1,126.3,140.1,150.1,176.7,160.9,147.4,95.9,100.9,208.1,102.5,155.5,245.6,152.8,102.5,179.3,142.3,347.7,139.0,252.6,102.0,99.6,92.2,105.2,109.2,104.7
2025-04-01,109.7,235.5,244.9,94.2,121.6,109.8,261.3,290.2,237.6,211.6,234.2,351.5,183.5,97.3,224.4,158.5,230.7,241.7,99.4,99.3,212.4,62.2,94.1,115.5,146.0,141.8,110.8,100.4,558.2,322.9,165.8,122.1,98.5,171.5,102.1,157.0,125.6,140.9,149.6,176.3,160.0,147.5,95.7,102.8,207.7,102.4,156.7,240.9,152.7,102.4,174.9,142.2,342.1,139.4,247.5,99.0,98.0,91.8,102.2,105.9,102.5
2025-05-01,109.7,233.8,240.7,94.4,121.7,109.5,248.2,270.5,238.0,211.4,233.9,350.6,181.2,96.7,214.0,153.4,231.2,242.0,97.8,99.7,216.4,62.2,94.2,114.1,146.6,143.1,110.9,100.4,564.3,322.2,160.6,125.6,97.8,167.7,102.0,157.6,126.8,140.4,149.4,175.6,157.8,146.7,95.1,102.9,203.8,102.0,156.4,223.5,153.3,102.6,168.9,142.3,330.9,139.8,230.0,97.4,96.2,91.4,99.3,105.1,102.3
2025-06-01,109.6,230.7,240.2,94.4,121.6,109.6,250.1,275.2,236.2,209.3,232.9,350.6,181.5,95.3,205.7,155.6,223.6,249.1,97.2,97.8,218.6,62.3,94.2,115.2,146.4,143.1,111.3,100.4,545.1,318.7,159.9,129.0,97.8,167.5,101.9,157.5,126.4,140.0,149.5,176.1,161.8,146.7,95.1,102.7,203.1,101.6,155.9,224.6,153.2,102.5,170.9,142.2,338.2,139.6,231.0,96.5,97.7,91.3,99.0,103.4,100.8
2025-07-01,109.9,230.5,244.0,94.5,121.3,110.0,256.9,282.3,238.5,212.0,235.6,353.4,178.7,94.0,203.0,160.2,227.3,277.9,97.8,98.3,222.9,62.2,94.3,116.6,146.8,143.8,111.7,100.4,525.3,311.6,158.9,124.6,98.0,168.5,102.4,159.1,127.8,142.1,150.7,177.2,163.2,147.9,94.7,103.0,204.6,101.9,155.9,229.1,154.7,103.0,178.2,143.0,343.7,140.6,235.0,98.2,98.4,91.3,100.3,107.4,102.2
