date,INDPRO,IPMAN,IPDMAN,IPNMAN,IPMINE,IPUTIL,IPG2211S,IPG2212S,IPCONGD,IPDCONGD,IPNCONGD,IPBUSEQ,IPB54100S,IPB54200S,IPMAT,IPDMAT,IPNMAT,IPB53300S,IPG321S,IPG327S,IPG331S,IPG332S,IPG333S,IPG334S,IPG3341S,IPG3342S,IPG3344S,IPG335S,IPG3361T3S,IPG3364T9S,IPG337S,IPG339S,IPG311A2S,IPG313A4S,IPG315A6S,IPG322S,IPG323S,IPG324S,IPG325S,IPG326S,TCU,MCUMFN,CAPUTLGMFDS,CAPUTLGMFNS,CAPUTLG21S,CAPUTLG2211A2S,CAPUTLG2211S,CAPUTLG2212S,CAPUTLG321S,CAPUTLG327S,CAPUTLG331S,CAPUTLG332S,CAPUTLG333S,CAPUTLG334S,CAPUTLG3341S,CAPUTLG3342S,CAPUTLHITEK2S,CAPUTLG335S,CAPUTLG3361T3S,CAPUTLG3364T9S,CAPUTLG337S,CAPUTLG339S,CAPUTLG311A2S,CAPUTLG313A4S,CAPUTLG315A6S,CAPUTLG322S,CAPUTLG323S,CAPUTLG324S,CAPUTLG325S,CAPUTLG326S
2020-01-01,101.3372,98.8309,98.8712,98.7415,121.0105,98.8993,98.3319,101.7194,99.3494,102.462,98.4708,93.2118,101.9484,100.1865,103.8303,98.3254,97.7854,113.6791,99.4637,102.8911,98.9716,100.013,97.8105,108.1826,124.6208,129.3142,110.677,100.551,102.9644,83.0702,96.1506,98.0097,101.1771,97.2,90.7512,100.9523,95.5187,95.6925,96.7524,101.7465,77.4105,76.9509,75.8294,78.2355,83.7435,74.4592,74.3091,76.125,79.4144,76.1635,71.966,79.3929,76.6939,76.0126,60.2707,71.2497,75.727,79.1801,74.3751,65.6016,87.0984,81.1562,77.0442,74.2013,69.1024,88.2825,76.3432,84.2822,75.2153,84.2559
2020-02-01,101.6718,99.0603,99.2659,98.792,119.5609,102.2573,101.1214,109.268,100.3067,105.2649,98.9019,93.0784,101.7143,100.6062,103.8436,98.3005,97.4803,114.07,98.4013,103.2997,96.1134,100.2831,98.3076,108.74,122.9914,131.6652,108.4129,100.8547,108.3042,80.2112,95.8751,97.504,101.5408,96.7287,91.4595,100.8324,97.9235,93.3224,96.6089,102.5628,77.6537,77.1738,76.1384,78.372,82.4598,76.8242,76.2756,81.6629,78.713,76.6491,69.6778,79.6272,77.1437,76.4806,59.3711,71.9861,74.5427,79.534,78.0024,63.2166,86.8841,81.0986,77.4136,73.9152,69.7853,88.3653,78.739,82.2384,75.173,85.0134
2020-03-01,97.606,94.5462,91.9339,97.3755,118.9656,99.1849,99.5249,95.325,95.1539,87.4857,97.4084,86.7477,98.5875,96.0582,100.9472,92.4527,97.6755,112.6795,95.1355,97.9397,93.9847,96.9341,95.2707,107.8187,123.2725,131.1955,109.2224,97.9828,76.0184,77.2904,91.3715,93.3297,100.1173,93.1406,85.7228,100.6272,90.4541,87.3429,98.2581,96.3661,74.5527,73.7053,70.5248,77.3507,81.8873,74.3533,74.9241,71.1445,76.25,72.8292,67.92,76.9826,74.8241,75.9242,59.5034,71.1217,74.522,77.3827,54.5951,60.8053,82.8459,77.9974,76.4347,71.2509,65.5306,88.4162,73.1655,77.0369,76.5187,79.9646
2020-04-01,84.6812,79.9564,72.4921,88.1501,103.4638,100.5817,98.6313,113.5517,84.2552,53.476,93.2412,66.7056,87.9775,84.9694,87.9487,75.6083,89.2688,101.4781,85.0216,84.4715,73.6703,86.7871,77.5602,103.0982,113.4049,128.6201,107.2749,91.8522,20.4128,60.3711,71.1285,77.1389,93.3588,70.4371,62.5479,95.6458,69.4305,70.1547,92.1491,78.3789,64.6982,62.377,55.622,70.1199,71.1831,75.2333,74.0996,84.6311,68.2822,62.9365,53.0742,68.9311,60.9718,72.6987,54.8273,69.0944,72.2962,72.6455,14.6212,47.4208,64.5302,64.786,71.386,53.9478,47.8973,84.2961,56.4854,61.9581,71.8115,65.1149
2020-05-01,86.0108,83.5072,77.9037,89.6384,89.8498,98.3683,96.4104,111.386,87.6851,64.4217,94.4765,72.5264,91.446,86.086,86.7201,79.1718,89.2072,92.5239,89.3322,91.5771,71.0555,89.0683,82.4555,101.0986,107.8151,125.4336,106.9637,90.7537,39.2265,68.3466,81.4711,80.0622,96.492,79.5051,71.9066,89.9866,76.5115,69.3566,91.9519,82.217,65.7487,65.2004,59.7913,71.4081,61.8922,73.4147,72.2784,82.9027,71.8959,68.3538,51.0483,70.7419,64.8912,71.3926,52.2783,66.7469,71.0542,71.8767,28.028,53.6178,73.9585,67.5785,73.9081,60.976,55.1556,79.5804,62.5981,61.3792,71.7,68.383
2020-06-01,91.6745,90.0799,87.9028,92.3929,92.3039,100.6329,99.3389,108.7521,95.607,92.253,96.5411,80.556,93.0123,89.6807,91.7165,86.2798,90.7471,97.4228,93.0613,95.6934,75.5168,90.5232,87.0726,105.0224,109.4932,122.8849,109.0304,92.372,85.8093,70.1124,86.1701,87.7319,100.2259,83.6859,79.2268,90.6447,79.6827,70.8162,92.4577,91.0363,70.134,70.3961,67.4909,73.7146,63.7764,74.9403,74.3139,80.8311,75.0618,71.5487,54.1329,71.8863,68.6135,74.275,53.3076,64.7616,71.4929,73.2545,61.1762,54.9517,78.2684,74.4185,76.91,64.2831,60.872,80.4618,65.5524,62.8618,72.1284,75.8005
2020-07-01,95.0037,93.2606,92.9962,93.4425,96.9154,104.265,103.4008,109.2016,99.8693,106.8417,97.764,84.0655,94.4483,92.4377,94.9715,90.3877,91.7657,101.4,97.0536,97.4129,79.9099,89.8964,89.6114,105.5863,111.3132,121.3139,111.6007,95.0316,107.8663,73.2099,87.8035,92.9938,99.8981,85.2559,77.0067,90.7929,82.6486,74.691,94.0235,93.9333,72.7591,72.9538,71.434,74.6686,67.2945,77.4806,77.1865,81.0554,78.4581,72.9552,57.1967,71.3656,70.7214,74.7839,54.4587,63.325,72.3134,75.454,76.7519,57.347,79.7888,79.2527,76.8079,65.6063,59.2681,80.9114,68.3552,66.5788,73.3752,78.2852
2020-08-01,95.9294,94.5815,93.9552,95.1728,97.3539,102.0379,101.0711,107.7226,100.6604,106.6328,98.8608,85.7406,95.8384,93.7644,95.6294,91.9805,93.2012,100.0509,96.5441,97.4894,84.6636,91.1328,91.488,106.7358,111.986,120.7355,112.4934,94.9951,105.3242,76.8532,88.223,93.7024,102.3093,88.059,83.9383,90.9146,83.1525,74.2536,95.2674,97.506,73.5674,74.0649,72.2081,76.1717,68.0587,75.6725,75.2874,79.8513,78.2246,73.1342,60.559,72.3104,72.33,75.7018,55.0843,62.444,72.4589,75.5041,74.8185,60.1887,80.193,80.2008,78.8208,67.901,64.7223,81.3508,69.1278,66.5382,74.3604,81.318
2020-09-01,95.8914,94.5228,93.9733,95.0387,98.4009,100.8157,99.1836,111.2412,99.2977,105.0769,97.5678,85.072,95.9681,94.6168,96.3628,92.5715,94.4787,100.5665,96.5651,96.3055,88.9172,93.0092,92.0642,104.3934,114.051,121.2194,115.9731,95.5344,102.7303,78.0914,88.4515,92.9355,100.9201,91.2571,83.5226,93.1032,84.7516,74.0614,95.3436,98.1469,73.6543,74.0997,72.2629,76.184,69.3585,74.6235,73.7281,82.3523,78.4236,72.3701,63.615,73.7471,72.9293,74.13,56.4196,62.1491,74.0106,75.9978,72.8754,61.1655,80.406,79.8466,77.9112,70.5254,64.5306,83.655,70.8102,66.7742,74.4203,81.8812
2020-10-01,96.5256,95.3386,94.5857,96.0871,97.0668,101.895,100.7912,108.5646,99.438,105.4374,97.6569,85.1084,97.6962,96.0398,97.067,93.4411,96.432,100.043,98.3364,98.9822,90.5864,92.5545,92.1354,105.0105,114.6683,122.921,120.1613,98.4141,101.4009,79.5972,88.3564,94.9823,100.9897,90.4446,86.9268,95.4545,86.2896,76.7303,96.8443,99.1705,74.2728,74.8225,72.7781,77.1427,69.0681,75.2874,74.7721,80.2687,80.0476,74.5154,64.8868,73.3195,73.1428,74.6432,57.0525,62.5122,75.9517,78.3378,71.8549,62.3693,80.3041,81.8658,78.1276,70.0691,67.3071,86.1243,72.4453,69.6589,75.5771,82.7318
2020-11-01,96.9529,95.9419,95.4324,96.4348,100.9108,98.4387,98.9334,93.9114,99.56,107.1051,97.3456,85.4922,98.0788,95.9634,97.8011,94.0509,96.8521,101.2497,99.0183,99.7448,93.2239,93.4665,91.4985,106.2366,115.5377,126.0225,121.5979,98.4399,102.668,80.409,87.3706,97.0371,101.9301,88.9155,85.9596,96.1739,85.1166,76.6699,97.0864,99.0879,74.7456,75.3804,73.477,77.5362,72.5551,72.6124,73.2511,69.349,80.787,75.2324,66.9264,73.9591,72.8037,75.573,57.8128,63.6164,76.8904,78.3869,72.6967,63.0445,79.3706,83.8461,79.0194,69.0661,66.7156,87.1295,71.7959,70.1285,75.7356,82.623
2020-12-01,98.2039,96.6674,96.2176,97.1057,101.5424,104.6741,103.4442,112.0834,101.5421,108.4927,99.5113,86.3489,99.7277,97.2738,98.6765,94.6642,96.9548,103.128,102.1941,102.104,92.8122,93.9368,92.1532,106.4095,116.7308,130.4927,121.6081,98.9489,104.2314,80.1701,88.6041,98.1689,102.4921,90.9726,87.8593,95.6181,85.9459,80.6003,97.1364,100.2138,75.8651,76.035,74.1316,78.185,73.8246,77.0933,76.4482,82.6695,83.5625,77.166,66.8489,74.2344,73.4992,75.7353,58.7285,65.4371,77.4151,78.7998,73.7693,62.9075,80.4307,84.9742,79.6183,70.8606,68.3623,86.9702,72.8225,74.3107,75.7294,83.4839
2021-01-01,98.8135,97.6118,97.3506,97.8567,103.9842,101.2848,100.5965,104.9748,101.9248,109.8167,99.6384,88.0055,100.1667,96.9019,99.2866,95.7301,97.3952,103.343,100.8745,100.9996,94.268,95.0088,94.4918,106.711,116.4777,135.6215,121.1386,101.2122,103.9042,83.9495,90.2258,99.6442,103.4156,91.0206,90.0915,97.059,83.5524,83.5948,97.2524,101.5468,76.5008,76.8624,75.057,78.8939,76.4869,74.4925,74.2115,77.3375,82.657,76.4921,68.1878,74.9709,75.5484,75.9701,58.8991,67.6121,77.7378,80.5878,73.5257,65.9353,81.8184,86.3386,80.4977,71.1036,70.2864,88.6159,71.1009,77.71,75.7609,84.4771
2021-02-01,95.5072,93.5661,94.028,93.047,95.2059,108.6262,106.6221,121.3131,99.5102,103.1235,98.4524,85.1719,96.4878,94.7426,94.9205,93.3918,88.9559,99.7407,96.6314,97.0989,92.108,92.2954,92.6161,105.1814,116.9595,140.0898,119.9715,98.0884,94.656,83.0126,86.4896,97.6458,99.6719,89.9556,88.5393,93.0281,81.4894,77.6433,89.9253,100.4264,74.0987,73.7536,72.546,75.1059,70.8331,79.7879,78.523,89.2755,79.3392,73.7008,66.9674,72.7109,74.2271,74.8802,59.4156,69.4859,77.7519,78.0625,66.9884,65.264,78.3278,84.6268,77.7355,70.4805,69.2682,85.239,69.6344,72.7737,69.9824,83.3882
2021-03-01,98.1929,96.5339,96.4342,96.6205,105.7935,101.0026,100.909,100.6653,100.746,105.0904,99.4918,87.387,100.4836,96.5861,98.6972,95.3866,94.5744,104.2567,99.3853,100.0163,94.1706,96.0308,95.5593,107.8905,120.8581,143.3341,120.696,100.3187,96.8077,82.8028,87.1903,100.7869,101.9156,92.3473,90.2465,95.6933,83.0697,86.7763,94.9831,99.6599,76.3455,76.1688,74.4542,78.0753,79.6034,74.0998,74.1949,74.0019,81.7521,76.09,68.8716,75.5206,76.7672,76.7872,61.645,70.7867,78.7284,79.7759,68.5359,65.1658,78.8392,87.3022,79.6363,72.5739,70.8062,87.9713,71.2683,82.0021,73.8308,82.5593
2021-04-01,98.3317,96.603,95.2403,98.0348,105.882,102.2709,101.2764,108.0646,100.21,101.7405,99.756,86.2376,99.8905,97.1303,99.5423,94.1951,98.0365,105.592,99.1296,99.5835,96.6706,95.3646,95.2666,109.1305,125.0473,145.101,123.0519,100.1195,89.3619,80.2576,86.6417,100.767,101.5821,93.0338,91.1042,95.6108,83.2685,88.4698,99.0305,99.2389,76.6187,76.296,73.5823,79.2976,80.564,74.9496,74.3497,79.3611,81.6775,75.9387,71.1607,74.8585,76.7077,77.6276,63.9998,71.3962,80.307,79.5361,63.303,63.2278,78.2041,87.1727,79.5213,73.3368,71.685,88.1592,71.7099,84.2786,76.8755,81.9873
2021-05-01,99.1867,97.7028,96.3008,99.181,106.8887,101.593,100.0201,111.3354,100.8724,103.5324,100.1113,87.9233,99.6272,98.019,100.5045,95.099,99.7965,106.0652,99.606,97.8974,95.113,96.4212,97.9663,111.8926,128.2284,145.0508,124.8989,100.2114,92.187,79.0336,88.4555,101.8214,101.6804,92.4461,94.1626,95.3223,85.1993,89.5886,101.6783,99.5903,77.4469,77.2324,74.4478,80.2972,82.1859,74.3783,73.3171,81.6839,82.1913,74.8298,70.4899,75.5449,79.0511,79.5284,65.8128,71.1432,81.3945,79.5084,65.3553,62.3231,79.6858,87.9104,79.7397,73.0955,74.3006,88.13,73.6382,86.0023,78.8155,82.0249
2021-06-01,99.6483,97.798,96.1441,99.543,107.1645,105.3864,104.4062,111.099,101.2441,103.7703,100.5267,87.2477,99.5557,98.4798,101.2593,94.8366,100.5399,107.9933,97.6586,99.1429,96.0731,96.8457,97.9304,111.2716,129.4438,144.9435,121.834,99.3455,90.5382,79.8011,88.4577,101.8754,101.5529,92.1905,93.2905,93.7724,86.0571,90.8672,102.4455,100.423,77.9619,77.3686,74.3665,80.6557,83.1832,77.0823,76.4191,81.4348,80.687,75.9603,71.6858,75.7336,79.1767,79.0025,66.5841,70.8858,80.1418,78.704,64.2446,62.9807,79.5222,87.7251,79.7768,73.1126,73.8109,86.9034,74.6358,87.8561,79.2839,82.4316
2021-07-01,100.0668,98.6215,97.5278,99.7853,107.6837,102.6179,101.3535,110.2748,101.7232,105.6986,100.6113,89.2357,100.4812,98.9646,101.1845,95.5105,100.0912,107.3776,97.8549,100.5627,97.0945,96.9233,100.259,111.3307,128.4924,143.6613,118.1463,102.1051,93.5278,81.7499,88.4487,103.3294,101.8581,92.224,92.9818,95.0852,86.4278,91.1389,102.2783,101.1039,78.4327,78.0731,75.4678,80.9104,84.2722,74.9898,74.0769,80.7596,80.9339,77.2233,72.916,75.6548,81.1969,78.9408,66.2009,70.07,78.3153,80.7553,66.4309,64.5606,79.3442,88.6918,80.1487,73.3516,73.748,88.2997,75.1991,88.6886,79.021,82.6933
2021-08-01,100.0412,98.2652,97.218,99.38,107.8766,104.2907,103.1555,111.0883,101.4276,104.5847,100.5428,89.3889,101.1055,99.4673,101.1286,95.6831,99.5924,107.3967,98.034,101.2097,96.9033,97.5092,99.1771,112.0034,131.4186,141.2105,117.8903,101.709,92.6497,79.7282,88.5079,103.2143,101.4645,91.1623,94.5924,95.9881,86.4532,90.5991,101.3951,101.3966,78.5435,77.8351,75.2472,80.6354,85.0009,76.1451,75.284,81.2873,81.1489,77.8877,73.1958,75.9796,80.435,79.2963,67.7801,68.6882,78.1493,80.2973,65.8723,62.9923,79.2273,88.2659,79.9668,72.7102,75.188,89.2921,75.4486,88.67,78.2023,82.6252
2021-09-01,98.9955,97.3096,96.1941,98.4915,105.8641,103.5998,102.3735,111.0159,100.668,100.8131,100.6036,89.0799,101.8416,98.968,99.4886,94.5641,97.7221,105.385,99.0424,101.2483,97.3121,97.3891,98.9062,110.8366,132.8331,143.4436,117.7934,102.4319,86.2722,79.2758,89.0111,102.6203,100.8961,92.252,94.4143,95.4097,87.7198,90.0662,99.6062,100.6496,77.8344,77.112,74.4605,79.9627,83.8608,75.5722,74.6024,81.1695,82.0328,78.0744,73.8703,75.7639,80.3092,78.3352,68.5468,69.5737,78.4579,80.7157,61.3927,62.6513,79.5102,87.3989,79.6419,73.78,75.1845,88.8817,76.7702,88.592,76.687,81.7088
2021-10-01,100.3542,98.7064,97.6178,99.8577,109.4493,101.7437,102.2372,97.9845,101.1847,105.2063,100.0718,89.4255,102.4731,99.4681,101.8044,96.1449,99.8329,108.5884,99.6946,100.665,98.3954,98.0823,98.4261,111.3663,134.949,146.9783,119.0485,102.1253,95.2515,78.6532,90.2067,102.3796,101.4117,92.4547,93.6885,95.0639,88.5211,92.276,102.0792,101.5178,78.9984,78.2438,75.555,81.1171,87.0463,74.1477,74.3895,71.5869,82.6037,77.7682,74.9923,76.1921,79.995,78.5609,69.643,71.0615,79.5416,80.3199,67.8329,62.1653,80.4146,86.808,80.1693,74.1401,74.7174,88.6637,77.6755,91.164,78.453,82.106
2021-11-01,101.2684,99.6303,98.9477,100.3661,110.2286,103.1068,102.3368,107.4685,102.4166,108.3109,100.7988,90.5309,104.0952,100.6317,102.4185,96.8706,100.0888,109.327,99.5809,103.2527,98.0667,99.6608,98.5315,111.9694,137.4758,149.8638,120.6504,102.3052,99.4908,79.3581,90.4157,105.5555,102.2541,93.2916,92.4328,93.9934,89.0382,91.7828,102.5578,103.4175,79.7955,78.9921,76.5632,81.5722,87.9019,75.0643,74.3441,78.4586,82.5206,79.9002,74.9632,77.3195,80.1405,78.8255,70.9175,72.1973,80.7028,80.308,70.8902,62.7199,80.4461,89.0798,80.9532,75.0094,73.798,87.7466,78.3198,91.0198,78.6855,83.336
2021-12-01,101.1948,99.7196,99.162,100.3237,110.9124,100.8568,100.474,102.7765,101.704,106.932,100.2623,92.0257,104.945,100.5654,102.3681,97.1067,100.5533,108.6743,101.4242,104.6068,96.5987,99.3309,101.815,112.8561,138.1899,150.8116,121.9107,102.4608,97.8583,78.7408,90.8011,104.6176,101.5586,94.2922,89.8014,95.2054,88.8541,91.6685,103.1566,102.5065,79.7947,79.0698,76.6955,81.5761,88.5769,73.3454,72.8713,74.981,84.041,81.0668,73.9811,76.9798,82.8589,79.2791,71.2256,72.3621,81.3313,80.2814,69.7483,62.2223,80.6449,87.8565,80.5157,76.0128,71.75,88.941,78.3331,91.1979,79.0137,82.3095
2022-01-01,101.2146,99.0901,98.5836,99.6365,109.6896,107.3252,105.8196,116.2922,102.5377,107.1052,101.2679,91.4694,103.3601,101.2753,102.0596,95.6215,99.6015,109.8922,100.5856,104.175,94.2616,98.6634,100.5021,111.4993,136.0842,150.6111,122.455,102.4696,97.9467,79.1486,91.3146,105.6985,102.4734,92.8418,87.1772,95.1185,86.7016,89.494,101.8395,101.22,79.8471,78.5693,76.2034,81.0518,87.6294,77.9557,76.6176,84.7852,83.3219,80.8342,72.2516,76.3941,81.8258,78.1505,70.0532,71.9403,81.2747,80.1469,69.8149,62.5287,80.9691,88.318,81.351,75.0388,69.6789,88.9057,76.5923,89.2715,77.881,81.0009
2022-02-01,101.8458,99.9974,99.5696,100.4597,108.8485,108.2715,106.6925,117.7094,102.9208,105.2485,102.2389,93.2992,105.2112,102.2802,102.3378,97.0525,100.3125,108.8277,102.8005,108.628,95.7121,100.141,101.8787,112.7406,142.2264,150.6977,124.8689,104.4566,94.4255,80.963,94.0207,106.2886,103.0504,94.1547,88.9415,96.2828,89.2437,90.2593,101.9713,104.0541,80.357,79.278,76.9092,81.7509,86.8943,78.5374,77.1119,85.764,85.1119,84.3795,73.3518,77.4836,82.9762,78.838,73.0974,71.6173,82.6299,81.5663,67.2845,63.9439,83.2469,88.356,81.9152,76.3035,71.0908,90.0265,78.986,90.2356,77.8649,83.0014
2022-03-01,102.6732,100.925,100.7969,101.0851,112.2899,104.0926,103.356,108.3677,103.3116,108.3649,101.9101,94.8775,105.2054,102.5822,103.5065,98.1043,100.355,110.7893,103.0729,107.9815,94.5883,100.8876,102.9813,112.8456,141.8975,152.0943,125.2973,105.1201,101.3241,81.6229,93.1419,106.755,103.6029,92.5146,89.922,96.4336,89.2496,91.1144,102.9202,104.3298,80.9989,79.9944,77.791,82.284,89.4928,75.3943,74.5611,78.9095,85.2761,83.9502,72.4127,78.0206,83.8989,78.7242,72.7869,71.8747,82.7367,81.9604,72.155,64.4448,82.3628,88.2841,82.4563,75.1784,71.8522,90.1887,79.126,91.2536,78.4779,82.968
2022-04-01,102.9024,100.9186,101.3361,100.5362,112.6325,106.2261,103.8545,120.4692,103.4404,108.5615,102.0174,95.6738,104.7192,103.2039,103.615,98.5762,99.8107,110.96,101.7853,106.3508,95.8305,101.3168,104.1046,112.6575,140.9068,154.8395,123.4897,105.4936,101.6496,84.4817,93.0176,107.2761,103.1477,91.7356,89.1733,96.5005,89.706,89.4593,102.2308,104.7867,81.1458,79.9626,78.1336,81.8546,89.5391,76.8148,74.7753,87.6704,84.1375,82.7376,73.2261,78.3251,84.8353,78.4034,72.1173,72.7218,81.9001,82.1403,72.3199,66.6797,82.1628,88.2559,82.1894,74.7503,71.2096,90.2639,79.6523,89.715,77.847,83.0914
2022-05-01,102.9659,100.7136,100.9277,100.5243,113.5434,107.1357,106.4178,111.4234,102.9896,107.1675,101.8089,95.9567,104.634,103.3007,103.9519,98.0195,99.8701,112.2548,102.1115,107.2477,96.5238,100.3797,103.1768,112.7021,142.7081,158.5234,124.029,104.5599,100.6122,83.4285,92.4672,107.9849,102.4104,91.4821,88.3988,95.8851,89.7521,90.283,102.8533,104.1289,81.1363,79.7656,77.7401,81.853,89.9665,77.3335,76.4654,81.0421,84.3212,83.4765,73.5745,77.5842,84.1024,78.242,72.856,73.9547,82.3745,81.316,71.4916,65.8289,81.6008,88.3803,81.69,74.7552,70.5292,89.6961,79.8033,90.6257,78.2195,82.342
2022-06-01,102.8224,100.3815,100.6375,100.1465,114.427,106.777,105.9863,111.5037,102.5474,106.8113,101.3421,96.1351,103.6372,102.8866,104.0416,97.5284,99.6154,113.0521,101.7768,107.6157,95.4665,98.8463,102.6076,113.1116,145.0941,162.6145,125.4563,106.3404,100.5907,83.7759,91.2522,108.0267,102.4252,88.8333,92.1757,95.4368,90.1081,88.6634,102.6431,103.7625,80.9375,79.4598,77.4347,81.5423,90.3098,76.9216,75.9937,81.0566,83.9484,83.7907,72.5606,76.3914,83.6669,78.3307,73.8694,75.3183,83.2871,82.6158,71.3623,66.088,80.467,87.9608,81.7828,72.8049,73.4624,89.2828,80.2194,89.0505,77.9616,81.8331
2022-07-01,103.0505,100.5031,101.1824,99.8545,115.9872,106.1849,105.1459,112.3817,102.1821,106.8792,100.8637,96.4127,103.7748,102.8727,104.6205,98.634,99.2865,113.7068,101.4417,107.4306,96.3504,100.6604,102.4638,112.2904,145.145,166.2535,126.2133,105.2972,102.0768,84.8515,91.0736,108.8507,101.9266,88.4801,92.3911,94.4025,89.0235,87.9855,102.588,104.7202,81.0054,79.5055,77.7712,81.2882,91.1363,76.3292,75.2258,81.6524,83.5691,83.6618,73.0094,77.7922,83.5867,77.5675,73.6762,76.4207,83.6498,81.7364,72.2783,66.9282,80.2611,88.1867,81.456,72.7363,73.5424,88.3225,79.3409,88.3875,77.8244,82.3748
2022-08-01,103.1703,100.744,101.4053,100.1103,116.3288,105.0351,103.9935,111.2434,102.5251,107.0083,101.2604,97.212,103.5698,102.8501,104.5051,98.5341,98.503,113.9702,100.5023,107.2458,94.839,100.305,103.3382,113.3986,145.8973,168.4978,126.7815,105.2619,102.9376,85.527,89.8216,110.2935,102.4006,87.3613,90.1281,92.0152,89.5415,89.4694,102.7654,104.6855,80.9637,79.6375,77.861,81.4647,90.969,75.3245,74.2325,80.7848,82.6903,83.5226,71.6475,77.5201,84.3482,78.1345,73.8255,76.8392,83.7962,81.6538,72.7283,67.4605,79.1215,88.916,81.8968,72.0423,71.6443,86.1006,79.8801,89.862,77.8628,82.1359
2022-09-01,103.5326,100.9433,101.7409,100.1752,117.861,104.6164,103.5265,111.1107,102.3897,106.3242,101.2669,97.9141,103.5667,103.2145,105.1321,99.0743,97.9807,115.3649,98.2246,109.3246,94.3208,100.951,104.4663,114.1985,148.3325,168.6531,128.2237,106.0241,103.1393,85.1973,90.8045,109.7265,102.3802,86.6109,91.8137,91.8233,88.7295,91.3479,102.3536,104.3738,81.0936,79.7293,78.039,81.4709,91.7148,74.8348,73.7258,80.6493,80.7116,85.1376,71.0554,78.0237,85.3281,78.4829,74.8106,76.2779,84.1905,82.2012,72.6961,67.2071,79.9614,88.0326,81.9338,71.6536,72.8791,85.9394,79.2238,91.6978,77.4524,81.6779
2022-10-01,103.4442,101.0181,101.9942,100.0747,118.2103,102.5787,100.7065,113.8294,102.6779,107.4288,101.3428,98.1314,102.965,102.9751,104.8078,99.4677,97.1229,114.7137,96.6125,108.2349,94.8897,101.2953,104.2653,113.7768,148.2305,167.1759,127.4512,106.978,105.0235,86.4054,89.8008,109.2711,102.4059,84.578,91.8994,89.6148,90.1386,90.709,102.6901,104.4202,80.8551,79.7163,78.1564,81.3279,91.5267,73.1807,71.5437,82.5836,79.2844,84.2776,71.3049,78.2943,85.2324,77.9871,74.5037,74.9681,83.2346,82.9063,73.8355,68.173,79.0619,87.2526,81.9992,70.2011,72.8374,83.8983,80.5427,90.9705,77.6034,81.4943
2022-11-01,103.1058,100.3051,100.7671,99.8655,117.6001,105.5818,104.4049,112.5279,102.3305,104.7324,101.6101,96.9059,102.4275,103.1067,104.4992,98.3455,97.1547,114.9641,96.4676,107.2139,92.2087,100.9455,102.9812,113.4423,149.5136,164.8302,127.5077,104.0819,102.5644,86.587,86.6108,108.2479,102.1826,84.4485,92.4788,91.1301,91.3948,90.3932,102.4611,102.6157,80.4107,79.0764,77.1435,81.0829,90.5984,75.1116,73.9855,81.6019,79.0652,83.4649,69.1444,78.0271,84.2582,77.5474,74.8847,73.2707,82.6193,80.6364,71.9163,68.3343,76.248,86.0343,81.8573,70.3257,73.1829,85.3523,81.7188,90.5333,77.3202,79.8612
2022-12-01,101.8266,98.441,99.7362,97.1813,115.2278,110.0728,107.9547,122.8499,102.2734,103.9818,101.7363,95.5058,100.7375,101.2687,102.6551,96.7264,93.0146,114.3615,93.9826,106.7136,90.5784,100.3423,101.8296,111.1057,146.4402,162.3808,124.8686,104.146,101.9627,86.7367,85.5224,106.4025,100.7212,84.0303,92.1259,86.5487,88.0061,87.4619,98.6872,101.1385,79.2286,77.5271,76.2862,78.8188,88.3343,78.079,76.3048,89.0474,76.9346,83.0531,67.8094,77.5621,83.3965,75.7397,73.0844,71.5404,80.5115,80.6666,71.3032,68.4745,75.2938,84.1837,80.7156,70.2089,72.7896,81.104,78.7329,87.4512,74.3595,78.4815
2023-01-01,102.7476,100.2508,101.0904,99.4425,119.6672,99.7096,99.8656,98.2261,101.9991,105.8688,100.8945,96.5753,103.0175,101.2008,104.3314,98.1092,96.8104,114.9646,95.151,109.1545,93.9852,99.9102,105.1167,111.5172,150.1267,160.6298,124.2513,105.7281,103.338,87.6479,84.4331,107.6242,103.2651,85.6279,95.0794,88.0243,87.2145,89.0109,102.1076,101.4139,79.7542,78.8675,77.257,80.5548,91.2989,70.5166,70.4019,71.1683,77.8009,84.9263,70.2761,77.2267,86.1766,75.8037,74.6563,70.1314,79.7954,81.8774,72.0718,69.2194,74.3478,84.7722,82.777,71.7793,75.0069,82.5389,78.0612,88.8237,76.8121,78.4556
2023-02-01,102.8003,100.2323,100.9515,99.5444,118.81,101.7957,101.1762,105.2553,101.9996,105.1866,101.0774,95.6848,102.3133,101.2038,104.7327,98.4834,97.0986,115.4752,94.375,110.0491,95.0727,100.1186,103.5316,112.6819,150.0953,160.4307,127.8075,105.3566,103.7451,86.7226,83.5244,106.3219,102.8492,82.1477,92.6963,86.1838,86.298,88.4159,103.9565,101.0468,79.6087,78.7658,77.0885,80.5318,90.2441,71.7744,71.1334,76.2293,77.0799,85.593,71.0402,77.3834,84.9644,76.37,74.373,69.4038,80.7396,81.5764,72.1693,68.5145,73.57,83.3796,82.4623,69.0856,73.0132,80.8723,77.2704,88.0325,78.0668,77.9206
2023-03-01,102.8143,99.6408,100.1824,99.1307,119.3138,106.0112,104.7459,113.6094,101.918,104.0444,101.2793,94.9627,100.8055,101.4435,105.0498,97.5683,97.0946,117.2903,94.1556,106.4895,94.9381,99.8893,101.8713,112.5433,150.7048,162.1427,128.3017,104.5879,102.1072,86.749,83.2233,106.8322,101.078,82.9876,93.5519,86.1831,85.7674,89.539,103.8045,101.6483,79.4362,78.2124,76.4416,80.0846,90.2545,74.518,73.4399,82.2462,76.8191,82.7948,70.922,77.1986,83.6877,76.0433,74.4092,69.4962,80.5849,80.9689,70.8532,68.5617,73.3368,83.4182,81.0562,70.0157,73.5758,80.9383,76.8181,88.9318,77.8072,78.1217
2023-04-01,103.2241,100.3856,101.1672,99.637,120.174,104.0247,103.2721,108.3122,102.9887,107.2646,101.778,95.7177,101.3138,100.8446,105.2157,98.7919,96.837,116.6327,94.144,105.8402,95.7572,99.4199,101.4916,113.8554,155.3897,165.2419,131.4721,105.8854,109.3759,86.128,82.6091,105.9603,101.8967,82.1207,93.3303,84.8781,85.1901,89.9965,104.5228,102.4996,79.5726,78.7062,77.1352,80.3743,90.5622,72.8961,72.2032,78.3809,76.7345,82.2605,71.5431,76.8257,83.4595,76.6865,76.4549,70.1684,81.9351,81.961,75.7155,68.097,72.8377,82.3863,81.7222,69.5022,73.2975,79.7841,76.3168,89.153,78.1902,78.5043
2023-05-01,102.9809,100.2887,101.5215,99.0883,119.5459,103.2838,102.4643,108.033,102.3006,108.2442,100.6455,95.6734,101.2279,100.6537,105.0954,98.9386,96.3445,116.4951,94.1528,106.1083,95.0964,100.0356,100.9583,113.8941,156.3081,168.7092,132.3575,106.0029,110.7094,88.0337,82.2455,105.8845,101.0261,81.7989,91.6511,85.5836,84.6318,89.9395,103.7017,102.4303,79.2151,78.5386,77.3472,79.8103,89.7921,72.1539,71.4327,78.1497,76.6702,82.4403,71.0788,77.2893,83.0986,76.4585,76.645,70.9717,82.0766,82.0368,76.4656,69.6282,72.5703,81.9793,81.0317,69.4433,71.8827,80.5232,75.8257,88.8577,77.4124,78.1726
2023-06-01,102.3809,99.6499,100.8712,98.4615,120.0596,101.71,100.2144,110.9803,100.7068,104.9185,99.5197,95.5606,100.8036,100.6032,104.8219,98.7602,95.8474,116.2902,93.5781,104.5762,95.685,100.0209,98.9521,114.5536,159.8352,171.8188,131.0508,105.133,107.0514,88.8209,82.1842,107.97,99.5727,79.4779,89.3446,85.1256,81.7833,89.1917,103.9228,103.2098,78.5968,77.9469,76.7924,79.1841,89.9307,70.8367,69.6587,80.253,76.1339,81.2237,71.5624,77.2646,81.515,76.6333,78.1159,71.5989,81.414,81.3439,73.783,70.2719,72.5821,83.239,79.873,67.6764,69.9873,80.1699,73.2755,87.8823,77.4041,78.4814
2023-07-01,103.0722,99.9367,101.4694,98.4338,120.4399,105.8977,105.1436,110.1683,101.9324,107.886,100.2765,95.9899,100.7169,100.6945,105.4874,98.9219,95.835,118.0319,92.8687,104.4145,94.3513,99.7748,100.0471,115.6433,159.255,174.7395,133.4603,103.8191,111.6321,88.8595,80.4964,107.7155,99.5058,82.9171,89.8924,83.3417,82.4816,90.2735,103.5679,103.2976,78.986,78.0805,77.1859,79.0432,90.023,73.5321,72.8673,79.639,75.4922,81.0751,70.6148,77.0611,82.4735,77.0809,77.5884,72.1318,81.9739,80.3021,76.7917,70.3185,71.1686,82.6906,79.8271,70.8107,70.3391,78.5651,73.896,88.7168,76.96,78.2614
2023-08-01,103.0951,99.9923,101.0099,99.0108,119.9166,106.2409,105.5117,110.3624,102.1533,106.0569,101.0514,95.8045,100.3361,101.2403,105.3429,98.3065,96.0679,118.1592,93.6398,104.5447,94.1331,99.2507,100.8673,115.0907,160.7028,177.9933,131.3218,103.5561,107.4614,89.5166,81.0904,108.4281,100.1114,80.8296,87.0112,84.7597,83.3841,91.2749,104.1408,103.1926,78.8773,78.0339,76.7711,79.3908,89.4888,73.5534,72.901,79.754,76.0567,81.157,70.4993,76.6439,83.1929,76.4192,78.062,72.7839,80.8161,80.0667,73.791,70.8494,71.7852,82.8813,80.3221,69.2237,68.0208,79.9755,74.6921,89.481,77.1989,77.8975
2023-09-01,103.3081,100.1002,101.0196,99.2178,120.89,106.1847,105.7446,108.3599,102.1499,106.7003,100.8744,94.8687,101.0208,101.2779,105.9501,98.6334,96.9976,118.8413,95.773,104.6877,96.115,99.3547,100.2485,114.286,159.6031,181.7161,130.9186,102.4423,107.219,89.0978,79.9958,109.568,99.863,81.0933,85.5607,86.3313,81.3588,91.8335,104.4145,104.3282,78.9282,78.0289,76.7087,79.4458,90.1155,73.3022,72.8372,78.2838,77.7285,81.2537,72.0247,76.7135,82.711,75.5808,77.3126,73.6059,80.2366,79.1669,73.5025,70.5234,70.9207,83.3892,80.1343,69.6422,66.8363,81.529,72.8587,89.8276,77.2095,78.4713
2023-10-01,102.5781,99.3166,99.5957,99.0824,119.9735,105.7968,105.282,108.5075,101.4192,102.1855,101.1652,94.0965,100.7751,101.1955,104.9638,97.2021,96.2269,118.2282,93.6082,105.2729,93.393,99.3238,99.0934,115.9394,158.029,185.5228,133.8195,104.0849,98.5911,89.2298,78.7849,109.6518,100.7174,80.7107,86.2961,85.9005,80.5618,92.4064,103.4962,103.0584,78.2711,77.3297,75.5537,79.2314,89.3729,72.826,72.2917,78.3689,75.9148,81.6989,70.0122,76.6812,81.7719,76.3524,76.3525,74.4378,80.941,80.3899,67.4809,70.6289,69.9642,83.0848,80.8334,69.5034,67.3737,81.1871,72.119,90.2101,76.3356,77.2427
2023-11-01,102.8868,99.8694,101.0033,98.7655,119.7738,105.5799,105.0655,108.3072,102.1301,106.841,100.8125,95.028,100.7118,100.6736,105.1687,98.1839,95.9833,117.8693,96.1325,103.5568,94.7484,99.1725,99.9234,116.2547,159.1445,188.7696,134.0094,103.7895,107.2618,89.6076,78.1663,108.6155,100.0984,78.4959,83.1091,86.5083,80.8839,92.8178,103.1023,102.7229,78.4172,77.6717,76.5413,78.8772,89.2009,72.4711,71.9143,78.2045,77.9067,80.3641,71.0394,76.5588,82.4566,76.2245,76.7086,75.0239,80.651,80.1088,73.3031,70.9251,69.5453,81.9305,80.352,67.7798,64.8648,81.8207,72.3744,90.4613,75.8474,76.7273
2023-12-01,102.6309,99.8251,100.6129,99.0714,120.4936,103.0754,103.0898,102.1671,101.9747,107.7707,100.3649,94.522,100.2618,100.4124,104.9382,98.0376,96.0914,117.3003,93.2139,103.8036,94.8505,98.6583,98.8167,115.7863,157.5085,191.0098,134.3801,103.6602,108.6938,88.6273,77.4047,107.7731,100.1352,77.4111,82.6296,86.0626,80.6152,93.6831,103.7028,103.3795,78.1414,77.549,76.1607,79.0257,89.7455,70.5536,70.3358,73.7538,75.4908,80.5586,71.1088,76.1592,81.5299,75.5723,75.7551,75.1972,80.1603,79.9499,74.1699,70.143,69.0101,80.9254,80.3986,67.0235,64.4851,81.4513,72.095,91.1833,76.0882,76.9626
2024-01-01,101.483,98.4489,99.3683,97.5605,115.3018,107.4735,107.1461,108.9203,101.2513,103.9426,100.4788,93.4242,98.7984,99.9613,103.325,96.792,93.9718,115.6644,92.193,100.4795,92.8565,99.4417,98.0658,116.6199,155.6951,192.2924,134.7368,103.4266,102.2729,88.9819,76.6185,107.1942,99.0501,77.4221,82.3297,85.7918,81.7001,91.6278,101.2194,101.9374,77.1945,76.3931,75.1299,77.7309,85.9142,73.3587,72.8668,78.6121,74.6167,77.9875,69.5875,76.7645,80.8845,75.7587,74.7352,74.9881,79.5596,79.7051,69.6838,70.4149,68.4628,80.1192,79.5456,67.2135,64.2607,81.2406,73.0195,89.0942,74.0682,75.6483
2024-02-01,102.7267,99.8476,100.8605,98.8646,120.3005,103.5652,103.7609,101.3612,101.9449,107.5568,100.3848,94.8807,101.5369,100.9955,104.7861,97.7226,96.0272,117.2732,94.9737,101.585,93.6023,99.9536,100.0912,116.4431,156.0619,193.1989,133.7796,102.5539,108.1696,88.1265,77.6495,109.199,99.51,78.6667,81.3153,86.9614,82.8396,92.7472,103.8329,102.345,78.0707,77.39,76.1632,78.6835,89.6964,70.4931,70.3337,73.1421,76.8215,78.8604,70.0999,77.1636,82.5171,75.2775,74.7775,74.6307,78.5441,78.9634,73.5883,69.7275,69.5519,81.2348,79.9346,68.4793,63.494,82.3878,73.9861,90.125,75.776,75.7203
2024-03-01,102.5186,100.0599,100.9508,99.2017,119.5996,101.0303,101.7041,95.4603,101.4155,108.1002,99.5664,94.8887,101.2941,100.7073,104.7256,97.9847,96.184,116.6961,93.8008,100.0222,94.6147,99.5356,98.7883,116.8004,160.1159,194.3887,134.1373,104.1602,110.4333,88.263,76.952,109.1473,99.5346,78.6918,80.2145,86.9242,83.5775,94.643,104.0061,102.6297,77.8455,77.4654,76.1319,78.8687,89.2481,68.5743,68.7119,68.8717,75.8301,77.6674,70.7914,76.8479,81.3954,75.133,76.5964,74.3819,78.2804,80.1254,75.0095,69.8239,69.1048,80.8099,79.9749,68.6885,62.6735,82.3862,74.5875,91.9389,75.6963,75.7109
2024-04-01,102.3568,99.3696,100.3487,98.4207,119.5332,104.6702,104.7089,103.6003,101.6516,106.0545,100.4174,94.2039,99.5831,100.7947,104.5404,97.6496,95.2094,117.2413,92.2464,99.9201,92.6133,98.8904,98.319,118.2741,159.2965,194.985,140.5431,102.8532,108.1696,89.3277,77.8187,107.8319,98.8291,78.2589,81.6381,86.9145,84.4449,90.9285,103.4775,102.814,77.6572,76.8422,75.5754,78.1688,89.2859,70.8443,70.5077,74.7322,74.5341,77.6131,69.2111,76.3596,80.9528,75.6955,76.094,73.9095,79.9788,79.0428,73.3524,70.6537,70.0721,79.4526,79.4288,68.4985,63.8388,82.4052,75.2993,88.3301,75.1063,75.6378
2024-05-01,102.9797,100.0424,100.7868,99.3343,118.3101,107.0304,107.823,100.532,101.8428,105.0077,100.9421,94.445,100.2656,101.6219,105.4946,98.4046,96.2668,118.3307,93.866,99.1117,95.687,100.0369,98.859,119.0558,163.1644,195.7222,141.8954,103.9299,107.639,89.1316,76.4529,106.3936,99.313,80.271,82.0338,86.5367,83.9221,93.5832,105.0415,102.389,78.0627,77.2723,75.7993,78.8164,88.464,72.235,72.3624,72.5079,75.8051,77.0142,71.4069,77.2571,81.3348,75.803,77.8382,73.4922,80.0145,79.7898,72.8686,70.4865,69.0359,78.0123,79.8385,70.4551,64.2132,82.0708,74.7676,90.9319,76.0323,75.1257
2024-06-01,103.2534,99.9935,100.2932,99.7411,119.2153,108.8355,108.6223,109.5908,102.3966,104.9007,101.6735,94.0833,100.5341,102.3792,105.5782,97.3927,97.258,118.9951,94.119,100.4797,92.3191,99.3272,97.3669,118.3343,159.995,196.3666,139.2845,105.9424,107.7972,89.836,77.6679,104.12,99.6349,80.567,84.0818,86.5408,85.1066,92.8127,106.1277,102.1291,78.1993,77.1429,75.3201,79.0613,89.2321,73.2399,72.6539,79.03,75.9739,78.1101,68.7833,76.723,80.041,74.9495,76.2322,73.0399,78.1545,81.251,72.8455,71.0324,70.3369,75.9708,80.1177,70.9149,65.8931,82.0955,75.7535,90.2256,76.606,74.7431
2024-07-01,102.5192,99.3588,99.1726,99.6046,118.6462,107.4502,107.0724,109.411,101.3583,98.9409,101.9605,93.9218,100.2032,101.7087,104.8684,96.8522,96.2537,118.313,93.1356,100.5617,92.568,98.9604,99.3605,120.2692,160.4669,197.7202,140.579,106.2734,97.2204,88.9116,76.8806,104.5687,98.8333,80.0574,82.3467,86.7422,85.344,93.1291,106.589,101.5799,77.5681,76.5616,74.3707,78.8755,88.8897,72.0952,71.3769,78.8895,75.1474,78.2093,68.8489,76.455,81.6102,75.7755,76.3683,72.8542,78.0386,81.4209,65.5758,70.2921,69.8296,75.9239,79.492,70.6674,64.6161,82.3053,75.8937,90.5909,76.7261,74.1573
2024-08-01,103.0196,99.927,100.2943,99.606,120.1373,106.277,105.3955,111.9097,102.2969,103.7589,101.8556,93.9,100.4632,101.2995,105.4253,97.8668,96.2919,118.7173,94.3558,100.0141,94.2856,97.7887,98.3045,120.0976,162.9642,197.5376,144.0093,108.8424,105.7422,90.5791,76.8831,102.3435,98.7696,80.3539,80.4453,86.9173,85.1883,93.7575,106.6242,100.9699,77.8658,76.9064,75.1026,78.7981,90.081,71.0953,70.0232,80.6803,76.1006,77.8201,69.9987,75.5655,80.6735,75.2701,77.4698,72.1059,78.6875,83.304,71.1858,71.6029,70.0401,73.9437,79.4582,71.1337,63.2098,82.4892,75.6834,91.271,76.5388,73.5335
2024-09-01,102.5954,99.6108,99.6003,99.6759,119.034,105.7213,104.9409,110.6233,102.0981,103.7631,101.6025,90.822,100.1222,101.7314,105.1818,97.7993,96.8761,117.7079,95.8239,100.7163,94.22,97.4118,98.6235,119.7559,170.5191,198.0679,142.9451,106.9838,105.6306,83.3137,75.4286,104.0078,99.6401,77.0427,77.3973,87.6197,84.771,92.9651,106.6923,99.9386,77.4591,76.5696,74.4747,78.7739,89.3142,70.5099,69.487,79.7423,77.2543,78.4043,69.8198,75.2902,80.8666,74.6626,80.971,71.623,78.0259,81.7989,70.9684,65.8546,68.9205,74.7777,80.1748,68.4012,60.8999,83.1737,75.241,90.5741,76.3753,72.608
2024-10-01,102.2138,98.9959,98.2018,99.8606,119.4934,106.1072,106.8561,99.883,101.5073,100.8056,101.6464,87.9955,100.3161,101.4307,105.3317,97.086,97.0562,118.785,95.2185,101.8161,92.1546,97.5816,97.3012,121.3916,171.35,200.9892,145.2522,106.6848,100.3426,78.2834,74.9501,103.6665,98.3661,78.0255,77.3108,87.9504,83.852,96.0704,107.8331,98.7711,77.0806,76.0033,73.3228,78.8386,89.7075,70.5508,70.5171,71.9905,76.7368,79.2986,68.1621,75.4372,79.7162,75.2865,81.2739,71.998,78.4174,81.4893,67.2775,61.8752,68.6878,74.1668,79.1647,69.4773,60.9174,83.5062,74.3546,93.6785,76.9774,71.5877
2024-11-01,101.9503,99.1847,98.7603,99.6729,118.4523,104.022,104.9287,96.6647,100.837,102.2327,100.4149,89.4378,100.212,100.965,105.0645,97.1939,97.8628,117.365,97.63,101.5879,91.4993,96.8454,99.4903,120.7582,167.9121,200.2447,143.3658,105.821,102.9738,78.2376,75.8511,103.9167,98.206,78.5788,76.1106,87.2943,83.2022,92.9945,108.689,99.1335,76.7875,76.0541,73.6339,78.6077,88.9618,68.9509,69.0122,69.6613,78.6502,79.1584,67.5535,74.8832,81.4447,74.5036,79.5509,71.0572,76.7669,80.7509,68.898,61.8369,69.7194,73.9818,79.0499,70.1765,60.0546,82.903,73.7091,90.7537,77.3725,71.6767
2024-12-01,103.0447,99.6434,99.2916,100.0579,120.6636,108.835,107.9936,114.1561,101.6683,100.6563,101.8896,91.4378,101.4927,101.8204,106.1895,97.8221,98.6748,119.2374,95.3236,100.9768,93.6989,97.941,99.1412,121.7564,175.2198,200.9252,144.5808,107.0364,100.3426,84.5326,75.1136,103.9459,98.8589,78.5,77.0373,86.8998,84.3338,95.2336,108.5348,98.3157,77.5136,76.3114,73.9253,78.8272,90.6474,71.9182,70.7903,82.2548,76.7628,78.7182,69.0554,75.7448,81.0976,74.7323,82.9137,70.6309,76.9375,81.6011,66.9972,66.8112,69.2428,73.6428,79.5887,70.3125,60.8669,82.5494,74.6429,93.0102,77.0484,70.9124
2025-01-01,102.8805,99.1864,99.2455,99.1834,117.7608,113.7402,112.8159,119.6284,101.5923,98.5588,102.3536,92.5094,101.0024,102.3131,105.5851,96.9982,96.6971,119.83,94.7358,102.3245,94.3256,97.1351,100.2136,123.7527,178.3627,202.3158,151.0627,106.1836,94.8668,89.2833,75.5633,103.3444,98.1777,78.5011,78.1528,87.3046,84.9159,93.5822,107.2618,97.2403,77.2923,75.8843,73.8083,78.0655,88.3925,74.9315,73.7107,86.1824,76.2416,79.8032,69.4048,75.0814,81.9078,75.6338,84.2497,70.3883,78.8346,80.892,63.1635,70.561,69.8931,73.2786,78.9817,70.4658,62.0419,83.013,75.1473,91.2839,76.0046,70.1083
2025-02-01,103.8705,100.2847,100.806,99.814,119.5195,112.7658,111.8005,118.9597,102.7888,102.7106,102.761,94.4471,102.489,102.4495,106.3981,98.3426,97.2915,120.2037,97.0048,102.8779,93.4743,97.3547,99.7522,124.0756,179.5247,203.442,152.3916,107.5707,104.4085,90.5212,74.5204,103.5281,98.7042,79.0418,78.8502,86.2991,85.2029,93.3167,108.4822,98.7372,77.9359,76.64,74.8741,78.4866,89.6792,74.0593,72.8044,85.687,78.0282,80.2728,68.657,75.2346,81.4638,75.4744,84.6726,70.0755,78.7493,81.8804,69.3375,71.5361,69.1542,73.2942,79.3789,71.13,62.8127,82.1097,75.3639,90.9978,76.6987,71.1029
2025-03-01,103.637,100.9274,101.4279,100.478,121.5942,103.5152,104.2772,97.2135,102.0303,103.1316,101.6884,95.9826,103.5085,102.0033,105.9898,98.9548,97.3776,118.3466,95.7302,103.4566,94.4692,97.7124,100.5861,124.943,177.6059,204.3698,151.3536,106.3655,105.8561,92.0915,74.0312,103.9673,99.3899,78.3617,79.792,86.1636,84.4061,93.2441,109.5593,100.3344,77.66,77.0487,75.2463,78.9325,91.1803,67.7746,67.6816,70.011,76.96,80.7585,69.2794,75.486,82.0833,75.6588,83.6281,69.6868,77.6783,80.9006,70.1146,72.7737,68.9222,73.5445,79.8953,70.6874,63.799,82.0438,74.6323,90.8597,77.2981,72.1783
2025-04-01,103.6696,100.4884,101.0059,100.0216,121.2811,107.7851,107.9192,106.0194,101.667,101.0172,101.7915,96.1267,102.142,102.2456,106.4169,99.0789,97.1607,119.5418,94.7746,101.2408,94.3957,99.0304,100.0473,125.3904,177.488,205.4895,156.7781,104.0271,103.5014,92.945,74.8547,102.9354,98.7724,78.2272,76.9808,85.296,84.6318,91.9131,109.5988,100.0512,77.5841,76.6345,74.8498,78.4977,90.8719,70.3557,69.8181,76.3386,76.1457,79.058,69.1311,76.4709,81.5882,75.602,83.4196,69.3603,78.9365,79.0662,68.3738,73.4446,69.9097,72.8051,79.3557,70.7267,61.792,81.2895,74.8147,89.4586,77.1738,71.9103
2025-05-01,103.7484,100.7119,101.573,99.8988,121.8224,106.5674,106.5796,105.6968,101.5821,102.5846,101.2672,96.901,102.1118,102.2315,106.5383,99.4651,97.0478,119.5356,95.4651,99.8833,94.2954,98.2652,99.5907,126.0437,183.3573,206.2256,159.1163,106.3827,108.2678,93.3061,75.1431,101.8921,98.9144,78.6479,79.2134,85.2875,84.2136,93.4743,108.5711,99.5786,77.5426,76.7264,75.1875,78.3249,91.1965,69.3496,68.7276,76.0918,76.6522,78.0258,68.9662,75.8434,81.1618,75.6716,86.0152,68.8994,79.4173,80.8008,71.3311,73.7254,70.4026,72.0807,79.4224,71.2662,63.8429,81.3569,74.4316,90.8573,76.3032,71.5127
2025-06-01,104.1137,100.9958,101.483,100.5593,121.4301,108.5012,109.1334,103.1073,101.8381,101.2808,101.9373,97.0246,102.3915,102.3734,107.0764,99.501,98.0071,120.3226,94.0906,98.6426,96.4776,98.5047,100.4796,126.8872,182.5572,207.2688,161.1517,103.082,105.5652,95.2164,75.9884,101.4341,99.3011,77.9351,79.1461,87.1568,84.3073,94.3169,109.6619,99.2198,77.7153,76.864,75.0391,78.7653,90.8175,70.3938,70.145,74.2131,75.4994,77.0832,70.4701,75.989,81.8322,75.8549,85.4737,68.5361,79.4568,78.2406,69.3623,75.2286,71.423,71.7873,79.6818,70.7768,64.0567,83.2201,74.5037,91.5424,76.9238,71.2019
2025-07-01,103.9867,100.9575,101.8016,100.1624,120.9089,108.2789,108.8064,103.6478,101.9336,101.4292,102.0188,97.4685,102.1949,102.0332,106.7421,99.3801,97.5757,119.8275,94.7115,99.255,96.2351,98.6761,100.2206,126.9849,187.7816,208.3687,163.4022,104.1225,105.2441,96.7928,76.7256,102.7527,99.1301,76.331,77.8102,86.7629,84.2093,93.8225,109.2486,98.4083,77.5221,76.7567,75.1937,78.3773,90.3418,70.039,69.7083,74.5875,75.9471,77.5878,70.2022,76.0804,81.5679,75.5953,87.7477,68.1934,79.8871,78.9774,68.9649,76.4659,72.3464,72.763,79.4911,69.4713,63.2433,82.9246,74.4083,90.9221,76.491,70.5704
