date,pmi_pm,neword_hi,neword_in,neword_lo,neword_ne,neword_sa,production_hi,production_in,production_lo,production_ne,production_sa,employment_hi,employment_in,employment_lo,employment_ne,employment_sa,supdel_fa,supdel_in,supdel_sl,supdel_ne,supdel_sa,inventories_hi,inventories_in,inventories_lo,inventories_ne,inventories_sa,cusinv_abri,cusinv_in,cusinv_tohi,cusinv_tolo,cusinv_ne,cusinv_re,prices_hi,prices_in,prices_lo,prices_ne,prices_sa,bacord_hi,bacord_in,bacord_lo,bacord_ne,bacord_sa,newexpord_hi,newexpord_in,newexpord_lo,newexpord_ne,newexpord_sa,imports_hi,imports_in,imports_lo,imports_ne,imports_sa,buypol_caex-1ye,buypol_caex-30da,buypol_caex-60da,buypol_caex-6mo,buypol_caex-90da,buypol_caex-avda,buypol_caex-hamo,buypol_mrsu-1ye,buypol_mrsu-30da,buypol_mrsu-60da
2020-05-01,43.1,,,,,,,,,,,,,,,,,,,,,,,,,,,,,,,,,,,,,,,,,,,,,,,,,,,,,,,,,,,,,
2020-06-01,52.2,,,,,,,,,,,,,,,,,,,,,,,,,,,,,,,,,,,,,,,,,,,,,,,,,,,,,,,,,,,,,
2020-07-01,53.7,,,,,,,,,,,,,,,,,,,,,,,,,,,,,,,,,,,,,,,,,,,,,,,,,,,,,,,,,,,,,
2020-08-01,55.6,,,,,,,,,,,,,,,,,,,,,,,,,,,,,,,,,,,,,,,,,,,,,,,,,,,,,,,,,,,,,
2020-09-01,55.7,,,,,,,,,,,,,,,,,,,,,,,,,,,,,,,,,,,,,,,,,,,,,,,,,,,,,,,,,,,,,
2020-10-01,58.8,,,,,,,,,,,,,,,,,,,,,,,,,,,,,,,,,,,,,,,,,,,,,,,,,,,,,,,,,,,,,
2020-11-01,57.7,,,,,,,,,,,,,,,,,,,,,,,,,,,,,,,,,,,,,,,,,,,,,,,,,,,,,,,,,,,,,
2020-12-01,60.5,,,,,,,,,,,,,,,,,,,,,,,,,,,,,,,,,,,,,,,,,,,,,,,,,,,,,,,,,,,,,
2021-01-01,58.7,37.0,61.1,12.0,25.0,51.0,30.8,60.7,11.4,19.4,57.8,13.9,52.6,13.8,0.1,72.2,3.5,68.2,39.9,36.4,56.5,18.1,50.8,16.3,1.8,65.6,59.6,33.1,3.3,37.1,-33.8,75.0,64.3,82.1,0.0,64.3,35.7,32.1,59.7,12.7,19.4,55.2,17.6,54.9,7.7,9.9,74.6,21.9,56.8,8.3,13.6,69.9,18.0,6.0,10.0,30.0,15.0,141.0,21.0,0.0,36.0,19.0
2021-02-01,60.9,42.4,64.8,6.4,36.0,51.2,36.8,63.2,11.6,25.2,51.7,19.2,54.4,12.3,6.9,68.5,1.5,72.0,45.4,43.9,53.1,19.8,49.7,17.1,2.7,63.1,55.4,32.5,4.8,39.8,-35.0,79.0,73.1,86.0,1.2,71.9,25.7,38.5,64.0,10.5,28.0,51.0,20.5,57.2,6.1,14.4,73.4,21.0,56.1,8.7,12.3,70.3,19.0,6.0,8.0,29.0,15.0,142.0,23.0,0.0,37.0,16.0
2021-03-01,63.7,45.3,68.0,5.5,39.8,49.2,43.0,68.1,8.1,34.9,48.9,23.9,59.6,7.2,16.7,69.0,1.6,76.6,54.9,53.3,43.5,22.4,50.8,19.2,3.2,58.4,49.2,29.9,5.3,45.5,-40.2,79.0,71.6,85.6,0.5,71.1,27.9,43.1,67.5,8.1,35.0,48.8,16.7,54.5,7.7,9.0,75.6,19.9,56.7,6.5,13.4,73.6,21.0,4.0,9.0,26.0,17.0,145.0,23.0,0.0,36.0,19.0
2021-04-01,60.6,48.7,64.3,7.9,40.8,43.4,44.3,62.5,11.4,32.9,44.3,21.2,55.1,10.9,10.3,67.9,3.9,75.0,53.9,50.0,42.2,18.2,46.5,23.5,-5.3,58.3,49.4,28.4,3.7,46.9,-43.2,80.0,80.1,89.6,0.9,79.2,19.1,44.4,68.2,8.0,36.4,47.6,16.3,54.9,6.5,9.8,77.1,16.3,52.2,11.8,4.5,71.9,19.0,5.0,7.0,32.0,16.0,147.0,21.0,1.0,37.0,16.0
2021-05-01,61.6,46.9,67.0,10.0,36.9,43.1,39.2,58.5,17.2,22.0,43.6,20.8,50.9,18.0,2.8,61.1,1.4,78.8,58.9,57.5,39.7,23.8,50.8,22.2,1.6,54.1,46.8,28.0,4.6,48.6,-44.0,79.0,77.1,88.0,1.2,75.9,21.6,49.1,70.6,8.0,41.1,42.9,16.8,55.4,6.0,10.8,77.2,20.6,54.0,12.7,7.9,66.8,20.0,5.0,11.0,31.0,12.0,148.0,21.0,0.0,39.0,18.0
2021-06-01,60.9,42.1,66.0,8.2,33.9,49.7,39.1,60.8,11.6,27.5,49.3,26.6,49.9,19.3,7.3,54.1,3.3,75.1,53.5,50.2,43.2,20.7,51.1,19.4,1.3,59.9,48.7,30.8,6.5,44.8,-38.3,79.0,84.8,92.1,0.7,84.1,14.5,39.5,64.5,10.4,29.1,50.1,17.7,56.2,5.2,12.5,77.1,30.7,61.0,8.7,22.0,60.6,20.0,5.0,8.0,28.0,16.0,144.0,23.0,1.0,33.0,20.0
2021-07-01,59.9,34.7,64.9,3.3,31.4,62.0,31.1,58.4,9.1,22.0,59.9,26.1,52.9,16.0,10.1,57.8,3.1,72.5,48.1,45.0,48.8,21.6,48.9,24.7,-3.1,53.7,37.4,25.0,6.3,56.3,-50.0,74.0,73.8,85.7,2.4,71.4,23.8,36.2,65.0,6.2,30.0,57.5,16.9,55.7,5.6,11.3,77.5,17.8,53.7,10.4,7.4,71.8,20.0,5.0,6.0,32.0,14.0,148.0,23.0,0.0,38.0,21.0
2021-08-01,59.7,38.0,66.7,9.2,28.8,52.8,31.9,60.0,13.5,18.4,54.5,20.3,49.0,21.5,-1.2,58.2,3.6,69.5,42.7,39.1,53.7,25.4,54.2,14.2,11.2,60.5,49.0,30.2,5.6,45.3,-39.7,75.0,62.8,79.4,3.9,58.9,33.3,44.5,68.2,8.0,36.5,47.5,17.9,56.6,4.6,13.3,77.5,17.5,54.3,8.8,8.7,73.6,20.0,4.0,9.0,30.0,14.0,146.0,23.0,1.0,38.0,16.0
2021-09-01,60.5,36.6,66.7,9.1,27.5,54.3,31.6,59.4,15.3,16.3,53.1,17.0,50.2,17.3,-0.3,65.7,3.2,73.4,50.0,46.8,46.8,29.7,55.6,18.9,10.8,51.4,39.6,31.7,11.9,48.5,-36.6,73.0,69.5,81.2,7.1,62.4,23.4,39.0,64.8,9.4,29.6,51.6,14.1,53.4,7.3,6.8,78.6,20.0,54.9,10.2,9.8,69.8,22.0,5.0,8.0,30.0,15.0,154.0,20.0,1.0,38.0,20.0
2021-10-01,60.8,29.7,60.6,12.0,17.7,58.3,31.3,59.0,14.4,16.9,54.3,21.3,52.1,15.9,5.4,62.8,1.4,75.6,52.5,51.1,46.1,28.0,56.4,14.2,13.8,57.8,50.1,31.7,6.7,43.2,-36.5,78.0,72.3,85.7,1.0,71.3,26.7,36.4,63.6,9.2,27.2,54.4,12.7,54.6,3.4,9.3,83.9,12.5,49.1,14.2,-1.7,73.3,23.0,5.0,9.0,29.0,15.0,156.0,19.0,1.0,35.0,20.0
2021-11-01,60.6,23.4,61.4,10.6,12.8,66.0,30.3,60.2,12.4,17.9,57.3,20.5,53.0,14.9,5.6,64.6,3.7,72.2,48.2,44.5,48.1,26.2,56.3,15.7,10.5,58.1,39.3,25.1,5.4,55.3,-49.9,77.0,67.9,82.4,3.1,64.8,29.0,35.2,61.9,11.5,23.7,53.3,11.3,54.0,3.2,8.1,85.5,14.1,52.6,8.9,5.2,77.0,25.0,4.0,10.0,27.0,15.0,160.0,19.0,1.0,34.0,21.0
2021-12-01,58.8,24.6,61.0,10.8,13.8,64.6,25.6,59.4,17.4,8.2,57.0,15.5,53.9,12.3,3.2,72.2,4.8,64.9,34.7,29.9,60.5,21.6,54.6,16.7,4.9,61.7,46.1,31.7,8.7,45.2,-36.5,77.0,47.4,68.2,11.0,36.4,41.6,38.0,62.8,12.3,25.7,49.7,10.8,53.6,3.7,7.1,85.5,17.9,53.8,10.3,7.6,71.8,25.0,3.0,11.0,29.0,11.0,161.0,21.0,1.0,34.0,21.0
2022-01-01,57.6,25.0,57.9,14.5,10.5,60.5,21.9,57.8,12.4,9.5,65.7,19.2,54.5,15.1,4.1,65.7,5.2,64.6,34.4,29.2,60.4,21.8,53.2,15.5,6.3,62.7,48.9,33.0,8.6,42.5,-33.9,74.0,58.7,76.1,6.5,52.2,34.8,24.7,56.4,11.8,12.9,63.5,12.5,53.7,5.2,7.3,82.3,18.4,55.1,8.2,10.2,73.4,27.0,4.0,6.0,29.0,13.0,167.0,21.0,1.0,36.0,18.0
2022-02-01,58.4,32.5,61.7,6.1,26.4,61.4,27.5,58.5,10.7,16.8,61.8,21.6,52.9,16.0,5.6,62.4,6.8,66.1,39.0,32.2,54.2,23.4,53.6,13.3,10.1,63.3,46.7,31.8,8.5,44.8,-36.3,76.0,56.2,75.6,5.0,51.2,38.8,39.0,65.0,9.0,30.0,52.0,17.0,57.1,2.7,14.3,80.3,18.1,55.4,7.2,10.9,74.7,29.0,5.0,7.0,29.0,11.0,173.0,19.0,2.0,36.0,18.0
2022-03-01,57.0,28.2,53.8,11.4,16.8,60.4,25.7,54.5,12.0,13.7,62.3,24.4,56.3,10.4,14.0,65.2,4.0,65.4,34.8,30.8,61.2,24.5,55.5,11.9,12.6,63.6,53.6,34.1,7.3,39.1,-31.8,69.0,75.1,87.1,0.9,74.2,24.0,29.8,60.0,9.8,20.0,60.4,14.3,53.2,8.0,6.3,77.7,15.2,51.8,11.7,3.5,73.1,28.0,3.0,8.0,29.0,14.0,172.0,18.0,0.0,33.0,22.0
2022-04-01,55.9,25.1,53.5,10.9,14.2,64.0,27.5,53.6,11.5,16.0,61.0,21.0,50.9,17.1,3.9,61.9,4.3,67.2,38.7,34.4,57.0,21.4,51.6,17.2,4.2,61.4,53.2,37.1,10.5,36.3,-25.8,76.0,73.5,84.6,4.4,69.1,22.1,27.9,56.0,15.8,12.1,56.3,10.7,52.7,5.2,5.5,84.1,13.2,51.4,10.3,2.9,76.5,28.0,4.0,6.0,30.0,14.0,173.0,18.0,1.0,33.0,23.0
2022-05-01,56.1,28.2,55.1,13.3,14.9,58.5,23.9,54.2,16.9,7.0,59.2,21.8,49.6,22.8,-1.0,55.4,5.7,65.7,37.1,31.4,57.2,24.3,55.9,13.2,11.1,62.5,39.7,32.7,12.8,47.5,-34.7,75.0,70.2,82.2,5.6,64.6,24.2,31.6,58.7,14.1,17.5,54.3,14.6,52.9,8.8,5.8,76.6,13.4,48.7,16.0,-2.6,70.6,30.0,5.0,8.0,30.0,10.0,178.0,17.0,1.0,35.0,19.0
2022-06-01,53.1,17.8,49.2,17.1,0.7,65.1,27.4,54.9,11.7,15.7,60.9,17.9,47.3,18.4,-0.5,63.7,12.8,57.3,27.4,14.6,59.8,25.4,56.0,14.8,10.6,59.8,48.1,35.2,11.1,40.8,-29.7,75.0,65.2,78.5,8.3,56.9,26.5,25.6,53.2,19.1,6.5,55.3,12.3,50.7,10.9,1.4,76.8,14.4,50.7,13.1,1.3,72.5,32.0,6.0,7.0,31.0,9.0,186.0,15.0,0.0,39.0,19.0
2022-07-01,52.7,17.2,48.0,19.8,-2.6,63.0,24.9,53.5,16.6,8.3,58.5,22.0,49.9,18.6,3.4,59.4,11.0,55.2,21.4,10.4,67.6,25.5,57.3,12.7,12.8,61.8,54.2,39.5,12.4,33.4,-21.0,78.0,41.5,60.0,21.5,20.0,37.0,26.6,51.3,24.0,2.6,49.4,16.6,52.6,11.3,5.3,72.1,19.6,54.4,10.9,8.7,69.5,31.0,3.0,10.0,29.0,13.0,183.0,14.0,1.0,36.0,21.0
2022-08-01,52.9,17.5,51.3,19.4,-1.9,63.1,17.6,50.4,17.0,0.6,65.4,19.3,54.2,12.4,6.9,68.3,9.4,55.1,19.6,10.2,71.0,23.2,53.1,13.9,9.3,62.9,53.4,38.9,12.2,34.4,-22.2,75.0,31.7,52.5,26.7,5.0,41.6,24.6,53.0,18.7,5.9,56.7,9.9,49.4,11.1,-1.2,79.0,15.6,52.5,10.6,5.0,73.8,31.0,5.0,6.0,29.0,11.0,180.0,18.0,0.0,34.0,21.0
2022-09-01,51.0,16.0,47.1,21.2,-5.2,62.8,17.5,50.6,18.2,-0.7,64.3,17.5,48.7,22.2,-4.7,60.3,12.0,52.4,16.8,4.8,71.2,23.0,55.5,12.1,10.9,64.9,56.1,41.6,13.5,30.4,-16.9,73.0,31.4,51.7,28.1,3.3,40.5,25.5,50.9,23.7,1.8,50.8,9.4,47.8,13.9,-4.5,76.7,15.2,52.6,10.0,5.2,74.8,29.0,5.0,7.0,32.0,11.0,178.0,16.0,1.0,35.0,19.0
2022-10-01,50.0,18.3,48.2,25.3,-7.0,56.4,20.2,51.9,17.5,2.7,62.3,16.0,49.9,15.1,0.9,68.9,18.1,46.8,11.7,-6.4,70.2,21.6,53.0,15.1,6.5,63.3,56.3,41.6,13.4,30.3,-16.9,74.0,19.7,46.6,26.5,-6.8,53.8,17.4,45.3,26.8,-9.4,55.8,6.7,46.5,13.8,-7.1,79.5,9.3,50.8,7.8,1.5,82.9,30.0,6.0,6.0,30.0,12.0,179.0,16.0,1.0,36.0,16.0
2022-11-01,49.0,12.7,46.8,25.0,-12.3,62.3,20.2,50.9,18.1,2.1,61.7,12.8,48.9,16.6,-3.8,70.6,19.6,47.2,13.9,-5.7,66.5,20.9,51.1,20.8,0.1,58.3,56.2,48.7,20.6,23.2,-2.6,77.0,13.1,43.0,27.1,-14.0,59.8,13.7,40.0,33.7,-20.0,52.6,11.2,48.4,14.4,-3.2,74.4,10.2,46.6,17.0,-6.8,72.8,28.0,4.0,8.0,33.0,11.0,177.0,16.0,1.0,34.0,17.0
2022-12-01,48.4,15.8,45.1,31.5,-15.7,52.7,17.3,48.6,26.5,-9.2,56.2,15.6,50.8,16.9,-1.3,67.5,22.1,45.1,12.3,-9.8,65.6,20.0,52.3,20.5,-0.5,59.5,66.0,48.2,15.2,18.8,-3.6,78.0,13.6,39.4,34.8,-21.2,51.6,11.5,41.4,28.8,-17.3,59.7,5.6,46.2,13.2,-7.6,81.2,7.3,45.1,17.1,-9.8,75.6,26.0,6.0,7.0,33.0,12.0,171.0,16.0,1.0,33.0,17.0
2023-01-01,47.4,15.4,42.5,34.3,-18.9,50.3,17.9,48.0,28.4,-10.5,53.7,15.2,50.6,17.0,-1.8,67.8,20.0,45.6,11.2,-8.8,68.8,22.1,50.2,20.8,1.3,57.1,57.8,47.4,18.5,23.7,-5.2,75.0,18.2,44.5,29.3,-11.1,52.5,15.9,43.4,29.1,-13.2,55.0,12.2,49.4,13.4,-1.2,74.4,12.4,47.8,16.9,-4.5,70.7,23.0,5.0,8.0,36.0,13.0,166.0,15.0,0.0,37.0,19.0
2023-02-01,47.7,21.3,47.0,24.1,-2.8,54.6,16.6,47.3,21.1,-4.5,62.3,13.8,49.1,15.2,-1.4,71.0,19.3,45.2,9.7,-9.6,71.0,20.5,50.1,18.8,1.7,60.7,56.9,46.9,18.4,24.7,-6.3,75.0,24.7,51.3,22.1,2.6,53.2,16.9,45.1,26.8,-9.9,56.3,11.0,49.9,11.3,-0.3,77.7,10.5,49.9,10.7,-0.2,78.8,28.0,5.0,10.0,31.0,12.0,176.0,14.0,0.0,36.0,20.0
2023-03-01,46.5,19.6,44.3,24.4,-4.8,56.0,17.6,47.8,19.2,-1.6,63.2,13.7,46.9,17.0,-3.3,69.3,18.6,44.8,8.2,-10.4,73.2,15.5,47.5,19.3,-3.8,65.2,58.4,48.9,19.7,21.9,-2.2,75.0,21.4,49.2,23.0,-1.6,55.6,12.6,43.9,24.8,-12.2,62.6,9.2,47.6,14.1,-4.9,76.7,11.3,47.9,15.5,-4.2,73.2,30.0,5.0,6.0,29.0,13.0,178.0,17.0,1.0,34.0,21.0
2023-04-01,47.0,25.2,45.7,26.6,-1.4,48.2,24.4,48.9,19.6,4.8,56.0,17.9,50.2,15.6,2.3,66.5,18.4,44.6,7.6,-10.8,74.0,15.1,46.3,22.5,-7.4,62.4,62.7,51.3,19.9,17.4,2.5,74.0,26.3,53.2,20.0,6.3,53.7,15.3,43.1,29.1,-13.8,55.6,11.1,49.8,11.5,-0.4,77.4,11.8,49.9,12.1,-0.3,76.1,26.0,4.0,6.0,32.0,14.0,170.0,18.0,1.0,40.0,15.0
2023-05-01,46.6,16.3,42.6,29.7,-13.4,54.0,20.6,51.1,19.9,0.7,59.5,17.0,51.4,15.8,1.2,67.2,20.2,43.5,7.2,-13.0,72.6,13.5,45.8,22.7,-9.2,63.8,61.1,51.4,20.8,18.1,2.7,77.0,15.4,44.2,27.1,-11.7,57.5,10.8,37.5,35.9,-25.1,53.3,9.0,50.0,9.1,-0.1,81.9,7.7,47.3,13.1,-5.4,79.2,27.0,7.0,5.0,32.0,13.0,172.0,16.0,1.0,34.0,18.0
2023-06-01,46.4,17.7,45.6,24.6,-6.9,57.7,15.0,46.7,16.9,-1.9,68.1,15.5,48.1,16.4,-0.9,68.1,18.0,45.7,9.3,-8.7,72.7,8.2,44.0,20.2,-12.0,71.6,61.2,46.2,15.6,23.2,-7.6,73.0,11.2,41.8,27.7,-16.5,61.1,8.3,38.7,30.9,-22.6,60.8,8.0,47.3,13.4,-5.4,78.6,10.8,49.3,12.3,-1.5,76.9,29.0,5.0,8.0,30.0,11.0,175.0,17.0,1.0,38.0,18.0
2023-07-01,46.5,15.4,47.3,23.4,-8.0,61.2,16.4,48.3,19.3,-2.9,64.3,9.4,44.4,17.4,-8.0,73.2,15.8,46.1,7.9,-7.9,76.3,12.8,46.1,22.3,-9.5,64.9,64.1,48.7,16.6,19.3,-2.7,75.0,13.9,42.6,28.7,-14.8,57.4,11.9,42.8,26.3,-14.4,61.8,5.8,46.2,13.4,-7.6,80.8,8.6,49.6,9.4,-0.8,82.0,27.0,4.0,8.0,32.0,14.0,174.0,15.0,1.0,36.0,18.0
2023-08-01,47.6,17.2,46.8,22.9,-5.7,59.9,21.0,50.0,20.3,0.7,58.7,14.0,48.5,18.0,-4.0,68.0,13.7,48.6,10.9,-2.8,75.4,10.4,44.0,19.4,-9.0,70.2,67.6,48.7,14.9,17.5,-2.6,75.0,16.4,48.4,19.7,-3.3,63.9,14.9,44.1,26.8,-11.9,58.3,7.6,46.5,14.7,-7.1,77.7,7.2,48.0,11.3,-4.1,81.5,26.0,3.0,8.0,32.0,14.0,170.0,17.0,0.0,38.0,18.0
2023-09-01,48.6,18.5,49.2,22.3,-3.8,59.2,21.6,52.5,18.5,3.1,59.9,15.4,51.2,16.4,-1.0,68.2,13.1,46.4,5.8,-7.3,81.1,11.7,45.8,20.2,-8.5,68.1,64.7,47.1,14.7,20.6,-5.9,76.0,12.9,43.8,25.4,-12.5,61.7,12.4,42.4,27.6,-15.2,60.0,8.0,47.4,13.2,-5.2,78.8,8.3,48.2,12.0,-3.7,79.7,26.0,2.0,10.0,33.0,13.0,172.0,16.0,0.0,38.0,18.0
2023-10-01,46.9,15.4,46.2,26.5,-11.1,58.1,17.3,50.0,19.8,-2.5,62.9,11.7,47.1,17.4,-5.7,70.9,14.5,47.7,9.8,-4.7,75.7,12.6,43.6,23.6,-11.0,63.8,71.0,48.6,13.1,15.9,-2.8,75.0,11.0,45.1,20.9,-9.9,68.1,15.2,42.2,30.8,-15.6,54.0,12.3,49.4,13.6,-1.3,74.1,7.1,47.9,11.4,-4.3,81.5,26.0,3.0,10.0,32.0,13.0,171.0,16.0,1.0,33.0,21.0
2023-11-01,46.6,19.5,47.8,27.5,-8.0,53.0,18.4,48.8,19.5,-1.1,62.1,9.3,46.1,19.4,-10.1,71.3,14.0,46.2,6.3,-7.7,79.7,13.8,44.3,26.5,-12.7,59.7,69.0,50.8,16.3,14.7,1.6,76.0,16.0,49.9,16.3,-0.3,67.7,9.3,39.3,30.7,-21.4,60.0,7.7,46.0,15.7,-8.0,76.6,8.2,46.2,15.8,-7.6,76.0,28.0,3.0,9.0,32.0,14.0,178.0,14.0,0.0,35.0,21.0
2023-12-01,47.1,15.5,47.0,27.0,-11.5,57.5,15.5,49.9,23.0,-7.5,61.5,11.7,47.5,18.0,-6.3,70.3,11.3,47.0,5.2,-6.1,83.5,11.1,43.9,26.1,-15.0,62.8,69.2,48.1,13.5,17.3,-3.8,79.0,14.2,45.2,23.9,-9.7,61.9,16.7,45.3,26.2,-9.5,57.1,10.2,49.9,10.4,-0.2,79.4,7.3,46.4,14.6,-7.3,78.1,28.0,4.0,8.0,29.0,16.0,174.0,15.0,1.0,36.0,18.0
2024-01-01,49.1,20.2,52.5,23.5,-3.3,56.3,18.4,50.4,23.8,-5.4,57.8,11.0,47.1,18.4,-7.4,70.6,11.6,49.1,9.7,-1.9,78.7,14.0,46.2,22.2,-8.2,63.8,66.9,43.7,10.2,22.9,-12.7,75.0,19.5,52.9,13.8,5.7,66.7,17.5,44.7,28.1,-10.6,54.4,8.4,45.2,18.1,-9.7,73.5,11.9,50.1,11.8,0.1,76.3,28.0,5.0,9.0,29.0,13.0,172.0,16.0,0.0,37.0,16.0
2024-02-01,47.6,24.4,49.2,17.4,7.0,58.2,18.0,48.4,17.2,0.8,64.8,10.9,45.9,18.6,-7.7,70.5,8.7,50.1,8.9,0.2,82.4,12.7,45.3,16.9,-4.2,70.4,69.7,45.8,10.9,19.4,-8.5,77.0,18.3,52.5,13.4,4.9,68.3,14.9,46.3,22.3,-7.4,62.8,12.0,51.6,8.8,3.2,79.2,14.0,53.0,8.1,5.9,77.9,28.0,5.0,7.0,32.0,14.0,177.0,14.0,0.0,36.0,19.0
2024-03-01,49.8,26.1,51.4,16.2,9.9,57.7,25.3,54.6,13.0,12.3,61.7,14.1,47.4,18.1,-4.0,67.8,9.3,49.9,9.0,-0.3,81.7,16.0,48.2,17.8,-1.8,66.2,70.2,44.0,8.9,20.9,-12.0,75.0,23.6,55.8,12.0,11.6,64.4,14.8,46.3,22.3,-7.5,62.9,12.2,51.6,9.0,3.2,78.8,12.5,53.0,6.6,5.9,80.9,28.0,5.0,9.0,31.0,13.0,176.0,14.0,0.0,40.0,18.0
2024-04-01,48.8,19.9,49.1,16.9,3.0,63.2,22.1,51.3,15.3,6.8,62.6,16.3,48.6,15.8,0.5,67.9,10.3,48.9,8.1,-2.2,81.6,13.1,48.2,19.2,-6.1,67.7,64.3,47.8,15.6,20.1,-4.5,76.0,30.8,60.9,9.1,21.7,60.1,12.2,45.4,21.4,-9.2,66.4,9.7,48.7,12.3,-2.6,78.0,11.6,51.9,7.8,3.8,80.6,26.0,4.0,8.0,32.0,13.0,170.0,17.0,1.0,37.0,17.0
2024-05-01,48.5,19.0,45.4,23.6,-4.6,57.4,19.8,50.2,17.6,2.2,62.6,17.1,51.1,13.9,3.2,69.0,8.5,48.9,6.2,-2.3,85.3,14.4,47.9,19.2,-4.8,66.4,66.9,48.3,14.8,18.3,-3.5,75.0,25.5,57.0,11.5,14.0,63.0,12.3,42.4,27.6,-15.3,60.1,10.0,50.6,8.9,1.1,81.1,14.8,51.1,12.6,2.2,72.6,26.0,3.0,9.0,32.0,15.0,172.0,15.0,1.0,38.0,15.0
2024-06-01,48.3,20.3,49.3,20.6,-0.3,59.1,22.8,48.5,20.3,2.5,56.9,16.8,49.3,17.1,-0.3,66.1,9.2,49.8,8.8,-0.4,82.0,11.3,45.4,20.8,-9.5,67.9,67.5,47.4,13.6,18.9,-5.3,78.0,20.2,52.1,16.0,4.2,63.8,10.7,41.7,27.4,-16.7,61.9,10.3,48.8,12.8,-2.5,76.9,8.7,48.5,11.7,-3.0,79.6,30.0,3.0,11.0,28.0,14.0,179.0,14.0,0.0,36.0,16.0
2024-07-01,47.0,19.0,47.4,28.0,-9.0,53.0,15.2,45.9,24.7,-9.5,60.1,9.8,43.4,21.5,-11.7,68.7,6.6,52.6,11.7,5.1,81.7,12.2,44.5,24.5,-12.3,63.3,64.5,45.8,13.5,22.0,-8.5,79.0,22.6,52.9,16.9,5.7,60.5,12.9,41.7,29.6,-16.7,57.5,8.9,49.0,10.9,-2.0,80.2,9.8,48.6,12.7,-2.9,77.5,28.0,3.0,7.0,32.0,14.0,177.0,16.0,1.0,35.0,19.0
2024-08-01,47.5,16.7,44.6,26.2,-9.5,57.1,12.6,44.8,21.2,-8.6,66.2,10.0,46.0,19.1,-9.1,70.9,9.2,50.5,10.1,0.9,80.7,18.7,50.3,16.6,2.1,64.7,72.2,48.4,12.3,15.5,-3.2,77.0,21.4,54.0,13.4,8.0,65.2,13.1,43.6,25.9,-12.8,61.0,7.2,48.6,10.0,-2.8,82.8,10.1,49.6,11.0,-0.9,78.9,26.0,5.0,11.0,30.0,12.0,167.0,16.0,1.0,35.0,20.0
2024-09-01,47.5,17.6,46.1,26.3,-8.7,56.1,17.6,49.8,21.7,-4.1,60.7,8.0,43.9,22.7,-14.7,69.3,6.0,52.2,10.4,4.4,83.6,11.2,43.9,22.3,-11.1,66.5,73.6,50.0,13.2,13.2,0.0,76.0,12.9,48.3,16.4,-3.5,70.7,14.5,44.1,26.4,-11.9,59.1,7.2,45.3,16.7,-9.5,76.1,10.2,48.3,13.6,-3.4,76.2,28.0,3.0,10.0,30.0,13.0,174.0,16.0,1.0,37.0,19.0
2024-10-01,46.9,20.4,47.9,29.0,-8.6,50.6,16.8,47.0,23.9,-7.1,59.3,9.0,44.8,20.4,-11.4,70.6,8.0,52.0,11.9,3.9,80.1,14.2,43.2,26.7,-12.5,59.1,69.1,46.8,12.2,18.7,-6.5,80.0,19.8,54.8,10.3,9.5,69.9,14.1,42.3,29.5,-15.4,56.4,7.7,45.5,16.7,-9.0,75.6,11.7,48.3,15.2,-3.5,73.1,27.0,5.0,12.0,28.0,12.0,168.0,16.0,1.0,34.0,18.0
2024-11-01,48.4,21.0,50.3,24.7,-3.7,54.3,15.9,47.5,20.9,-5.0,63.2,14.2,48.1,20.5,-6.3,65.3,8.3,48.7,5.7,-2.6,86.0,15.5,47.7,21.3,-5.8,63.2,75.5,48.4,10.6,13.9,-3.3,77.0,12.2,50.3,11.7,0.5,76.1,14.5,41.8,30.9,-16.4,54.6,10.6,48.7,13.3,-2.7,76.1,10.2,47.6,15.0,-4.8,74.8,27.0,4.0,9.0,29.0,15.0,170.0,16.0,0.0,34.0,17.0
2024-12-01,49.2,21.0,52.1,24.1,-3.1,54.9,15.3,49.9,25.4,-10.1,59.3,7.0,45.4,17.7,-10.7,75.3,6.2,50.1,6.4,0.2,87.4,14.4,48.4,20.8,-6.4,64.8,70.3,46.7,11.5,18.2,-6.7,78.0,14.4,52.5,9.5,4.9,76.1,14.9,45.9,23.1,-8.2,62.0,10.9,50.0,10.9,0.0,78.2,12.8,49.7,13.4,-0.6,73.8,28.0,5.0,8.0,30.0,15.0,175.0,14.0,1.0,35.0,16.0
2025-01-01,50.9,26.3,55.1,20.0,6.3,53.7,19.4,52.5,18.5,0.9,62.1,11.7,50.3,13.2,-1.5,75.1,6.0,50.9,7.8,1.8,86.2,12.2,45.9,20.4,-8.2,67.4,75.4,46.7,9.0,15.6,-6.6,77.0,20.7,54.9,11.0,9.7,68.3,12.6,44.9,22.8,-10.2,64.6,12.0,52.4,7.2,4.8,80.8,11.6,51.1,9.5,2.1,78.9,26.0,4.0,8.0,30.0,15.0,168.0,17.0,1.0,34.0,19.0
2025-02-01,50.3,20.3,48.6,17.3,3.0,62.4,16.5,50.7,14.6,1.9,68.9,12.0,47.6,17.1,-5.1,70.9,6.0,54.5,14.9,8.9,79.1,14.6,49.9,13.0,1.6,72.4,74.6,45.3,8.0,17.4,-9.4,77.0,31.4,62.4,6.7,24.7,61.9,14.0,46.8,20.5,-6.5,65.5,12.9,51.4,10.1,2.8,77.0,16.4,52.6,11.3,5.1,72.3,26.0,4.0,9.0,30.0,14.0,168.0,17.0,1.0,37.0,16.0
2025-03-01,49.0,19.9,45.2,23.3,-3.4,56.8,21.0,48.3,20.9,0.1,58.1,8.3,44.7,18.0,-9.7,73.7,6.4,53.5,13.4,7.0,80.2,21.5,53.4,12.8,8.7,65.7,70.0,46.8,11.8,18.2,-6.4,77.0,46.0,69.4,7.3,38.7,46.7,15.4,44.5,26.4,-11.0,58.2,12.1,49.6,13.0,-0.9,74.9,16.5,50.1,16.4,0.1,67.1,25.0,3.0,10.0,30.0,15.0,165.0,17.0,1.0,33.0,20.0
2025-04-01,48.7,28.1,47.2,26.7,1.4,45.2,19.8,44.0,24.2,-4.4,56.0,13.1,46.5,16.2,-3.1,70.7,6.2,55.2,16.6,10.4,77.2,20.8,50.8,20.0,0.8,59.2,70.2,46.2,11.1,18.7,-7.6,76.0,49.2,69.8,9.7,39.5,41.1,15.1,43.7,27.7,-12.6,57.2,8.7,43.1,22.5,-13.8,68.8,15.4,47.1,21.2,-5.8,63.4,27.0,4.0,11.0,28.0,14.0,169.0,16.0,1.0,33.0,18.0
2025-05-01,48.5,25.0,47.6,26.9,-1.9,48.1,19.1,45.4,24.6,-5.5,56.3,14.1,46.8,17.7,-3.6,68.2,7.0,56.1,19.1,12.1,73.9,15.6,46.7,21.2,-5.6,63.2,69.2,44.5,9.9,20.9,-11.0,69.0,45.1,69.4,6.4,38.7,48.5,15.8,47.1,21.6,-5.8,62.6,11.8,40.1,31.7,-19.9,56.5,13.2,39.9,33.5,-20.3,53.3,27.0,2.0,9.0,30.0,14.0,171.0,18.0,1.0,35.0,16.0
2025-06-01,49.0,20.5,46.4,27.3,-6.8,52.2,20.7,50.3,18.7,2.0,60.6,10.4,45.0,17.5,-7.1,72.1,6.3,54.2,14.7,8.4,79.0,15.6,49.2,19.5,-3.9,64.9,65.2,46.7,14.1,20.7,-6.6,72.0,45.6,69.7,6.3,39.3,48.1,14.9,44.3,26.4,-11.5,58.7,12.1,46.3,19.6,-7.5,68.3,15.3,47.4,20.5,-5.2,64.2,29.0,3.0,9.0,29.0,13.0,175.0,17.0,2.0,33.0,17.0
2025-07-01,48.0,18.8,47.1,25.9,-7.1,55.3,20.1,51.4,19.2,0.9,60.7,12.6,43.4,25.0,-12.4,62.4,10.2,49.3,8.7,-1.5,81.1,15.2,48.9,17.6,-2.4,67.2,70.3,45.7,10.5,19.2,-8.7,71.0,35.4,64.8,5.8,29.6,58.8,18.3,46.8,24.8,-6.5,56.9,7.5,46.1,15.3,-7.8,77.2,13.3,47.6,18.2,-4.9,68.5,29.0,4.0,10.0,26.0,15.0,173.0,16.0,1.0,35.0,17.0
