date,permits_total_sa,permits_total_nsa,permits_single_sa,permits_single_nsa,permits_2to4_sa,permits_2to4_nsa,permits_5plus_sa,permits_5plus_nsa,auth_not_started_total_sa,auth_not_started_total_nsa,auth_not_started_single_sa,auth_not_started_single_nsa,auth_not_started_2to4_sa,auth_not_started_2to4_nsa,auth_not_started_5plus_sa,auth_not_started_5plus_nsa,starts_total_sa,starts_total_nsa,starts_single_sa,starts_single_nsa,starts_2to4_sa,starts_2to4_nsa,starts_5plus_sa,starts_5plus_nsa,under_construction_total_sa,under_construction_total_nsa,under_construction_single_sa,under_construction_single_nsa,under_construction_2to4_sa,under_construction_2to4_nsa,under_construction_5plus_sa,under_construction_5plus_nsa,completed_total_sa,completed_total_nsa,completed_single_sa,completed_single_nsa,completed_2to4_sa,completed_2to4_nsa,completed_5plus_sa,completed_5plus_nsa,permits_northeast_sa,permits_northeast_nsa,permits_midwest_sa,permits_midwest_nsa,permits_south_sa,permits_south_nsa,permits_west_sa,permits_west_nsa,permits_northeast_single_sa,permits_northeast_single_nsa,permits_midwest_single_sa,permits_midwest_single_nsa,permits_south_single_sa,permits_south_single_nsa,permits_west_single_sa,permits_west_single_nsa,starts_northeast_sa,starts_northeast_nsa,starts_midwest_sa,starts_midwest_nsa,starts_south_sa,starts_south_nsa,starts_west_sa,starts_west_nsa,under_construction_northeast_sa,under_construction_northeast_nsa,under_construction_midwest_sa,under_construction_midwest_nsa,under_construction_south_sa,under_construction_south_nsa,under_construction_west_sa,under_construction_west_nsa
2020-01-01,1490.0,116.4,971.0,71.6,41.0,3.1,478.0,41.7,177.0,177.6,91.0,89.1,3.0,2.6,83.0,85.9,1581.0,113.1,970.0,67.4,9.0,0.7,602.0,45.0,1192.0,1179.0,523.0,508.9,12.0,11.9,657.0,658.2,1308.0,90.2,895.0,62.5,11.0,0.7,402.0,27.0,169.0,13.2,213.0,12.2,740.0,62.9,368.0,28.0,58.0,4.0,123.0,6.8,553.0,43.9,237.0,16.8,210.0,15.1,163.0,9.0,778.0,58.7,430.0,30.3,178.0,176.9,154.0,152.4,520.0,513.8,340.0,335.9
2020-02-01,1461.0,102.9,979.0,71.9,46.0,3.3,436.0,27.7,166.0,165.2,89.0,87.2,2.0,1.9,75.0,76.1,1549.0,111.6,1034.0,73.0,18.0,1.4,497.0,37.2,1214.0,1198.1,531.0,512.8,12.0,12.3,671.0,673.0,1237.0,90.8,942.0,70.8,9.0,0.6,286.0,19.4,127.0,8.3,195.0,10.5,765.0,57.0,374.0,27.1,57.0,3.8,126.0,7.1,547.0,42.7,249.0,18.2,115.0,7.5,195.0,10.8,872.0,66.3,367.0,27.0,178.0,176.6,155.0,150.5,539.0,533.1,342.0,337.9
2020-03-01,1351.0,119.0,873.0,79.2,49.0,4.1,429.0,35.7,157.0,161.2,89.0,91.6,2.0,2.0,66.0,67.6,1266.0,104.5,878.0,74.0,13.0,1.0,375.0,29.5,1213.0,1199.9,529.0,514.8,13.0,12.8,671.0,672.3,1237.0,101.7,877.0,72.3,8.0,0.7,352.0,28.7,111.0,9.6,160.0,14.0,736.0,65.5,344.0,29.9,53.0,4.2,106.0,9.0,517.0,48.0,197.0,18.0,81.0,6.3,156.0,11.3,712.0,60.2,317.0,26.6,178.0,177.1,154.0,148.9,538.0,534.4,343.0,339.5
2020-04-01,1079.0,98.4,664.0,63.9,32.0,3.0,383.0,31.5,162.0,166.7,90.0,93.8,2.0,1.6,70.0,71.3,936.0,84.9,688.0,63.1,15.0,1.3,233.0,20.5,1194.0,1189.2,515.0,509.7,13.0,13.1,666.0,666.4,1181.0,94.6,860.0,69.3,9.0,0.7,312.0,24.6,63.0,5.0,143.0,14.2,621.0,56.3,252.0,23.0,31.0,2.8,88.0,9.0,412.0,39.3,133.0,12.8,49.0,4.4,136.0,12.4,576.0,51.3,175.0,16.7,178.0,177.7,152.0,147.9,530.0,529.3,334.0,334.4
2020-05-01,1251.0,107.3,751.0,66.5,41.0,3.5,459.0,37.3,169.0,172.0,92.0,95.4,2.0,1.7,75.0,74.9,1039.0,95.1,740.0,67.5,8.0,0.7,291.0,26.9,1178.0,1183.3,509.0,510.1,12.0,11.8,657.0,661.4,1174.0,98.5,834.0,69.5,14.0,1.3,326.0,27.7,111.0,9.6,170.0,15.9,679.0,57.3,291.0,24.5,47.0,4.2,105.0,9.8,433.0,38.0,166.0,14.6,70.0,6.2,142.0,14.4,511.0,45.7,316.0,28.8,174.0,173.9,146.0,146.1,521.0,523.5,337.0,339.8
2020-06-01,1333.0,127.2,866.0,84.8,43.0,4.1,424.0,38.3,167.0,169.8,91.0,93.7,2.0,2.5,74.0,73.6,1266.0,118.8,904.0,86.8,6.0,0.6,356.0,31.4,1184.0,1193.2,512.0,517.7,12.0,11.7,660.0,663.8,1229.0,110.7,925.0,81.8,5.0,0.4,299.0,28.5,138.0,13.5,194.0,18.7,694.0,65.2,307.0,29.8,55.0,5.6,125.0,12.8,486.0,46.4,200.0,20.1,116.0,11.2,208.0,20.7,649.0,59.5,293.0,27.3,174.0,175.2,150.0,150.9,524.0,527.9,336.0,339.2
2020-07-01,1539.0,138.9,1012.0,92.5,49.0,4.4,478.0,42.0,169.0,168.2,93.0,96.4,3.0,2.6,73.0,69.2,1526.0,138.7,1007.0,93.9,11.0,1.0,508.0,43.8,1204.0,1215.6,521.0,532.8,11.0,11.0,672.0,671.8,1309.0,117.1,949.0,79.5,9.0,0.9,351.0,36.7,153.0,13.3,243.0,22.0,770.0,70.5,373.0,33.0,59.0,5.4,138.0,13.3,585.0,52.4,230.0,21.4,132.0,12.8,212.0,20.7,866.0,76.3,316.0,28.8,178.0,178.7,155.0,157.5,536.0,541.2,335.0,338.2
2020-08-01,1534.0,128.9,1073.0,90.2,56.0,4.8,405.0,33.9,170.0,167.1,98.0,97.1,2.0,2.3,70.0,67.7,1396.0,122.5,1041.0,92.3,22.0,1.8,333.0,28.4,1216.0,1225.3,534.0,545.5,11.0,11.4,671.0,668.4,1263.0,111.2,910.0,78.9,10.0,1.0,343.0,31.3,121.0,10.3,199.0,18.0,837.0,70.1,377.0,30.6,57.0,5.0,140.0,12.4,630.0,52.1,246.0,20.8,89.0,7.7,250.0,22.3,710.0,61.8,347.0,30.7,176.0,176.7,160.0,163.1,544.0,547.5,336.0,338.0
2020-09-01,1650.0,136.3,1145.0,95.0,46.0,4.0,459.0,37.3,178.0,176.0,104.0,102.7,2.0,2.4,72.0,70.9,1473.0,126.3,1114.0,95.1,6.0,0.4,353.0,30.8,1221.0,1234.4,549.0,562.4,11.0,10.8,661.0,661.2,1437.0,121.1,930.0,78.6,12.0,1.1,495.0,41.4,172.0,13.7,222.0,20.5,866.0,70.6,390.0,31.5,70.0,6.2,147.0,13.8,657.0,52.9,271.0,22.0,126.0,11.5,214.0,19.8,774.0,64.8,359.0,30.3,179.0,180.2,161.0,164.4,547.0,553.1,334.0,336.7
2020-10-01,1612.0,135.9,1147.0,95.5,56.0,5.4,409.0,35.0,181.0,178.1,105.0,102.9,3.0,2.9,73.0,72.3,1543.0,131.2,1189.0,100.2,15.0,1.3,339.0,29.7,1229.0,1238.6,569.0,581.2,11.0,10.5,649.0,646.9,1395.0,120.8,925.0,80.7,16.0,1.3,454.0,38.8,146.0,12.0,222.0,21.8,857.0,70.1,387.0,32.0,60.0,5.3,143.0,13.6,669.0,54.4,275.0,22.3,91.0,7.8,208.0,20.4,852.0,70.4,392.0,32.7,179.0,178.9,163.0,166.7,552.0,556.8,335.0,336.2
2020-11-01,1692.0,123.1,1158.0,79.6,60.0,4.2,474.0,39.3,185.0,174.4,107.0,99.2,3.0,2.7,75.0,72.5,1543.0,117.8,1168.0,87.5,16.0,1.2,359.0,29.1,1249.0,1255.3,586.0,592.0,11.0,10.8,652.0,652.5,1261.0,99.8,931.0,75.6,10.0,0.8,320.0,23.4,164.0,13.2,232.0,17.5,897.0,62.7,399.0,29.7,64.0,4.8,144.0,10.1,681.0,46.2,269.0,18.4,142.0,11.5,201.0,15.0,791.0,60.0,409.0,31.2,180.0,181.6,164.0,166.4,564.0,564.9,341.0,342.4
2020-12-01,1755.0,137.0,1228.0,88.6,49.0,3.7,478.0,44.7,187.0,187.9,104.0,101.0,3.0,3.3,80.0,83.6,1614.0,115.1,1273.0,89.7,10.0,0.8,331.0,24.6,1259.0,1240.3,604.0,590.5,10.0,10.0,645.0,639.8,1374.0,130.5,946.0,92.0,13.0,1.2,415.0,37.3,148.0,13.1,257.0,16.7,900.0,68.2,450.0,39.0,67.0,5.0,159.0,10.1,718.0,52.1,284.0,21.4,132.0,9.5,224.0,14.7,816.0,60.4,442.0,30.4,178.0,177.0,162.0,162.0,572.0,560.6,347.0,340.8
2021-01-01,1856.0,131.9,1247.0,84.1,54.0,3.8,555.0,44.0,204.0,201.9,115.0,109.7,3.0,2.9,86.0,89.3,1624.0,115.2,1130.0,77.9,13.0,1.1,481.0,36.2,1278.0,1263.8,611.0,597.3,11.0,10.7,656.0,655.8,1364.0,93.7,1049.0,72.2,5.0,0.4,310.0,21.1,184.0,14.2,245.0,12.9,948.0,71.8,479.0,32.9,71.0,4.7,161.0,8.3,717.0,52.0,298.0,19.1,207.0,14.7,212.0,11.3,805.0,60.7,400.0,28.5,182.0,181.9,164.0,161.3,577.0,570.4,355.0,350.1
2021-02-01,1703.0,122.5,1104.0,81.4,49.0,3.5,550.0,37.6,216.0,215.7,122.0,119.1,3.0,3.0,91.0,93.6,1398.0,102.1,1041.0,74.6,13.0,1.0,344.0,26.5,1285.0,1270.3,618.0,600.4,11.0,11.0,656.0,658.9,1293.0,94.6,968.0,72.5,9.0,0.6,316.0,21.5,165.0,11.2,243.0,13.6,867.0,66.4,428.0,31.3,67.0,4.5,158.0,9.1,607.0,47.7,272.0,20.1,99.0,6.3,134.0,7.1,749.0,57.6,416.0,31.1,180.0,178.9,161.0,157.0,581.0,574.7,363.0,359.7
2021-03-01,1756.0,160.3,1167.0,111.3,59.0,5.3,530.0,43.7,230.0,236.3,132.0,135.9,2.0,2.2,96.0,98.2,1688.0,140.6,1213.0,102.8,22.0,1.8,453.0,36.0,1304.0,1289.9,634.0,619.0,12.0,12.0,658.0,658.9,1448.0,120.5,1001.0,83.9,6.0,0.5,441.0,36.1,150.0,13.3,234.0,21.3,939.0,86.7,433.0,39.1,74.0,6.2,168.0,15.0,660.0,64.4,265.0,25.7,159.0,12.8,270.0,20.4,877.0,75.3,382.0,32.1,185.0,184.3,164.0,158.1,589.0,584.7,366.0,362.9
2021-04-01,1710.0,160.6,1125.0,108.4,49.0,4.5,536.0,47.7,244.0,253.0,141.0,148.5,2.0,2.5,101.0,102.0,1489.0,135.5,1060.0,97.2,14.0,1.3,415.0,37.0,1321.0,1315.5,644.0,636.9,13.0,13.1,664.0,665.5,1398.0,112.4,973.0,78.9,2.0,0.2,423.0,33.3,167.0,14.0,225.0,22.6,898.0,85.0,420.0,39.1,71.0,6.5,154.0,15.9,640.0,61.2,260.0,24.9,155.0,13.8,175.0,16.1,782.0,70.1,377.0,35.5,192.0,192.5,166.0,161.5,594.0,591.7,369.0,369.8
2021-05-01,1705.0,144.5,1125.0,99.7,55.0,4.7,525.0,40.1,248.0,250.5,146.0,149.7,3.0,2.7,99.0,98.1,1600.0,145.7,1094.0,100.5,10.0,0.9,496.0,44.3,1339.0,1343.1,656.0,657.9,13.0,13.1,670.0,672.1,1320.0,112.0,960.0,80.3,5.0,0.3,355.0,31.4,161.0,13.5,222.0,20.5,919.0,76.6,403.0,33.9,67.0,5.9,141.0,13.1,672.0,59.0,245.0,21.7,140.0,12.5,269.0,26.6,810.0,71.9,381.0,34.6,198.0,197.9,171.0,170.6,596.0,597.4,374.0,377.3
2021-06-01,1662.0,156.8,1091.0,105.8,50.0,4.7,521.0,46.3,251.0,254.4,150.0,155.5,3.0,2.7,98.0,96.2,1664.0,154.3,1173.0,111.6,11.0,1.0,480.0,41.7,1372.0,1382.3,679.0,687.6,13.0,13.5,680.0,681.2,1294.0,115.9,916.0,80.9,7.0,0.6,371.0,34.4,145.0,13.8,211.0,20.3,916.0,85.4,390.0,37.3,62.0,6.2,136.0,13.6,655.0,62.4,238.0,23.7,153.0,14.4,197.0,19.6,869.0,79.5,445.0,40.9,202.0,202.2,175.0,176.2,615.0,620.4,380.0,383.4
2021-07-01,1666.0,141.1,1069.0,92.6,53.0,4.6,544.0,43.9,252.0,247.2,148.0,148.5,3.0,2.7,101.0,96.0,1600.0,143.9,1145.0,104.6,11.0,1.0,444.0,38.3,1387.0,1405.1,697.0,714.2,13.0,13.3,677.0,677.6,1358.0,121.4,938.0,78.5,13.0,1.4,407.0,41.5,136.0,11.6,219.0,18.6,880.0,74.5,431.0,36.4,57.0,5.0,127.0,11.7,647.0,55.0,238.0,20.9,70.0,6.7,188.0,18.5,925.0,81.3,417.0,37.6,198.0,199.7,175.0,177.5,631.0,639.2,383.0,388.6
2021-08-01,1740.0,156.8,1069.0,94.2,45.0,3.9,626.0,58.7,261.0,258.1,148.0,149.0,3.0,2.8,110.0,106.3,1596.0,140.0,1107.0,98.0,7.0,0.6,482.0,41.4,1413.0,1427.7,714.0,729.3,13.0,12.7,686.0,685.7,1329.0,117.6,964.0,83.0,6.0,0.6,359.0,34.0,155.0,13.5,215.0,20.9,927.0,84.3,443.0,38.1,64.0,5.8,129.0,12.0,628.0,54.4,248.0,22.0,165.0,14.6,199.0,18.1,900.0,78.1,332.0,29.2,203.0,203.6,176.0,180.2,646.0,653.6,388.0,390.3
2021-09-01,1649.0,136.2,1064.0,88.2,49.0,4.2,536.0,43.8,256.0,254.0,145.0,145.2,3.0,2.5,108.0,106.3,1576.0,135.2,1098.0,93.5,10.0,0.9,468.0,40.8,1441.0,1457.2,725.0,741.9,13.0,12.9,703.0,702.4,1243.0,103.0,942.0,79.0,8.0,0.6,293.0,23.4,135.0,10.5,221.0,20.4,899.0,72.8,394.0,32.4,56.0,4.9,127.0,12.1,638.0,51.4,243.0,19.8,130.0,11.6,207.0,19.0,814.0,68.3,425.0,36.2,203.0,205.2,179.0,183.7,659.0,666.3,400.0,402.1
2021-10-01,1699.0,137.7,1090.0,86.4,52.0,4.6,557.0,46.7,264.0,259.4,150.0,147.4,3.0,2.6,111.0,109.4,1587.0,133.6,1108.0,91.6,10.0,0.9,469.0,41.1,1466.0,1478.6,736.0,750.0,12.0,12.3,718.0,716.3,1292.0,110.8,962.0,83.0,15.0,1.2,315.0,26.6,129.0,10.6,234.0,22.1,894.0,70.3,442.0,34.7,62.0,5.2,134.0,12.0,654.0,50.8,240.0,18.4,120.0,10.0,214.0,20.2,828.0,67.8,425.0,35.5,204.0,204.7,182.0,187.8,670.0,675.9,410.0,410.2
2021-11-01,1770.0,133.4,1131.0,81.1,50.0,3.9,589.0,48.4,263.0,249.9,148.0,138.7,3.0,2.6,112.0,108.6,1707.0,130.8,1214.0,91.2,18.0,1.5,475.0,38.1,1495.0,1502.2,758.0,764.1,13.0,13.0,724.0,725.1,1412.0,111.7,955.0,78.2,10.0,0.7,447.0,32.8,158.0,12.7,215.0,17.0,954.0,69.2,443.0,34.5,61.0,4.8,145.0,10.7,673.0,47.6,252.0,18.1,110.0,9.1,227.0,17.0,937.0,71.7,433.0,33.0,204.0,205.3,185.0,189.0,689.0,689.7,417.0,418.2
2021-12-01,1886.0,155.3,1139.0,82.1,67.0,5.2,680.0,68.0,265.0,267.7,143.0,138.6,3.0,3.2,119.0,125.9,1711.0,124.2,1169.0,83.4,3.0,0.1,539.0,40.7,1524.0,1500.0,769.0,750.5,13.0,12.6,742.0,736.9,1334.0,127.3,1016.0,99.2,6.0,0.5,312.0,27.6,275.0,25.9,257.0,17.6,937.0,74.5,417.0,37.4,71.0,5.3,150.0,9.6,681.0,49.5,237.0,17.7,138.0,10.0,309.0,21.5,879.0,66.0,385.0,26.7,202.0,200.1,198.0,197.7,696.0,681.8,428.0,420.5
2022-01-01,1923.0,134.4,1245.0,84.2,58.0,3.9,620.0,46.3,271.0,270.0,148.0,141.5,3.0,3.3,120.0,125.2,1693.0,121.0,1172.0,81.6,10.0,0.8,511.0,38.6,1547.0,1529.4,783.0,767.0,13.0,12.6,751.0,749.8,1271.0,87.1,960.0,65.6,13.0,0.9,298.0,20.6,143.0,10.8,272.0,14.3,1034.0,77.1,474.0,32.2,70.0,4.8,154.0,8.0,720.0,52.1,301.0,19.4,106.0,7.4,203.0,11.0,924.0,69.5,460.0,33.0,199.0,198.3,202.0,199.3,709.0,700.3,437.0,431.5
2022-02-01,1846.0,134.0,1181.0,88.0,55.0,3.9,610.0,42.1,274.0,273.2,152.0,147.0,4.0,4.3,118.0,121.9,1730.0,126.1,1193.0,85.0,31.0,2.3,506.0,38.8,1580.0,1558.1,796.0,773.0,15.0,14.5,769.0,770.6,1336.0,98.6,1040.0,78.6,8.0,0.5,288.0,19.5,180.0,12.2,233.0,13.3,959.0,73.8,474.0,34.7,72.0,4.9,143.0,8.3,684.0,54.0,282.0,20.9,123.0,8.2,231.0,13.2,977.0,75.1,399.0,29.7,201.0,199.1,206.0,199.1,728.0,718.8,445.0,441.0
2022-03-01,1899.0,173.0,1129.0,108.6,57.0,5.1,713.0,59.3,289.0,298.4,153.0,158.0,4.0,4.3,132.0,136.1,1700.0,142.6,1166.0,100.1,15.0,1.2,519.0,41.3,1629.0,1609.6,811.0,789.9,14.0,13.7,804.0,806.0,1347.0,112.7,1044.0,87.9,11.0,0.9,292.0,23.9,193.0,17.3,239.0,21.5,999.0,91.5,468.0,42.7,66.0,5.5,138.0,12.4,659.0,64.5,266.0,26.2,209.0,16.8,229.0,17.5,839.0,72.7,423.0,35.6,211.0,210.2,215.0,207.7,740.0,732.6,463.0,459.2
2022-04-01,1849.0,160.2,1084.0,99.4,55.0,5.0,710.0,55.8,287.0,293.1,150.0,155.0,5.0,4.8,132.0,133.3,1807.0,164.3,1202.0,109.7,12.0,1.1,593.0,53.5,1668.0,1664.0,827.0,818.8,13.0,13.5,828.0,831.7,1327.0,107.4,997.0,81.2,15.0,1.2,315.0,25.0,167.0,13.6,259.0,23.3,994.0,86.6,429.0,36.7,63.0,5.5,133.0,12.9,642.0,58.5,246.0,22.4,132.0,11.8,218.0,19.7,1034.0,92.7,423.0,40.0,214.0,213.9,218.0,212.9,765.0,764.2,471.0,473.0
2022-05-01,1711.0,153.8,1036.0,96.5,59.0,5.1,616.0,52.2,285.0,289.0,146.0,151.4,4.0,4.2,135.0,133.4,1546.0,140.6,1052.0,96.7,30.0,2.7,464.0,41.2,1681.0,1686.1,827.0,829.6,15.0,15.4,839.0,841.1,1427.0,120.9,1049.0,87.1,5.0,0.5,373.0,33.3,149.0,12.6,228.0,22.4,932.0,83.4,402.0,35.4,66.0,6.1,135.0,13.1,605.0,55.8,230.0,21.6,131.0,11.7,229.0,23.0,857.0,76.0,329.0,29.9,218.0,218.1,222.0,221.8,772.0,774.5,469.0,471.7
2022-06-01,1726.0,163.2,957.0,92.7,54.0,5.2,715.0,65.3,292.0,294.6,143.0,149.1,4.0,4.3,145.0,141.2,1556.0,144.9,1013.0,96.9,8.0,0.6,535.0,47.4,1687.0,1701.4,827.0,839.0,15.0,15.5,845.0,846.9,1377.0,122.4,996.0,87.5,6.0,0.6,375.0,34.3,186.0,17.4,198.0,19.3,920.0,85.4,422.0,41.0,56.0,5.5,121.0,12.2,573.0,54.5,207.0,20.5,126.0,11.6,203.0,20.7,867.0,79.7,360.0,33.1,219.0,219.2,225.0,226.4,777.0,785.9,466.0,469.9
2022-07-01,1707.0,139.0,931.0,76.6,57.0,4.6,719.0,57.8,306.0,295.9,149.0,147.4,4.0,3.7,153.0,144.8,1382.0,123.7,911.0,83.2,15.0,1.3,456.0,39.2,1683.0,1703.9,819.0,838.2,16.0,15.8,848.0,849.9,1407.0,123.5,997.0,82.9,5.0,0.4,405.0,40.2,164.0,14.0,222.0,18.1,934.0,75.9,387.0,31.0,67.0,5.7,122.0,10.5,546.0,44.3,196.0,16.1,169.0,15.6,166.0,15.5,713.0,62.5,334.0,30.0,221.0,222.2,215.0,218.3,778.0,788.1,469.0,475.3
2022-08-01,1565.0,144.0,890.0,82.1,52.0,4.9,623.0,57.0,299.0,297.5,145.0,147.4,4.0,3.9,150.0,146.2,1532.0,134.5,927.0,82.4,21.0,1.9,584.0,50.2,1700.0,1718.1,812.0,830.0,17.0,17.0,871.0,871.1,1365.0,122.2,1024.0,90.0,7.0,0.6,334.0,31.6,150.0,12.7,205.0,20.2,839.0,78.2,371.0,32.9,58.0,5.5,114.0,11.1,525.0,47.5,193.0,18.0,180.0,15.9,183.0,17.2,805.0,69.5,364.0,31.8,224.0,225.1,212.0,216.9,789.0,797.9,475.0,478.2
2022-09-01,1586.0,135.5,862.0,71.8,53.0,4.5,671.0,59.2,301.0,299.4,146.0,147.6,3.0,2.9,152.0,148.9,1481.0,127.5,892.0,76.1,18.0,1.6,571.0,49.8,1704.0,1721.1,797.0,815.3,18.0,17.8,889.0,888.0,1457.0,120.4,1057.0,88.5,3.0,0.1,397.0,31.8,152.0,12.3,212.0,20.3,851.0,71.3,371.0,31.5,63.0,5.5,107.0,10.3,516.0,41.6,176.0,14.4,152.0,13.5,212.0,19.3,746.0,62.9,371.0,31.8,225.0,226.9,214.0,218.8,790.0,798.4,475.0,477.0
2022-10-01,1583.0,125.9,841.0,66.8,56.0,5.0,686.0,54.1,299.0,296.7,146.0,144.6,4.0,4.0,149.0,148.1,1446.0,121.6,876.0,72.4,14.0,1.2,556.0,48.0,1714.0,1726.7,789.0,801.5,17.0,17.3,908.0,907.9,1387.0,118.1,989.0,84.7,18.0,1.5,380.0,31.9,119.0,9.6,221.0,20.4,909.0,70.2,334.0,25.8,53.0,4.5,109.0,9.8,511.0,39.7,168.0,12.9,98.0,8.1,235.0,21.9,797.0,65.2,316.0,26.4,223.0,224.2,221.0,227.0,801.0,806.5,469.0,469.0
2022-11-01,1424.0,106.8,789.0,56.3,55.0,4.3,580.0,46.2,296.0,286.4,145.0,138.6,3.0,3.2,148.0,144.6,1434.0,111.1,791.0,59.9,14.0,1.2,629.0,50.0,1700.0,1705.8,766.0,770.4,17.0,16.9,917.0,918.5,1558.0,125.1,1099.0,91.3,10.0,0.7,449.0,33.1,138.0,11.1,203.0,16.0,799.0,57.5,284.0,22.3,54.0,4.2,102.0,7.4,480.0,33.8,153.0,11.0,86.0,7.2,247.0,19.0,740.0,57.1,361.0,27.8,211.0,212.7,221.0,225.3,795.0,794.7,473.0,473.1
2022-12-01,1398.0,110.6,738.0,50.9,50.0,3.6,610.0,56.1,294.0,294.0,142.0,133.8,4.0,4.1,148.0,156.1,1296.0,94.7,850.0,61.1,9.0,0.6,437.0,33.0,1694.0,1666.5,755.0,735.8,16.0,16.2,923.0,914.5,1390.0,132.0,997.0,96.8,14.0,1.3,379.0,33.9,138.0,13.2,178.0,11.8,767.0,58.4,315.0,27.3,56.0,4.0,92.0,5.6,446.0,31.0,144.0,10.2,194.0,14.2,118.0,7.8,680.0,51.2,304.0,21.4,218.0,215.9,218.0,216.7,787.0,770.7,471.0,463.1
2023-01-01,1418.0,107.2,755.0,53.9,60.0,4.1,603.0,49.2,297.0,299.1,135.0,130.4,4.0,4.4,158.0,164.3,1358.0,97.7,832.0,57.9,11.0,0.8,515.0,39.0,1691.0,1670.1,739.0,724.1,16.0,16.2,936.0,929.8,1395.0,94.8,1054.0,71.0,8.0,0.6,333.0,23.2,135.0,10.5,176.0,10.2,802.0,64.7,305.0,21.9,52.0,3.7,91.0,4.9,462.0,35.0,150.0,10.2,127.0,8.8,134.0,7.1,795.0,59.6,302.0,22.2,222.0,220.2,211.0,207.7,791.0,780.7,467.0,461.4
2023-02-01,1605.0,116.3,794.0,59.6,50.0,3.5,761.0,53.2,298.0,300.2,134.0,131.1,4.0,3.6,160.0,165.5,1395.0,103.2,817.0,58.9,13.0,1.0,565.0,43.3,1683.0,1663.9,722.0,703.4,16.0,16.4,945.0,944.1,1527.0,111.7,1014.0,76.9,5.0,0.4,508.0,34.4,141.0,9.5,191.0,11.0,890.0,67.9,383.0,27.9,50.0,3.4,102.0,6.0,486.0,38.5,156.0,11.7,97.0,6.2,181.0,11.5,773.0,59.5,344.0,25.9,219.0,217.2,211.0,205.1,785.0,776.9,468.0,464.7
2023-03-01,1472.0,137.0,838.0,80.7,56.0,5.1,578.0,51.2,289.0,300.5,132.0,139.4,4.0,3.5,153.0,157.6,1366.0,114.0,829.0,71.4,22.0,1.8,515.0,40.8,1678.0,1663.5,705.0,687.3,17.0,17.3,956.0,958.9,1513.0,126.4,1033.0,87.2,12.0,1.0,468.0,38.2,163.0,15.2,199.0,18.2,789.0,74.0,321.0,29.6,55.0,4.6,104.0,9.5,510.0,49.9,169.0,16.7,183.0,14.7,130.0,9.8,818.0,69.9,235.0,19.6,217.0,215.6,214.0,207.9,786.0,780.0,461.0,460.0
2023-04-01,1482.0,121.7,874.0,76.4,60.0,5.1,548.0,40.2,292.0,296.1,140.0,142.6,3.0,3.3,149.0,150.2,1343.0,121.7,869.0,78.8,11.0,1.0,463.0,41.9,1680.0,1678.7,695.0,688.6,17.0,17.3,968.0,972.8,1390.0,111.3,962.0,77.4,17.0,1.3,411.0,32.6,124.0,9.9,190.0,15.7,822.0,67.8,346.0,28.2,56.0,4.7,111.0,10.3,530.0,46.1,177.0,15.3,123.0,10.9,174.0,15.5,743.0,66.7,303.0,28.5,214.0,214.3,210.0,205.9,795.0,795.6,461.0,463.0
2023-05-01,1579.0,145.0,925.0,90.5,56.0,5.2,598.0,49.3,283.0,286.2,136.0,142.2,4.0,3.5,143.0,140.5,1609.0,146.0,1003.0,92.6,9.0,0.8,597.0,52.6,1690.0,1695.5,690.0,693.2,16.0,16.3,984.0,986.0,1506.0,129.6,1000.0,84.4,18.0,1.5,488.0,43.7,180.0,14.8,197.0,19.7,845.0,78.1,357.0,32.4,59.0,5.6,114.0,11.6,554.0,53.6,198.0,19.7,99.0,8.8,264.0,26.3,897.0,79.3,349.0,31.6,215.0,215.1,214.0,213.2,798.0,801.3,463.0,465.9
2023-06-01,1447.0,141.6,959.0,92.7,58.0,5.3,430.0,43.6,275.0,278.9,140.0,146.2,3.0,3.2,132.0,129.5,1420.0,132.6,940.0,89.8,15.0,1.3,465.0,41.5,1691.0,1705.8,681.0,692.7,17.0,17.3,993.0,995.8,1477.0,131.1,999.0,87.2,7.0,0.7,471.0,43.2,142.0,13.8,195.0,19.7,780.0,75.2,330.0,33.0,60.0,5.9,117.0,11.8,574.0,54.6,208.0,20.5,98.0,9.2,166.0,16.8,816.0,75.3,340.0,31.3,217.0,217.8,213.0,214.5,799.0,807.2,462.0,466.3
2023-07-01,1530.0,122.5,967.0,79.3,51.0,4.0,512.0,39.2,269.0,262.1,138.0,136.8,3.0,3.4,128.0,121.9,1464.0,131.4,1007.0,91.9,9.0,0.7,448.0,38.8,1700.0,1717.5,682.0,698.7,17.0,17.1,1001.0,1001.7,1339.0,115.7,1000.0,83.0,9.0,0.9,330.0,31.8,126.0,10.4,198.0,16.0,855.0,68.2,351.0,27.8,55.0,4.6,120.0,10.4,583.0,47.3,209.0,17.0,111.0,10.3,180.0,17.1,789.0,69.2,384.0,34.8,217.0,217.9,210.0,212.4,802.0,810.5,471.0,476.6
2023-08-01,1596.0,147.0,977.0,90.1,63.0,5.9,556.0,51.0,277.0,276.6,140.0,142.9,5.0,4.6,132.0,129.1,1321.0,115.8,959.0,84.6,7.0,0.7,355.0,30.5,1695.0,1711.1,681.0,695.6,17.0,16.7,997.0,998.8,1360.0,122.1,941.0,82.4,11.0,1.1,408.0,38.6,161.0,13.5,217.0,21.3,844.0,78.4,374.0,33.8,56.0,5.3,122.0,11.9,592.0,53.6,207.0,19.2,127.0,11.3,159.0,14.9,745.0,64.2,290.0,25.4,215.0,215.3,212.0,215.5,796.0,805.4,472.0,475.0
2023-09-01,1530.0,120.8,985.0,78.0,51.0,4.3,494.0,38.5,277.0,271.8,141.0,138.8,5.0,4.9,131.0,128.1,1369.0,117.0,978.0,82.8,15.0,1.3,376.0,32.9,1681.0,1694.4,675.0,689.5,17.0,17.0,989.0,987.9,1488.0,123.0,1003.0,83.8,9.0,0.8,476.0,38.4,130.0,10.3,201.0,17.9,854.0,65.5,345.0,27.0,55.0,4.7,118.0,10.8,607.0,46.7,205.0,15.9,86.0,7.6,196.0,17.6,791.0,66.7,296.0,25.1,211.0,212.6,210.0,213.4,792.0,799.3,468.0,469.2
2023-10-01,1524.0,129.2,982.0,81.4,53.0,4.8,489.0,43.0,283.0,281.8,144.0,143.8,5.0,5.0,134.0,133.0,1380.0,115.1,987.0,81.2,17.0,1.5,376.0,32.4,1682.0,1693.0,672.0,681.2,17.0,17.3,993.0,994.5,1398.0,118.6,1002.0,85.2,13.0,1.1,383.0,32.3,148.0,12.1,174.0,17.3,865.0,72.2,337.0,27.5,57.0,5.0,116.0,10.9,602.0,48.8,207.0,16.7,80.0,6.7,211.0,19.9,733.0,59.3,356.0,29.2,210.0,211.5,209.0,214.3,789.0,793.0,474.0,474.3
2023-11-01,1513.0,112.6,994.0,71.1,50.0,3.8,469.0,37.7,279.0,270.7,140.0,134.0,5.0,5.5,134.0,131.2,1522.0,116.5,1124.0,84.9,14.0,1.1,384.0,30.5,1691.0,1694.2,685.0,687.1,17.0,17.1,989.0,990.0,1453.0,117.7,945.0,79.7,17.0,1.2,491.0,36.8,115.0,9.1,200.0,15.6,815.0,57.5,383.0,30.4,58.0,4.4,120.0,8.9,597.0,42.0,219.0,15.8,134.0,11.1,207.0,15.5,810.0,62.0,371.0,28.0,210.0,211.3,214.0,217.9,788.0,787.5,479.0,477.5
2023-12-01,1501.0,110.3,1008.0,66.3,52.0,3.6,441.0,40.4,265.0,261.2,142.0,132.4,5.0,4.7,118.0,124.1,1504.0,108.9,1024.0,72.8,19.0,1.4,461.0,34.7,1681.0,1653.9,677.0,658.1,17.0,17.3,987.0,978.5,1555.0,146.8,1043.0,100.6,11.0,1.1,501.0,45.1,124.0,11.7,199.0,12.3,852.0,60.4,326.0,25.9,51.0,3.6,124.0,7.0,606.0,40.3,227.0,15.3,122.0,9.1,197.0,12.9,802.0,60.4,383.0,26.5,205.0,203.6,215.0,213.5,779.0,763.0,482.0,473.8
2024-01-01,1548.0,117.0,1036.0,77.2,50.0,3.8,462.0,36.0,268.0,268.4,142.0,138.3,5.0,4.6,121.0,125.5,1378.0,97.9,1016.0,70.3,18.0,1.5,344.0,26.1,1670.0,1647.4,680.0,664.6,17.0,17.2,973.0,965.6,1505.0,103.4,908.0,61.8,19.0,1.3,578.0,40.3,145.0,10.9,217.0,12.7,833.0,68.0,353.0,25.4,58.0,4.3,120.0,6.7,619.0,48.9,239.0,17.3,137.0,9.4,138.0,7.2,763.0,57.0,340.0,24.3,207.0,205.6,210.0,206.0,777.0,765.6,476.0,470.3
2024-02-01,1570.0,121.2,1022.0,80.5,58.0,4.2,490.0,36.5,267.0,270.8,140.0,139.4,4.0,4.0,123.0,127.4,1555.0,113.7,1140.0,82.2,16.0,1.2,399.0,30.3,1658.0,1635.4,683.0,664.2,17.0,17.4,958.0,953.8,1692.0,124.4,1064.0,81.6,13.0,0.9,615.0,41.9,213.0,14.7,234.0,14.7,799.0,65.9,324.0,25.9,59.0,4.1,141.0,8.9,605.0,50.2,217.0,17.2,119.0,7.5,231.0,14.0,885.0,68.2,320.0,24.0,206.0,203.6,207.0,200.1,774.0,764.9,471.0,466.8
2024-03-01,1477.0,126.0,980.0,86.0,53.0,4.4,444.0,35.6,272.0,278.5,138.0,140.9,5.0,5.2,129.0,132.4,1297.0,109.8,1031.0,88.8,7.0,0.5,259.0,20.5,1639.0,1624.6,690.0,673.4,16.0,15.9,933.0,935.3,1495.0,122.5,960.0,78.9,26.0,2.1,509.0,41.5,136.0,12.6,196.0,16.2,799.0,68.1,346.0,29.1,55.0,4.3,130.0,10.7,580.0,51.8,215.0,19.2,93.0,7.6,156.0,11.4,732.0,64.1,316.0,26.7,208.0,207.1,202.0,195.2,772.0,767.3,457.0,455.1
2024-04-01,1456.0,133.8,981.0,94.3,56.0,5.1,419.0,34.4,276.0,279.9,139.0,142.2,6.0,5.7,131.0,132.0,1379.0,125.7,1051.0,96.1,6.0,0.6,322.0,29.0,1609.0,1609.1,677.0,673.0,15.0,15.0,917.0,921.1,1655.0,132.1,1132.0,91.0,15.0,1.2,508.0,39.9,145.0,12.0,179.0,16.5,833.0,78.4,299.0,26.9,59.0,5.4,121.0,12.3,592.0,56.5,209.0,20.0,104.0,9.2,178.0,16.6,811.0,72.7,286.0,27.1,207.0,207.1,197.0,192.4,756.0,757.8,449.0,451.7
2024-05-01,1405.0,133.6,962.0,94.4,56.0,5.3,387.0,33.9,271.0,279.4,136.0,145.7,6.0,6.5,129.0,127.2,1329.0,120.9,995.0,91.6,19.0,1.6,315.0,27.7,1591.0,1598.6,672.0,676.6,15.0,15.2,904.0,906.8,1548.0,134.3,1011.0,86.2,13.0,1.2,524.0,46.9,126.0,10.8,180.0,18.5,779.0,73.9,320.0,30.5,58.0,5.6,116.0,11.9,580.0,56.2,208.0,20.8,102.0,9.1,146.0,15.3,754.0,66.6,327.0,29.9,209.0,209.7,191.0,190.7,746.0,749.3,445.0,448.9
2024-06-01,1459.0,126.6,955.0,83.8,49.0,4.1,455.0,38.7,276.0,276.0,136.0,138.7,7.0,6.5,133.0,130.8,1318.0,123.6,979.0,93.3,17.0,1.5,322.0,28.8,1571.0,1586.0,659.0,671.3,15.0,15.0,897.0,899.7,1719.0,152.3,1085.0,93.1,20.0,1.8,614.0,57.4,124.0,11.6,204.0,18.3,803.0,67.6,328.0,29.0,61.0,5.5,123.0,11.2,560.0,48.4,211.0,18.6,115.0,10.8,174.0,17.0,739.0,68.8,290.0,27.0,210.0,211.1,177.0,178.4,744.0,752.3,440.0,444.2
2024-07-01,1448.0,127.2,953.0,85.7,53.0,4.6,442.0,36.9,290.0,282.7,145.0,144.7,8.0,7.6,137.0,130.4,1269.0,115.3,879.0,80.9,24.0,2.2,366.0,32.2,1549.0,1565.4,643.0,658.6,16.0,16.4,890.0,890.4,1654.0,144.4,1084.0,91.3,6.0,0.6,564.0,52.5,145.0,12.1,192.0,17.4,790.0,70.3,321.0,27.5,58.0,5.2,119.0,11.3,568.0,50.7,208.0,18.5,175.0,16.0,180.0,17.8,643.0,56.5,271.0,25.0,223.0,223.2,179.0,181.1,721.0,729.3,426.0,431.7
2024-08-01,1492.0,132.5,973.0,85.8,57.0,5.3,462.0,41.4,286.0,283.5,145.0,146.1,6.0,6.0,135.0,131.4,1394.0,121.8,1016.0,89.5,34.0,2.9,344.0,29.4,1520.0,1537.0,642.0,657.0,17.0,17.2,861.0,862.8,1733.0,158.1,1010.0,89.3,18.0,1.7,705.0,67.1,146.0,12.3,210.0,19.9,823.0,72.9,313.0,27.4,64.0,5.8,122.0,11.5,578.0,50.1,209.0,18.4,119.0,10.8,209.0,19.2,770.0,66.1,296.0,25.8,233.0,234.0,179.0,183.0,688.0,696.5,420.0,423.5
2024-09-01,1421.0,113.9,963.0,76.4,60.0,4.7,398.0,32.8,286.0,279.0,143.0,139.4,6.0,6.1,137.0,133.5,1357.0,116.1,1052.0,89.4,14.0,1.2,291.0,25.5,1489.0,1504.9,645.0,661.2,18.0,17.6,826.0,826.1,1695.0,139.5,1020.0,84.6,12.0,1.0,663.0,53.9,122.0,9.9,203.0,18.3,759.0,59.3,337.0,26.4,59.0,4.9,127.0,11.6,557.0,42.9,220.0,17.0,165.0,14.7,181.0,16.3,726.0,61.1,285.0,24.1,230.0,231.1,177.0,181.2,676.0,683.4,406.0,409.2
2024-10-01,1435.0,125.4,964.0,83.9,50.0,4.9,421.0,36.6,278.0,279.1,142.0,143.8,6.0,6.4,130.0,128.9,1370.0,115.1,958.0,79.6,15.0,1.3,397.0,34.2,1464.0,1473.0,644.0,651.5,17.0,17.5,803.0,804.0,1653.0,142.4,978.0,85.8,16.0,1.4,659.0,55.2,135.0,10.8,202.0,20.5,767.0,65.7,331.0,28.4,60.0,5.6,127.0,12.5,564.0,47.7,213.0,18.1,111.0,9.6,251.0,24.0,674.0,54.2,334.0,27.3,224.0,225.6,180.0,185.0,665.0,668.2,395.0,394.2
2024-11-01,1512.0,107.7,971.0,66.2,52.0,3.9,489.0,37.6,287.0,276.9,145.0,137.0,6.0,6.0,136.0,133.9,1300.0,99.2,1010.0,76.4,15.0,1.2,275.0,21.6,1436.0,1437.7,639.0,640.5,17.0,17.4,780.0,779.8,1602.0,130.6,1004.0,85.1,18.0,1.3,580.0,44.2,137.0,10.7,222.0,16.6,814.0,54.8,339.0,25.6,57.0,4.1,127.0,8.9,576.0,38.7,211.0,14.5,124.0,10.2,176.0,13.1,706.0,53.9,294.0,22.0,219.0,219.9,178.0,182.5,653.0,651.4,386.0,383.9
2024-12-01,1467.0,112.9,985.0,67.8,58.0,4.0,424.0,41.1,275.0,273.6,142.0,134.5,5.0,4.9,128.0,134.2,1494.0,108.0,1056.0,74.9,30.0,2.3,408.0,30.8,1430.0,1404.3,644.0,623.5,17.0,17.3,769.0,763.5,1526.0,142.8,937.0,89.8,25.0,2.2,564.0,50.8,141.0,13.5,219.0,14.2,801.0,60.0,306.0,25.2,58.0,4.3,127.0,7.5,591.0,41.1,209.0,14.9,145.0,10.8,204.0,13.1,868.0,65.2,277.0,18.9,218.0,216.4,179.0,177.7,659.0,643.8,374.0,366.4
2025-01-01,1463.0,111.9,982.0,72.8,56.0,4.2,425.0,34.9,282.0,285.7,146.0,144.8,5.0,5.1,131.0,135.8,1353.0,95.0,1002.0,68.3,23.0,1.8,328.0,24.9,1407.0,1382.4,641.0,623.1,18.0,17.8,748.0,741.5,1648.0,113.5,1005.0,68.5,18.0,1.3,625.0,43.7,126.0,9.5,215.0,12.9,807.0,66.4,315.0,23.2,57.0,4.2,130.0,7.2,567.0,44.7,228.0,16.6,95.0,6.5,181.0,9.6,698.0,51.8,379.0,27.0,214.0,211.6,177.0,172.8,647.0,634.9,369.0,363.1
2025-02-01,1446.0,107.0,979.0,73.8,58.0,4.0,409.0,29.2,273.0,278.8,138.0,139.5,4.0,4.4,131.0,134.9,1491.0,109.8,1094.0,79.8,28.0,2.0,369.0,28.0,1409.0,1388.8,645.0,626.8,19.0,18.5,745.0,743.5,1565.0,113.1,1033.0,76.4,13.0,0.9,519.0,35.8,107.0,7.4,236.0,14.2,806.0,63.2,297.0,22.2,59.0,4.0,125.0,7.6,588.0,46.5,207.0,15.7,135.0,8.6,125.0,6.9,824.0,63.8,407.0,30.6,215.0,212.1,179.0,173.5,650.0,642.3,365.0,360.9
2025-03-01,1492.0,125.1,964.0,84.5,59.0,4.9,469.0,35.7,266.0,271.1,145.0,146.8,4.0,3.9,117.0,120.4,1346.0,112.9,939.0,80.7,14.0,1.1,393.0,31.1,1400.0,1387.8,632.0,618.9,19.0,19.0,749.0,749.9,1584.0,128.2,1080.0,87.6,20.0,1.6,484.0,39.0,112.0,10.1,210.0,16.9,843.0,70.8,327.0,27.3,68.0,5.4,126.0,10.5,568.0,50.7,202.0,18.0,144.0,11.7,222.0,16.7,693.0,60.0,287.0,24.6,229.0,228.2,179.0,173.0,633.0,629.3,359.0,357.4
2025-04-01,1445.0,131.1,923.0,88.5,61.0,5.7,461.0,36.9,269.0,274.9,147.0,151.9,4.0,4.4,118.0,118.6,1400.0,127.6,953.0,87.3,18.0,1.6,429.0,38.7,1394.0,1392.6,632.0,628.1,19.0,19.3,743.0,745.2,1479.0,118.3,971.0,78.7,11.0,0.9,497.0,38.7,130.0,10.5,203.0,18.3,772.0,72.0,340.0,30.3,58.0,5.3,125.0,12.5,544.0,51.9,196.0,18.8,186.0,16.5,228.0,21.4,747.0,67.1,239.0,22.6,232.0,231.3,184.0,180.8,628.0,628.8,350.0,351.7
2025-05-01,1416.0,126.2,902.0,84.4,54.0,5.0,460.0,36.8,268.0,272.7,145.0,150.7,4.0,4.1,119.0,117.9,1289.0,117.8,945.0,87.7,20.0,1.8,324.0,28.3,1363.0,1370.0,624.0,628.0,19.0,19.5,720.0,722.5,1530.0,131.7,1048.0,89.1,17.0,1.5,465.0,41.1,125.0,10.6,218.0,20.9,756.0,66.1,317.0,28.6,55.0,5.1,126.0,12.4,532.0,49.2,189.0,17.8,104.0,9.3,185.0,19.1,702.0,62.0,298.0,27.4,224.0,224.9,184.0,183.6,614.0,616.9,341.0,344.7
2025-06-01,1399.0,130.2,873.0,80.4,51.0,4.4,475.0,45.4,264.0,264.6,141.0,142.4,3.0,3.2,120.0,119.0,1379.0,129.1,925.0,88.9,24.0,2.1,430.0,38.1,1348.0,1362.9,625.0,638.1,19.0,19.2,704.0,705.6,1372.0,121.8,914.0,78.6,23.0,2.2,435.0,41.0,103.0,10.0,216.0,20.9,781.0,71.3,299.0,28.0,53.0,5.0,123.0,11.8,521.0,47.2,176.0,16.3,171.0,15.6,192.0,19.5,706.0,65.4,310.0,28.6,223.0,224.3,175.0,177.2,610.0,617.7,340.0,343.8
2025-07-01,1400.0,123.1,884.0,79.6,55.0,4.9,461.0,38.6,253.0,249.4,136.0,137.8,3.0,3.1,114.0,108.5,1432.0,129.4,959.0,87.3,20.0,1.8,453.0,40.3,1342.0,1360.5,624.0,640.2,21.0,20.8,697.0,699.5,1456.0,126.9,1007.0,85.5,7.0,0.6,442.0,40.8,130.0,10.7,222.0,20.1,762.0,67.5,286.0,24.8,55.0,4.9,123.0,11.7,526.0,47.1,180.0,16.0,101.0,9.4,237.0,22.6,850.0,74.9,244.0,22.5,219.0,220.4,177.0,180.0,615.0,623.9,331.0,336.3
2025-08-01,1347.0,115.5,867.0,73.1,53.0,4.5,427.0,37.9,248.0,245.4,134.0,134.4,3.0,3.3,111.0,107.7,1291.0,112.2,873.0,76.6,11.0,0.9,407.0,34.7,1313.0,1329.2,610.0,624.5,20.0,20.1,683.0,684.6,1548.0,140.2,1059.0,93.2,19.0,1.8,470.0,45.2,121.0,10.4,201.0,18.5,710.0,60.6,315.0,26.0,55.0,4.8,125.0,11.2,515.0,42.8,172.0,14.3,96.0,8.6,222.0,19.7,666.0,57.2,307.0,26.7,213.0,213.8,171.0,175.2,604.0,612.4,325.0,327.8
2025-09-01,1444.0,120.0,888.0,74.2,58.0,4.9,498.0,40.9,254.0,249.2,142.0,140.0,4.0,4.1,108.0,105.1,1319.0,114.1,837.0,71.4,11.0,1.0,471.0,41.7,1323.0,1336.6,604.0,618.2,20.0,19.6,699.0,698.8,1386.0,115.1,944.0,78.7,16.0,1.3,426.0,35.1,148.0,11.9,204.0,19.2,773.0,62.9,319.0,26.0,57.0,5.0,130.0,12.4,517.0,41.7,184.0,15.1,165.0,14.6,196.0,18.0,643.0,54.5,315.0,27.0,215.0,216.4,182.0,185.7,599.0,605.4,327.0,329.1
2025-10-01,1418.0,126.9,886.0,77.2,55.0,5.4,477.0,44.3,257.0,259.5,141.0,144.0,4.0,4.0,112.0,111.5,1273.0,107.5,893.0,74.6,25.0,2.2,355.0,30.7,1312.0,1322.5,596.0,605.3,20.0,20.1,696.0,697.1,1419.0,123.2,1008.0,89.1,13.0,1.1,398.0,33.0,145.0,11.9,197.0,20.5,736.0,64.6,340.0,29.7,58.0,5.4,123.0,12.2,516.0,43.6,189.0,16.0,145.0,12.7,204.0,20.1,666.0,53.6,258.0,21.2,218.0,219.3,185.0,191.2,584.0,586.9,325.0,325.1
2025-11-01,1414.0,95.5,908.0,59.1,58.0,4.1,448.0,32.3,259.0,248.0,143.0,133.4,3.0,3.5,113.0,111.1,1319.0,100.9,929.0,70.0,15.0,1.3,375.0,29.6,1301.0,1303.3,589.0,591.0,19.0,19.2,693.0,693.1,1443.0,118.6,1007.0,84.9,15.0,1.2,421.0,32.5,115.0,8.9,199.0,14.0,764.0,48.5,336.0,24.1,55.0,3.9,123.0,8.2,539.0,34.6,191.0,12.4,151.0,12.4,171.0,12.6,745.0,57.0,252.0,18.9,219.0,220.2,183.0,187.5,579.0,577.1,320.0,318.6
2025-12-01,1482.0,119.3,892.0,64.4,53.0,3.9,537.0,51.0,261.0,258.7,140.0,133.5,3.0,2.8,118.0,122.4,1378.0,99.4,946.0,67.1,22.0,1.6,410.0,30.7,1281.0,1258.5,584.0,565.0,18.0,18.4,679.0,675.1,1463.0,138.1,973.0,94.5,20.0,1.8,470.0,41.8,165.0,15.9,213.0,14.3,734.0,57.4,370.0,31.8,58.0,4.4,124.0,7.6,509.0,37.1,201.0,15.2,140.0,10.2,186.0,12.4,724.0,54.1,328.0,22.8,208.0,206.3,182.0,180.3,571.0,557.8,320.0,314.1
2026-01-01,1393.0,100.2,879.0,62.0,51.0,3.7,463.0,34.5,260.0,257.9,144.0,138.9,3.0,2.7,113.0,116.3,1385.0,97.6,894.0,60.4,22.0,1.7,469.0,35.5,1270.0,1247.3,578.0,560.9,18.0,17.8,674.0,668.6,1439.0,98.5,929.0,62.7,25.0,1.8,485.0,34.0,153.0,11.4,228.0,12.8,703.0,54.2,309.0,21.7,55.0,3.9,126.0,6.6,508.0,38.2,190.0,13.3,177.0,12.7,162.0,8.1,751.0,55.8,295.0,21.0,207.0,204.9,175.0,170.5,570.0,559.3,318.0,312.7
2026-02-01,1540.0,113.7,929.0,69.8,50.0,3.5,561.0,40.4,268.0,270.0,147.0,144.8,3.0,3.2,118.0,122.0,1346.0,97.7,923.0,65.9,9.0,0.7,414.0,31.1,1270.0,1249.6,579.0,560.5,17.0,17.4,674.0,671.7,1324.0,95.7,924.0,67.8,14.0,0.9,386.0,27.0,158.0,10.9,220.0,13.1,782.0,61.4,380.0,28.2,50.0,3.3,130.0,7.9,553.0,43.7,196.0,14.9,137.0,9.3,190.0,10.4,733.0,56.6,286.0,21.4,202.0,199.7,174.0,167.8,573.0,565.2,321.0,316.8
2026-03-01,1363.0,121.8,895.0,82.2,49.0,4.1,419.0,35.5,259.0,264.9,141.0,144.0,3.0,3.4,115.0,117.5,1522.0,128.6,1017.0,87.7,24.0,2.0,481.0,38.9,1262.0,1250.5,591.0,578.2,17.0,17.2,654.0,655.1,1373.0,109.7,901.0,71.8,17.0,1.3,455.0,36.6,110.0,9.9,213.0,18.3,717.0,65.2,323.0,28.4,54.0,4.4,125.0,10.9,528.0,49.3,188.0,17.5,170.0,13.8,196.0,14.9,811.0,70.3,345.0,29.7,185.0,184.3,176.0,169.8,575.0,571.1,326.0,325.3
2026-04-01,1423.0,129.4,881.0,84.5,51.0,4.8,491.0,40.1,256.0,263.4,139.0,145.3,4.0,4.0,113.0,114.1,1414.0,128.7,914.0,84.3,6.0,0.6,494.0,43.8,1268.0,1266.1,591.0,589.5,17.0,16.7,660.0,659.9,1454.0,115.8,899.0,72.9,15.0,1.1,540.0,41.8,130.0,10.3,238.0,21.9,748.0,69.9,307.0,27.2,55.0,5.0,123.0,12.4,521.0,49.6,182.0,17.4,149.0,13.2,194.0,18.1,750.0,67.6,321.0,29.8,187.0,186.2,179.0,175.3,568.0,569.4,334.0,335.1
2026-05-01,1410.0,120.5,892.0,79.2,50.0,4.4,468.0,36.9,265.0,268.3,142.0,145.9,3.0,3.5,120.0,118.9,1199.0,108.9,897.0,82.9,11.0,1.0,291.0,25.0,1266.0,1272.1,589.0,593.4,17.0,16.9,660.0,661.8,1347.0,113.9,904.0,75.6,15.0,1.3,428.0,37.0,133.0,11.4,193.0,17.6,762.0,64.1,322.0,27.3,53.0,4.6,127.0,11.8,536.0,47.3,176.0,15.6,117.0,10.4,186.0,18.6,643.0,57.0,253.0,22.9,193.0,192.9,177.0,176.3,567.0,571.4,329.0,331.5
2026-06-01,1367.0,129.9,871.0,83.7,51.0,4.8,445.0,41.4,257.0,259.4,144.0,147.1,3.0,3.1,110.0,109.2,1427.0,134.2,895.0,85.5,19.0,1.8,513.0,46.9,1264.0,1276.0,582.0,593.9,17.0,16.6,665.0,665.5,1392.0,123.7,964.0,83.7,15.0,1.4,413.0,38.6,154.0,14.7,204.0,20.3,707.0,66.1,302.0,28.8,52.0,5.0,124.0,12.5,513.0,48.5,182.0,17.7,129.0,12.0,248.0,24.3,741.0,69.0,309.0,29.0,189.0,188.6,180.0,181.4,564.0,571.7,331.0,334.3
