date,pce_total,pce_goods,pce_durable,pce_nondurable,pce_services,pce_core,pce_food,pce_energy,pce_market_based,pce_market_core,pce_price_headline,pce_price_goods,pce_price_durable,pce_price_nondurable,pce_price_services,pce_price_core,pce_price_food,pce_price_energy,pce_price_market,pce_price_market_core,personal_income,disposable_income,saving_rate
1959-01-31,,,,,,,,,,,,,,,,,,,,,391.8,351.5,11.3
1959-02-28,1.0,1.3,4.5,0.2,0.8,1.6,-0.4,-0.8,,,0.1,0.0,0.1,0.0,0.1,0.1,-0.4,1.4,,,393.7,352.9,10.6
1959-03-31,0.9,1.5,0.4,1.9,0.2,1.7,-1.3,-0.1,,,0.1,0.0,0.1,-0.1,0.2,0.1,-0.2,0.1,,,396.5,355.2,10.3
1959-04-30,-0.4,-0.9,1.3,-1.7,0.3,-0.3,0.1,-1.3,,,0.2,0.1,0.1,0.1,0.4,0.3,-0.3,0.5,,,399.9,358.2,11.2
1959-05-31,1.2,1.6,0.5,2.0,0.7,0.9,2.2,1.5,,,0.1,0.0,0.2,-0.1,0.2,0.1,-0.2,-0.2,,,402.4,360.3,10.6
1959-06-30,0.4,0.1,1.2,-0.3,0.7,0.4,0.2,1.2,,,0.3,0.2,0.2,0.2,0.4,0.3,0.3,-0.2,,,404.8,362.6,10.5
1959-07-31,-0.3,-0.7,-1.3,-0.6,0.1,-0.3,-0.6,0.1,,,0.2,0.1,0.0,0.1,0.4,0.2,0.2,-0.1,,,405.4,362.8,10.7
1959-08-31,0.6,0.8,2.2,0.3,0.4,0.8,0.5,-1.0,,,0.1,0.0,-0.5,0.2,0.3,0.2,-0.4,1.3,,,403.7,361.2,9.6
1959-09-30,1.0,1.3,2.5,0.9,0.6,1.4,0.3,-0.5,,,0.3,0.2,0.2,0.3,0.3,0.3,0.5,-0.3,,,405.1,362.3,8.7
1959-10-31,-0.7,-1.4,-5.5,0.0,0.2,-1.1,0.1,1.4,,,0.2,0.2,-0.1,0.2,0.3,0.2,0.0,1.5,,,406.6,363.4,9.4
1959-11-30,0.0,-0.4,-0.3,-0.4,0.4,0.0,-0.6,1.2,,,0.1,-0.1,0.1,-0.2,0.3,0.2,-0.4,0.2,,,409.9,366.3,10.1
1959-12-31,-0.1,-0.7,-4.3,0.5,0.6,-0.3,2.0,-3.6,,,0.1,0.0,0.0,0.0,0.2,0.2,0.0,0.2,,,414.6,370.2,11.0
1960-01-31,0.3,0.4,1.2,0.1,0.2,0.6,-1.6,1.4,,,-0.1,-0.2,-0.2,-0.2,0.1,0.0,-0.2,-0.4,,,415.7,370.8,10.9
1960-02-29,0.4,0.7,5.7,-1.0,0.1,0.7,-0.7,0.7,,,0.1,0.0,0.2,0.0,0.2,0.2,-0.1,-0.1,,,416.6,371.3,10.6
1960-03-31,1.4,2.3,3.9,1.7,0.4,0.9,1.9,5.0,,,0.1,0.1,-0.3,0.2,0.1,0.0,0.5,-0.6,,,417.6,371.9,9.4
1960-04-30,1.5,2.3,3.5,1.8,0.7,2.1,0.3,-0.5,,,0.4,0.5,0.1,0.6,0.2,0.2,1.0,0.6,,,420.6,374.7,8.4
1960-05-31,-2.0,-3.9,-6.9,-2.8,0.2,-2.3,-1.0,-2.0,,,0.1,0.0,0.0,0.0,0.3,0.2,0.0,-0.1,,,422.1,376.0,10.4
1960-06-30,0.0,0.1,-2.5,1.0,-0.1,-0.1,0.0,0.8,,,0.0,-0.1,-0.3,0.0,0.2,0.1,-0.2,0.4,,,422.6,376.5,10.4
1960-07-31,0.2,0.5,0.9,0.4,-0.1,0.2,0.9,-1.4,,,0.2,0.1,0.0,0.2,0.2,0.2,0.0,0.8,,,424.1,377.7,10.4
1960-08-31,-0.1,-0.1,2.0,-0.8,-0.1,0.3,-1.4,-0.2,,,0.2,0.2,0.0,0.2,0.2,0.1,0.0,0.8,,,424.1,377.5,10.3
1960-09-30,0.5,0.7,3.5,-0.3,0.2,0.6,-0.5,1.4,,,0.1,-0.1,-0.4,0.1,0.2,0.1,0.1,-0.1,,,424.9,378.3,10.0
1960-10-31,0.5,0.5,-0.9,1.0,0.5,0.6,0.3,-0.4,,,0.1,0.1,-0.1,0.2,0.1,0.1,0.6,-0.5,,,426.7,380.1,9.8
1960-11-30,-0.3,-1.1,-4.1,0.0,0.5,-0.9,1.7,0.1,,,0.3,0.4,0.7,0.4,0.2,0.3,0.4,1.0,,,426.3,379.8,9.8
1960-12-31,-1.2,-2.3,-5.4,-1.3,0.0,-1.2,-2.2,0.9,,,0.0,-0.1,-0.7,0.1,0.1,0.0,0.4,-0.5,,,424.4,378.2,10.4
1961-01-31,0.3,0.0,-1.9,0.6,0.5,0.1,1.5,-1.2,,,0.0,0.0,0.2,0.0,0.0,0.0,-0.1,0.3,,,428.3,381.9,11.1
1961-02-28,0.4,0.7,0.7,0.7,0.0,0.5,0.3,-1.1,,,0.1,0.0,0.0,0.0,0.1,0.1,0.1,0.1,,,430.3,383.8,11.1
1961-03-31,1.2,1.6,3.0,1.2,0.8,1.5,0.3,0.8,,,-0.1,-0.1,0.1,-0.2,0.0,0.0,-0.1,-0.8,,,431.9,385.2,10.4
1961-04-30,0.0,-0.4,-1.3,-0.1,0.5,-0.4,0.6,3.6,,,-0.1,-0.3,0.2,-0.5,0.2,0.1,-0.2,-1.6,,,432.5,385.8,10.6
1961-05-31,0.6,0.6,1.5,0.4,0.6,0.9,0.0,-0.6,,,0.1,0.0,0.2,-0.1,0.1,0.1,-0.5,0.6,,,436.1,389.2,10.8
1961-06-30,0.2,0.4,0.6,0.4,0.1,0.2,0.5,0.5,,,0.0,-0.1,0.1,-0.2,0.2,0.1,-0.4,0.1,,,440.5,393.3,11.5
1961-07-31,-0.3,-0.4,0.8,-0.8,-0.2,0.1,-1.7,-1.2,,,0.2,0.3,0.1,0.3,0.2,0.2,0.3,0.7,,,442.7,395.5,12.0
1961-08-31,0.4,0.6,0.9,0.5,0.1,0.2,1.5,-1.4,,,0.1,0.1,0.2,0.1,0.1,0.1,-0.1,0.5,,,443.3,395.9,11.7
1961-09-30,0.6,0.6,0.6,0.6,0.5,0.6,0.6,0.5,,,0.1,0.0,0.3,-0.1,0.2,0.2,-0.2,0.1,,,444.3,396.7,11.3
1961-10-31,0.6,0.5,1.5,0.1,0.8,1.0,-0.6,0.1,,,0.0,-0.1,-0.1,-0.1,0.1,0.0,0.0,-0.5,,,448.7,400.8,11.7
1961-11-30,1.0,1.3,2.8,0.7,0.6,1.2,-0.1,1.6,,,0.0,-0.1,-0.5,0.0,0.1,0.0,-0.2,0.4,,,452.7,404.6,11.6
1961-12-31,0.7,0.9,2.1,0.5,0.5,0.7,0.9,-0.1,,,0.0,0.0,0.1,-0.1,0.1,0.1,0.2,-1.0,,,455.6,407.1,11.6
1962-01-31,0.0,0.0,-0.3,0.1,0.1,0.1,-0.9,1.3,,,0.2,0.1,-0.1,0.2,0.3,0.1,0.5,0.3,,,456.0,406.9,11.3
1962-02-28,0.0,-0.3,-0.5,-0.3,0.3,-0.2,0.5,0.3,,,0.3,0.4,0.1,0.4,0.2,0.2,0.5,0.7,,,459.1,409.8,11.8
1962-03-31,0.8,1.2,1.5,1.1,0.4,0.9,-0.2,2.5,,,0.1,0.1,0.2,0.0,0.2,0.2,0.2,-1.3,,,462.9,413.1,11.6
1962-04-30,0.3,0.0,0.6,-0.2,0.7,0.8,-0.7,-1.5,,,0.1,0.1,-0.2,0.2,0.1,0.0,0.0,1.3,,,465.8,415.4,11.7
1962-05-31,0.8,1.0,2.3,0.5,0.6,0.8,0.9,-0.2,,,0.1,-0.1,0.0,-0.1,0.2,0.1,-0.2,-0.1,,,466.8,415.9,11.1
1962-06-30,-0.5,-1.0,-1.2,-1.0,0.1,-0.6,-0.3,0.6,,,0.1,0.0,0.3,-0.2,0.2,0.2,-0.1,-0.8,,,467.7,416.2,11.5
1962-07-31,0.3,0.4,0.0,0.6,0.2,0.3,0.3,0.5,,,-0.1,-0.2,0.1,-0.3,0.1,0.1,-0.3,-0.9,,,469.7,417.8,11.6
1962-08-31,0.3,0.3,-0.3,0.5,0.3,0.3,0.5,-0.3,,,0.1,0.2,0.0,0.3,0.1,0.0,0.3,1.1,,,471.1,418.8,11.4
1962-09-30,1.1,1.7,3.0,1.2,0.5,1.5,0.3,-0.6,,,0.5,0.9,0.1,1.2,0.1,0.2,1.2,1.9,,,473.7,421.0,10.4
1962-10-31,-0.5,-1.3,-2.5,-0.8,0.3,-0.7,-0.8,2.1,,,-0.1,-0.3,-0.5,-0.3,0.1,0.0,-0.3,-0.6,,,475.7,422.6,11.3
1962-11-30,1.3,2.0,6.2,0.5,0.6,1.7,-0.1,0.8,,,0.1,0.0,0.0,0.0,0.2,0.1,0.1,0.1,,,477.8,424.1,10.4
1962-12-31,0.6,1.0,2.8,0.3,0.1,0.6,0.1,1.0,,,0.0,-0.2,0.0,-0.2,0.1,0.0,-0.6,0.7,,,479.8,425.9,10.3
1963-01-31,0.0,0.0,-0.7,0.3,-0.1,-0.3,0.2,2.0,,,0.2,0.2,-0.1,0.4,0.3,0.2,0.9,-0.7,,,484.0,430.0,10.9
1963-02-28,-0.4,-0.9,-1.4,-0.7,0.2,-0.3,-0.8,0.2,,,0.1,0.1,0.2,0.1,0.1,0.1,0.2,-0.1,,,481.9,427.9,10.7
1963-03-31,0.5,0.6,-0.3,0.9,0.4,0.6,0.7,-1.2,,,-0.1,-0.2,0.1,-0.3,0.1,0.1,-0.4,-0.7,,,483.7,429.4,10.6
1963-04-30,0.4,0.2,1.7,-0.3,0.5,0.6,0.0,-1.4,,,0.0,-0.1,0.0,-0.1,0.1,0.1,-0.5,-0.2,,,485.0,431.1,10.7
1963-05-31,0.1,0.1,0.4,0.0,0.0,-0.1,0.6,0.6,,,0.2,0.1,0.1,0.1,0.2,0.2,0.0,0.4,,,487.9,433.5,10.9
1963-06-30,1.0,1.2,2.6,0.7,0.7,1.4,-0.2,-1.0,,,0.2,0.4,0.2,0.4,0.1,0.2,1.0,-1.1,,,491.3,436.6,10.5
1963-07-31,0.5,0.4,0.9,0.1,0.7,0.5,0.7,0.2,,,0.2,0.3,-0.1,0.4,0.1,0.1,0.4,0.9,,,492.5,438.0,10.1
1963-08-31,0.4,0.0,-2.5,1.0,0.7,0.2,0.6,1.8,,,0.1,0.2,-0.1,0.2,0.1,0.1,0.0,0.9,,,494.9,440.3,10.2
1963-09-30,-0.2,-0.7,0.3,-1.0,0.3,0.0,-1.7,1.3,,,0.0,-0.2,0.6,-0.5,0.1,0.2,-0.4,-1.3,,,498.2,443.5,11.0
1963-10-31,-0.1,-0.5,-0.8,-0.4,0.4,0.0,1.0,-2.8,,,0.2,0.1,0.0,0.2,0.3,0.2,-0.1,0.7,,,501.9,447.0,11.5
1963-11-30,0.7,1.1,2.8,0.5,0.4,0.9,0.5,0.1,,,0.1,0.1,-0.2,0.2,0.2,0.1,0.5,-0.3,,,503.6,448.5,11.0
1963-12-31,1.2,1.7,3.2,1.1,0.7,1.3,-0.6,4.2,,,0.1,0.2,0.0,0.3,0.1,0.1,0.2,0.1,,,508.4,452.8,10.7
1964-01-31,0.3,0.1,0.8,-0.1,0.5,0.4,0.4,-0.9,,,0.2,0.3,0.1,0.3,0.1,0.1,0.7,-0.3,,,511.3,455.3,10.7
1964-02-29,0.7,1.0,0.7,1.2,0.4,0.8,0.1,0.8,,,0.1,0.1,0.2,0.0,0.2,0.2,0.0,-0.1,,,514.1,457.4,10.4
1964-03-31,0.4,0.1,-1.3,0.6,0.7,0.2,1.1,0.4,,,0.1,-0.1,-0.1,0.0,0.2,0.1,0.0,-0.2,,,517.0,468.5,12.1
1964-04-30,0.2,0.0,0.9,-0.3,0.3,0.2,0.0,0.7,,,0.1,0.0,0.0,0.0,0.1,0.1,0.1,-0.1,,,520.6,471.4,12.4
1964-05-31,1.4,2.3,2.7,2.1,0.5,1.5,1.5,-0.6,,,0.0,-0.1,-0.1,-0.2,0.2,0.1,-0.2,-0.3,,,523.8,473.9,11.7
1964-06-30,0.6,0.5,1.6,0.0,0.7,0.6,-0.1,2.0,,,0.1,0.1,0.0,0.2,0.1,0.1,0.5,0.1,,,526.3,476.2,11.5
1964-07-31,0.7,1.1,1.6,0.9,0.3,0.7,0.9,0.3,,,0.1,0.1,0.1,0.2,0.1,0.1,0.3,0.0,,,529.9,479.0,11.2
1964-08-31,0.6,0.9,1.0,0.9,0.3,0.5,0.6,1.8,,,0.1,-0.1,-0.1,-0.1,0.3,0.1,-0.1,-0.2,,,533.3,481.5,11.1
1964-09-30,-0.4,-1.4,-2.8,-0.8,0.6,-0.4,-0.7,-0.3,,,0.2,0.2,-0.1,0.3,0.1,0.0,0.6,0.3,,,536.3,484.2,11.8
1964-10-31,0.7,0.9,1.7,0.6,0.4,0.7,0.0,2.0,,,0.1,0.0,-0.2,0.1,0.1,0.0,0.1,0.3,,,536.9,484.3,11.2
1964-11-30,-0.9,-2.3,-4.0,-1.6,0.5,-0.7,-0.7,-3.4,,,0.1,0.2,0.2,0.2,0.1,0.1,0.1,0.2,,,541.3,488.1,12.5
1964-12-31,1.0,1.5,-1.7,2.7,0.5,0.5,3.4,0.5,,,0.1,0.1,0.1,0.2,0.1,0.1,0.1,0.4,,,547.5,493.5,12.5
1965-01-31,0.7,1.0,5.3,-0.5,0.4,1.3,-1.3,-1.2,,,0.1,0.1,0.0,0.1,0.2,0.1,-0.2,0.6,,,551.5,495.0,12.1
1965-02-28,1.6,2.8,7.2,1.1,0.3,1.6,1.3,2.3,,,0.0,-0.1,-0.1,-0.1,0.2,0.1,-0.3,-0.1,,,552.0,495.4,10.7
1965-03-31,0.3,0.3,4.6,-1.4,0.3,0.6,-1.3,0.6,,,0.1,0.2,0.0,0.2,0.1,0.1,0.4,0.4,,,555.4,497.7,10.8
1965-04-30,0.7,0.7,-1.4,1.6,0.7,0.6,1.3,1.0,,,0.2,0.2,-0.1,0.3,0.1,0.1,0.3,0.1,,,558.6,499.0,10.2
1965-05-31,-0.1,-0.6,-3.3,0.5,0.5,-0.2,0.2,0.4,,,0.2,0.3,0.1,0.3,0.2,0.2,0.5,0.0,,,562.9,505.6,11.2
1965-06-30,-0.8,-2.0,-4.1,-1.2,0.4,-1.0,-0.7,1.1,,,0.3,0.5,-0.8,1.0,0.1,0.0,1.7,0.3,,,566.2,507.8,12.1
1965-07-31,1.3,2.0,2.5,1.8,0.5,1.3,1.3,1.2,,,0.1,0.0,-0.1,0.0,0.2,0.1,0.0,-0.1,,,570.4,513.5,11.9
1965-08-31,0.7,1.1,3.8,0.0,0.4,0.8,1.0,-1.0,,,0.0,-0.1,0.1,-0.2,0.2,0.2,-0.7,0.0,,,572.9,516.2,11.7
1965-09-30,1.7,2.8,7.0,1.1,0.5,2.3,-0.5,0.6,,,0.0,-0.1,0.0,-0.2,0.2,0.1,-0.4,0.2,,,587.2,529.9,12.5
1965-10-31,1.4,2.0,-0.8,3.2,0.7,0.6,5.1,1.1,,,0.0,-0.1,-0.8,0.2,0.2,0.0,0.1,0.6,,,584.9,527.5,10.9
1965-11-30,0.0,-0.6,-0.6,-0.6,0.6,0.3,-1.6,-0.1,,,0.2,0.1,0.0,0.1,0.2,0.2,0.2,-0.1,,,590.2,532.1,11.5
1965-12-31,0.2,0.0,-1.0,0.4,0.4,0.0,1.5,-0.6,,,0.4,0.5,0.6,0.4,0.2,0.3,0.6,0.4,,,595.5,536.3,11.7
1966-01-31,0.6,1.1,2.9,0.4,0.1,1.0,-0.9,0.9,,,0.1,0.0,-0.8,0.4,0.2,0.0,0.6,-0.1,,,597.7,537.2,11.2
1966-02-28,0.7,1.0,2.6,0.3,0.3,0.9,0.1,-0.5,,,0.4,0.6,0.4,0.7,0.2,0.2,1.4,-0.2,,,603.1,541.7,11.0
1966-03-31,0.8,1.0,3.0,0.1,0.6,1.0,-0.1,0.8,,,0.2,0.3,0.0,0.5,0.2,0.1,0.8,0.1,,,607.9,545.2,10.7
1966-04-30,0.1,-0.2,-2.9,1.0,0.3,-0.2,0.5,1.6,,,0.3,0.3,0.3,0.3,0.4,0.4,0.5,0.0,,,609.5,545.0,10.3
1966-05-31,-0.9,-2.1,-5.2,-0.8,0.3,-1.2,-0.4,0.6,,,0.1,-0.1,0.0,-0.1,0.3,0.3,-0.6,0.3,,,612.2,546.5,11.2
1966-06-30,0.3,0.3,-1.1,0.8,0.2,0.3,0.0,0.8,,,0.2,0.1,0.1,0.1,0.4,0.3,0.0,0.0,,,616.7,550.2,11.4
1966-07-31,0.9,1.2,2.0,1.0,0.5,0.8,1.8,-0.2,,,0.2,0.1,0.3,0.1,0.3,0.3,-0.3,0.4,,,620.4,553.1,10.9
1966-08-31,0.2,0.3,3.8,-1.0,0.0,0.6,-2.2,0.9,,,0.4,0.5,0.1,0.7,0.2,0.2,1.4,0.1,,,625.9,558.1,11.2
1966-09-30,0.9,1.4,3.9,0.4,0.4,1.1,0.5,0.2,,,0.3,0.3,0.1,0.3,0.4,0.3,0.3,0.6,,,631.7,563.2,11.0
1966-10-31,-0.4,-1.0,-2.5,-0.4,0.2,-0.4,-1.0,0.2,,,0.3,0.1,0.2,0.1,0.4,0.3,0.0,0.2,,,636.0,566.5,11.6
1966-11-30,0.2,-0.2,-1.6,0.4,0.7,0.0,1.4,-0.7,,,0.1,0.0,0.1,0.0,0.3,0.3,-0.3,0.2,,,640.9,570.0,11.8
1966-12-31,0.2,-0.3,-0.5,-0.2,0.6,0.1,0.0,1.8,,,0.2,0.2,0.5,0.1,0.2,0.3,-0.2,0.2,,,642.0,570.7,11.6
1967-01-31,0.5,0.7,0.8,0.6,0.3,0.5,1.2,-1.9,,,0.0,-0.2,-0.5,-0.1,0.2,0.1,-0.5,0.4,,,648.0,576.6,12.1
1967-02-28,-0.4,-0.5,-3.4,0.6,-0.2,-0.7,0.2,2.2,,,0.1,0.0,-0.2,0.0,0.2,0.2,-0.2,0.1,,,649.6,578.4,12.6
1967-03-31,0.5,0.6,1.6,0.2,0.5,0.7,0.6,-1.9,,,0.1,0.0,0.0,-0.1,0.2,0.2,-0.3,-0.2,,,653.9,583.0,12.8
1967-04-30,1.0,1.5,4.4,0.4,0.3,1.1,0.6,0.3,,,0.2,0.0,0.3,0.0,0.3,0.3,-0.5,0.6,,,654.4,583.8,11.9
1967-05-31,0.0,-0.3,-0.7,-0.2,0.3,-0.2,-0.9,4.0,,,0.2,0.2,0.2,0.2,0.2,0.2,0.2,-0.1,,,656.9,586.1,12.0
1967-06-30,0.6,0.7,1.5,0.4,0.5,0.8,0.2,-0.8,,,0.3,0.3,0.1,0.4,0.3,0.3,0.7,0.1,,,661.6,590.2,11.9
1967-07-31,-0.4,-1.2,-1.5,-1.1,0.5,-0.2,-1.4,0.1,,,0.3,0.5,0.6,0.4,0.2,0.3,0.4,0.1,,,667.2,594.5,12.6
1967-08-31,0.3,0.1,-1.4,0.7,0.5,0.4,1.2,-2.4,,,0.3,0.4,0.4,0.4,0.2,0.3,0.4,0.1,,,672.5,598.5,12.6
1967-09-30,0.8,1.5,2.9,0.9,0.2,0.9,0.8,0.6,,,0.3,0.3,0.3,0.2,0.4,0.4,-0.1,0.7,,,675.0,600.2,11.9
1967-10-31,-0.9,-2.0,-3.0,-1.6,0.2,-1.2,-0.6,1.1,,,0.3,0.2,0.5,0.1,0.3,0.4,0.2,-0.6,,,677.8,602.8,12.9
1967-11-30,0.7,1.0,1.1,1.0,0.3,0.6,0.4,2.0,,,0.3,0.4,0.3,0.4,0.3,0.3,0.2,0.8,,,684.4,608.5,12.8
1967-12-31,1.3,2.1,3.6,1.5,0.5,1.2,2.2,0.7,,,0.2,0.0,-0.2,0.1,0.3,0.2,0.1,-0.7,,,687.4,610.5,11.8
1968-01-31,0.6,0.5,2.2,-0.2,0.8,1.1,-1.3,0.2,,,0.5,0.5,0.5,0.5,0.4,0.4,0.5,0.6,,,694.3,616.7,11.7
1968-02-29,0.1,0.2,-0.5,0.5,0.0,0.1,0.0,0.7,,,0.4,0.3,0.2,0.4,0.5,0.4,0.4,0.2,,,702.5,623.6,12.3
1968-03-31,1.7,2.5,4.7,1.5,0.9,1.6,2.7,0.3,,,0.3,0.2,0.2,0.2,0.4,0.4,0.2,-0.1,,,710.8,631.6,11.7
1968-04-30,-0.4,-1.2,-2.5,-0.6,0.5,-0.2,-1.0,-0.5,,,0.3,0.3,0.2,0.3,0.3,0.4,0.3,-0.4,,,716.2,635.7,12.3
1968-05-31,0.7,1.1,3.0,0.4,0.2,0.8,0.8,-1.0,,,0.4,0.4,0.2,0.4,0.4,0.4,0.3,0.4,,,722.6,640.7,12.0
1968-06-30,0.9,0.8,-0.4,1.3,0.9,0.7,1.7,0.9,,,0.3,0.2,0.2,0.2,0.4,0.4,0.0,0.3,,,728.3,645.6,11.7
1968-07-31,0.9,1.6,3.4,0.9,0.2,1.0,0.5,0.7,,,0.3,0.3,0.3,0.3,0.3,0.3,0.3,0.0,,,735.0,646.3,10.7
1968-08-31,0.3,0.2,0.5,0.1,0.3,0.2,0.3,0.8,,,0.4,0.4,0.3,0.5,0.4,0.4,0.4,0.7,,,741.4,649.8,10.5
1968-09-30,-0.1,-0.7,0.1,-1.0,0.4,0.0,-0.9,0.5,,,0.3,0.3,0.4,0.3,0.4,0.4,0.4,-0.4,,,747.4,652.1,10.6
1968-10-31,0.2,0.0,-0.3,0.1,0.3,0.3,0.0,-0.7,,,0.4,0.4,0.3,0.5,0.4,0.4,0.7,0.2,,,752.0,657.3,10.8
1968-11-30,0.6,0.7,-1.1,1.4,0.4,0.3,2.1,0.1,,,0.3,0.3,0.4,0.3,0.4,0.4,0.2,0.3,,,758.0,662.0,10.6
1968-12-31,-0.2,-0.7,0.7,-1.3,0.3,-0.1,-1.5,1.2,,,0.2,0.0,-0.2,0.1,0.4,0.3,0.0,-0.5,,,762.6,665.7,11.1
1969-01-31,0.8,1.4,2.4,1.0,0.2,0.8,1.2,0.4,,,0.4,0.3,0.2,0.4,0.5,0.4,0.3,0.6,,,766.3,667.1,10.3
1969-02-28,0.6,0.7,0.3,0.9,0.6,0.6,0.8,1.1,,,0.3,0.2,0.4,0.1,0.3,0.3,-0.2,0.2,,,771.8,668.9,9.7
1969-03-31,-0.4,-0.8,-2.3,-0.1,-0.1,-0.5,-0.6,1.2,,,0.5,0.4,0.5,0.4,0.5,0.5,0.3,0.9,,,779.0,673.3,10.2
1969-04-30,0.4,0.3,1.2,-0.2,0.6,0.7,-0.5,-1.3,,,0.4,0.4,0.2,0.6,0.4,0.4,0.6,0.7,,,784.3,675.3,9.7
1969-05-31,0.7,0.6,0.0,0.9,0.7,0.6,1.4,0.3,,,0.4,0.3,0.0,0.4,0.5,0.4,0.6,0.0,,,790.5,685.7,10.1
1969-06-30,-0.4,-1.0,-0.2,-1.3,0.3,-0.1,-2.1,0.1,,,0.5,0.6,0.2,0.8,0.4,0.3,1.2,0.5,,,797.1,693.9,11.1
1969-07-31,-0.1,-0.2,-2.2,0.6,-0.1,-0.3,0.6,0.6,,,0.4,0.4,0.2,0.4,0.5,0.5,0.6,-0.2,,,805.0,701.8,11.8
1969-08-31,0.9,1.4,2.1,1.1,0.5,0.9,1.1,0.9,,,0.3,0.2,0.2,0.2,0.4,0.3,0.3,0.1,,,812.2,708.1,11.5
1969-09-30,0.1,-0.2,2.1,-1.1,0.4,0.4,-1.3,0.2,,,0.4,0.3,0.0,0.5,0.5,0.4,0.6,0.0,,,817.7,712.6,11.6
1969-10-31,0.5,0.5,-1.7,1.4,0.6,0.1,2.2,1.0,,,0.3,0.2,0.4,0.1,0.5,0.4,0.0,0.2,,,822.0,716.7,11.4
1969-11-30,-0.1,-0.7,-1.0,-0.5,0.4,-0.1,-0.7,0.8,,,0.4,0.4,0.2,0.6,0.4,0.4,0.9,-0.2,,,826.4,721.0,11.6
1969-12-31,-0.1,0.0,-0.2,0.0,-0.1,0.0,-0.4,-0.1,,,0.5,0.4,0.0,0.6,0.5,0.4,0.9,0.5,,,831.9,725.7,11.8
1970-01-31,0.6,0.6,-1.2,1.3,0.6,0.2,2.1,2.0,,,0.4,0.3,0.0,0.4,0.4,0.3,0.7,-0.1,,,836.4,732.1,11.8
1970-02-28,0.4,0.0,1.7,-0.6,0.8,0.9,-0.8,-1.8,,,0.4,0.4,0.1,0.4,0.4,0.4,0.5,0.4,,,841.8,737.4,11.7
1970-03-31,-0.5,-0.5,-2.8,0.4,-0.5,-0.9,0.7,1.4,,,0.2,0.0,0.2,0.0,0.5,0.4,0.1,-0.9,,,847.1,742.0,12.4
1970-04-30,0.1,-0.1,1.5,-0.8,0.3,0.4,-0.7,-1.6,,,0.5,0.5,0.1,0.7,0.5,0.4,0.3,2.3,,,859.9,753.8,13.3
1970-05-31,0.7,1.0,1.1,0.9,0.4,0.7,0.7,0.7,,,0.3,0.2,0.2,0.2,0.4,0.4,0.4,-0.3,,,857.7,753.1,12.4
1970-06-30,0.3,0.3,0.7,0.2,0.4,0.3,0.5,0.8,,,0.3,0.1,0.1,0.1,0.4,0.4,0.0,-0.3,,,862.6,756.6,12.3
1970-07-31,0.0,-0.3,-0.9,-0.1,0.3,0.0,-0.5,0.4,,,0.4,0.3,0.3,0.3,0.4,0.4,0.2,0.6,,,870.6,770.2,13.5
1970-08-31,0.4,0.4,0.8,0.3,0.4,0.4,0.6,0.3,,,0.3,0.1,0.3,0.1,0.4,0.3,0.2,-0.7,,,875.1,774.6,13.4
1970-09-30,0.5,0.4,-0.3,0.7,0.6,0.4,1.0,1.0,,,0.4,0.4,0.4,0.5,0.5,0.4,0.5,0.8,,,878.4,777.3,12.9
1970-10-31,-0.6,-1.0,-3.5,-0.1,-0.2,-0.5,-1.3,-0.8,,,0.5,0.5,0.7,0.4,0.5,0.5,0.2,1.2,,,879.7,778.6,13.1
1970-11-30,-0.7,-1.4,-5.8,0.3,0.0,-1.1,1.5,-0.9,,,0.4,0.3,0.7,0.1,0.5,0.5,-0.3,0.6,,,882.3,780.5,13.6
1970-12-31,0.9,1.5,1.7,1.4,0.4,0.8,1.8,0.9,,,0.4,0.3,0.6,0.3,0.5,0.5,0.1,0.7,,,889.2,787.5,13.2
1971-01-31,1.4,2.8,11.3,-0.3,0.0,1.8,-0.7,1.1,,,0.2,0.0,0.5,-0.2,0.4,0.4,-0.8,0.4,,,898.8,801.3,13.3
1971-02-28,0.2,-0.2,-0.6,0.0,0.5,0.2,-0.2,0.7,,,0.3,0.2,0.3,0.1,0.4,0.4,0.2,-0.5,,,903.2,804.7,13.3
1971-03-31,0.1,-0.1,2.3,-1.1,0.2,0.3,-1.0,0.1,,,0.3,0.2,0.1,0.3,0.4,0.3,0.6,-0.1,,,909.0,810.0,13.5
1971-04-30,0.6,0.9,0.5,1.0,0.3,0.6,0.5,1.4,,,0.4,0.4,0.3,0.4,0.4,0.4,0.9,-0.5,,,915.0,814.9,13.2
1971-05-31,-0.1,-0.6,-0.9,-0.5,0.4,0.0,-0.3,-0.9,,,0.4,0.3,0.2,0.4,0.5,0.4,0.4,0.2,,,922.4,821.6,13.6
1971-06-30,0.8,1.4,3.2,0.7,0.2,0.9,0.2,0.8,,,0.4,0.4,0.2,0.5,0.5,0.4,0.7,0.5,,,943.8,842.6,14.7
1971-07-31,-0.4,-1.1,-2.1,-0.7,0.2,-0.3,-0.7,-1.0,,,0.3,0.1,0.2,0.1,0.5,0.4,0.1,-0.3,,,934.8,833.2,13.8
1971-08-31,0.6,0.6,1.9,0.0,0.6,0.9,-0.5,-0.9,,,0.3,0.1,-0.7,0.5,0.5,0.1,0.2,2.4,,,940.8,838.5,13.6
1971-09-30,1.0,1.9,5.3,0.4,0.2,1.1,0.1,2.0,,,0.1,0.0,-0.6,0.2,0.3,0.2,0.0,0.4,,,947.7,844.7,13.3
1971-10-31,0.2,-0.2,0.3,-0.4,0.6,0.3,0.4,-0.4,,,0.2,0.1,-0.1,0.1,0.2,0.2,0.2,0.1,,,951.8,848.8,13.3
1971-11-30,0.5,0.7,0.0,1.0,0.3,0.6,0.1,0.6,,,0.2,0.1,0.1,0.1,0.3,0.2,0.3,-0.2,,,958.6,852.5,13.1
1971-12-31,0.6,0.1,-0.2,0.2,1.2,0.8,0.5,-1.2,,,0.4,0.4,0.4,0.5,0.4,0.3,0.8,0.3,,,967.4,860.2,13.0
1972-01-31,0.0,-0.2,2.4,-1.3,0.2,0.5,-2.9,0.7,,,0.4,0.4,0.5,0.4,0.4,0.4,0.7,-0.5,,,976.1,859.4,12.5
1972-02-29,0.2,0.2,-1.2,0.8,0.3,0.0,1.4,1.1,,,0.4,0.4,0.1,0.6,0.4,0.3,1.3,-0.1,,,987.9,868.0,12.8
1972-03-31,1.6,2.2,2.6,1.9,1.1,1.5,2.2,1.8,,,0.1,0.0,0.1,0.0,0.3,0.2,-0.2,0.2,,,995.6,872.9,11.8
1972-04-30,0.3,0.3,0.2,0.4,0.2,0.2,0.8,0.2,,,0.2,0.1,0.3,0.0,0.2,0.2,0.0,-0.4,,,998.5,873.9,11.5
1972-05-31,0.5,1.2,1.3,1.1,-0.1,0.5,1.0,0.0,,,0.2,0.1,0.1,0.2,0.3,0.2,0.0,0.5,,,1004.9,882.2,11.7
1972-06-30,0.3,0.1,0.2,0.0,0.6,0.4,0.0,-0.3,,,0.2,0.0,0.0,0.0,0.3,0.2,0.1,-0.4,,,1009.2,886.4,11.7
1972-07-31,0.7,0.9,1.4,0.6,0.6,0.9,0.0,1.0,,,0.4,0.3,0.2,0.4,0.4,0.3,0.6,0.7,,,1019.0,896.0,11.7
1972-08-31,0.5,0.6,1.2,0.4,0.5,0.6,0.0,1.2,,,0.3,0.3,0.2,0.3,0.3,0.2,0.4,1.0,,,1031.4,907.0,12.0
1972-09-30,0.2,0.1,-0.6,0.5,0.2,0.2,0.5,-0.8,,,0.4,0.6,0.2,0.7,0.3,0.3,0.7,1.2,,,1040.0,914.6,12.2
1972-10-31,1.7,2.5,4.2,1.7,0.9,1.6,1.1,3.2,,,0.1,0.0,-0.7,0.2,0.3,0.1,0.3,0.3,,,1065.1,938.6,13.0
1972-11-30,0.4,0.1,1.0,-0.3,0.6,0.5,-0.5,1.7,,,0.3,0.2,0.1,0.3,0.4,0.3,0.4,0.4,,,1079.2,951.8,13.6
1972-12-31,0.4,0.2,0.9,-0.1,0.5,0.4,-0.3,1.5,,,0.3,0.3,0.2,0.3,0.3,0.3,0.5,0.1,,,1086.6,959.2,13.7
1973-01-31,1.0,1.6,3.6,0.7,0.3,1.4,-0.3,-1.9,,,0.3,0.5,0.0,0.7,0.1,0.1,1.5,0.6,,,1085.6,957.1,12.4
1973-02-28,0.6,0.8,1.7,0.5,0.4,0.8,-0.6,0.6,,,0.5,0.7,0.3,0.9,0.4,0.3,1.4,1.0,,,1095.3,969.3,12.5
1973-03-31,0.1,-0.1,1.7,-0.9,0.3,0.6,-1.8,-0.9,,,0.7,1.0,0.1,1.4,0.4,0.4,2.5,0.4,,,1104.4,979.7,12.7
1973-04-30,-0.4,-0.9,-1.7,-0.4,0.1,-0.4,-0.6,-0.1,,,0.7,0.8,0.4,1.1,0.6,0.6,1.5,1.2,,,1114.7,988.3,13.2
1973-05-31,0.2,0.0,0.4,-0.2,0.4,0.2,-0.4,1.9,,,0.5,0.5,0.2,0.6,0.5,0.4,1.0,0.6,,,1125.1,995.0,13.2
1973-06-30,-0.2,-1.0,-4.0,0.4,0.5,-0.2,0.4,-2.0,,,0.6,0.6,0.1,0.8,0.5,0.4,0.9,1.5,,,1134.7,1003.7,13.6
1973-07-31,0.8,1.7,1.3,1.9,-0.1,0.3,3.7,0.6,,,0.4,0.2,0.2,0.2,0.5,0.4,0.1,0.1,,,1142.2,1009.8,13.2
1973-08-31,-1.2,-2.6,-1.3,-3.2,0.1,-0.5,-6.0,1.0,,,1.2,1.7,0.1,2.4,0.6,0.5,5.1,0.3,,,1152.0,1018.1,13.9
1973-09-30,1.5,2.3,3.8,1.6,0.7,1.4,1.1,2.5,,,0.4,0.1,0.1,0.1,0.7,0.5,0.0,0.0,,,1163.4,1027.4,13.1
1973-10-31,-0.7,-1.4,-3.3,-0.5,0.0,-0.7,-0.3,-1.5,,,0.6,0.6,0.0,0.8,0.5,0.4,0.4,3.1,,,1180.2,1042.3,14.4
1973-11-30,0.2,0.2,-0.5,0.5,0.1,0.2,-0.1,0.4,,,0.8,1.1,0.3,1.4,0.6,0.5,1.3,3.8,,,1192.6,1052.5,14.4
1973-12-31,-0.8,-1.2,-2.3,-0.7,-0.5,-0.6,1.0,-7.0,,,0.8,0.9,0.1,1.2,0.7,0.6,0.9,3.9,,,1199.2,1057.3,14.8
1974-01-31,-0.1,-0.2,-0.1,-0.3,0.1,0.2,-0.1,-3.4,,,1.0,1.3,0.4,1.7,0.6,0.5,1.5,5.3,,,1200.4,1059.6,14.3
1974-02-28,-0.6,-1.1,-1.9,-0.7,-0.1,-0.5,-0.8,-1.2,,,1.2,1.6,0.4,2.1,0.7,0.6,2.5,4.2,,,1207.1,1063.9,14.2
1974-03-31,0.2,0.0,2.2,-0.9,0.3,0.5,-1.3,-0.3,,,1.2,1.5,0.7,1.9,0.8,0.8,1.6,4.6,,,1213.1,1068.6,13.4
1974-04-30,0.3,0.1,-0.3,0.2,0.6,0.1,0.0,3.1,,,0.7,0.7,0.7,0.7,0.7,0.7,0.0,1.7,,,1220.9,1075.3,13.1
1974-05-31,0.3,0.3,1.2,-0.1,0.3,0.3,-0.1,1.5,,,1.0,1.1,1.1,1.1,0.9,1.0,0.6,1.9,,,1234.1,1084.8,12.8
1974-06-30,-0.2,-0.8,-2.4,-0.1,0.3,-0.6,0.9,1.6,,,0.8,0.9,1.5,0.6,0.8,1.0,0.1,0.6,,,1243.7,1091.8,12.8
1974-07-31,0.3,0.7,0.7,0.7,0.0,0.0,1.5,1.1,,,0.7,0.8,1.3,0.6,0.6,0.9,0.0,0.8,,,1257.8,1104.1,12.8
1974-08-31,0.7,1.3,4.7,-0.1,0.2,0.9,1.0,-1.7,,,1.0,1.3,0.9,1.4,0.8,1.0,1.8,0.4,,,1268.8,1114.1,12.1
1974-09-30,-1.0,-2.3,-5.6,-0.9,0.3,-1.1,-1.5,1.5,,,1.0,1.3,1.3,1.2,0.8,0.9,2.1,0.3,,,1280.7,1124.5,12.9
1974-10-31,-0.3,-1.2,-4.0,-0.1,0.6,-0.6,-0.4,3.8,,,0.7,0.8,1.3,0.6,0.6,0.8,1.0,-0.4,,,1294.0,1136.2,13.4
1974-11-30,-1.1,-2.0,-4.9,-0.9,-0.2,-1.0,0.2,-4.3,,,0.8,0.8,0.6,0.9,0.7,0.7,1.2,0.1,,,1296.0,1138.6,13.8
1974-12-31,-0.2,-1.3,-0.9,-1.4,0.8,-0.1,-2.8,4.2,,,0.8,0.8,0.6,0.9,0.8,0.7,1.3,0.6,,,1305.4,1147.8,14.0
1975-01-31,0.8,1.7,3.5,1.0,0.0,1.2,1.0,-3.9,,,0.6,0.4,0.1,0.5,0.9,0.6,0.5,1.3,,,1312.3,1154.2,13.2
1975-02-28,0.9,1.1,3.3,0.3,0.6,1.0,0.6,0.6,,,0.5,0.3,0.7,0.2,0.7,0.7,-0.2,0.4,,,1318.8,1161.1,12.5
1975-03-31,-0.2,-0.6,-3.7,0.7,0.1,-0.7,1.7,1.4,,,0.3,0.2,0.9,-0.1,0.5,0.5,-0.6,0.3,,,1324.2,1166.0,12.7
1975-04-30,0.1,-0.4,-0.1,-0.5,0.6,-0.2,-0.3,3.8,,,0.3,0.2,0.8,-0.1,0.5,0.5,-0.5,0.6,,,1330.3,1191.4,14.2
1975-05-31,2.0,3.8,4.6,3.5,0.4,2.3,2.9,-3.2,,,0.4,0.2,0.1,0.2,0.6,0.4,0.1,0.8,,,1343.8,1265.1,17.3
1975-06-30,0.1,0.0,1.1,-0.5,0.3,0.3,-0.4,-0.3,,,0.6,0.6,0.2,0.7,0.7,0.5,0.9,1.6,,,1375.8,1230.2,14.3
1975-07-31,0.4,0.8,3.1,-0.1,0.0,0.4,0.2,0.6,,,0.9,1.0,0.5,1.3,0.7,0.6,1.4,2.2,,,1372.3,1221.6,12.6
1975-08-31,0.3,0.3,-0.1,0.5,0.2,0.3,-0.2,1.2,,,0.4,0.5,0.4,0.5,0.4,0.3,0.6,0.9,,,1388.5,1235.1,13.0
1975-09-30,0.3,0.5,2.6,-0.3,0.0,0.5,0.0,-1.6,,,0.5,0.2,0.5,0.1,0.7,0.5,-0.1,1.2,,,1398.7,1244.2,13.0
1975-10-31,0.0,-1.2,-1.8,-0.9,1.1,0.3,-1.1,-0.6,,,0.6,0.6,0.5,0.6,0.6,0.5,0.9,0.9,,,1413.4,1256.7,13.4
1975-11-30,0.8,1.5,3.1,0.9,0.0,1.2,0.1,-2.6,,,0.6,0.4,0.5,0.4,0.9,0.7,0.5,0.6,,,1422.4,1263.8,12.7
1975-12-31,1.0,1.1,2.8,0.4,0.8,0.9,-0.4,4.0,,,0.6,0.5,0.8,0.3,0.6,0.6,0.4,0.3,,,1432.3,1272.0,12.0
1976-01-31,1.0,1.4,1.0,1.6,0.6,0.6,2.2,3.1,,,0.4,0.2,0.4,0.2,0.5,0.5,-0.1,-0.1,,,1447.2,1285.2,11.7
1976-02-29,-0.1,0.2,1.5,-0.5,-0.3,0.2,0.3,-4.2,,,0.1,-0.2,0.3,-0.4,0.5,0.4,-1.2,-0.1,,,1457.5,1294.9,12.3
1976-03-31,0.5,0.4,0.2,0.5,0.6,0.3,1.2,1.1,,,0.2,-0.2,0.0,-0.3,0.4,0.3,-0.6,-0.3,,,1463.6,1300.7,12.2
1976-04-30,0.7,1.3,1.3,1.3,0.2,0.6,0.9,1.5,,,0.2,0.1,0.6,-0.1,0.4,0.4,-0.3,-0.5,,,1472.5,1305.4,11.7
1976-05-31,-0.7,-1.6,-3.7,-0.7,0.1,-0.9,0.0,0.3,,,0.5,0.5,0.5,0.5,0.5,0.5,0.4,0.7,,,1481.2,1311.7,12.3
1976-06-30,1.1,2.1,3.3,1.5,0.3,1.2,1.3,0.5,,,0.4,0.3,0.2,0.4,0.5,0.4,0.3,1.1,,,1489.9,1318.7,11.4
1976-07-31,0.3,0.0,0.5,-0.3,0.6,0.5,-0.8,0.5,,,0.5,0.4,0.5,0.4,0.6,0.5,0.4,0.3,,,1506.7,1332.9,11.7
1976-08-31,0.2,0.0,-0.8,0.4,0.3,0.0,0.7,1.2,,,0.6,0.4,0.2,0.4,0.7,0.6,0.5,0.4,,,1519.3,1343.0,11.7
1976-09-30,0.4,0.3,0.6,0.1,0.5,0.4,-0.2,1.5,,,0.6,0.5,0.8,0.4,0.6,0.6,0.3,0.8,,,1529.2,1350.8,11.4
1976-10-31,0.2,0.2,-1.0,0.7,0.2,0.0,0.8,0.9,,,0.5,0.6,0.9,0.5,0.5,0.5,0.4,1.2,,,1536.7,1355.5,11.1
1976-11-30,0.6,0.2,1.2,-0.2,0.9,0.6,-0.7,3.0,,,0.5,0.3,0.2,0.4,0.6,0.5,0.1,1.2,,,1557.2,1374.0,11.4
1976-12-31,1.3,2.1,4.8,0.9,0.6,1.5,1.2,-0.3,,,0.6,0.4,0.3,0.4,0.7,0.5,0.3,1.2,,,1570.7,1386.9,10.6
1977-01-31,-0.3,-1.1,-3.1,-0.2,0.4,-0.7,1.3,1.0,,,0.6,0.6,0.7,0.5,0.6,0.6,0.3,0.9,,,1572.2,1392.2,10.6
1977-02-28,0.6,0.8,3.6,-0.4,0.4,1.4,-1.9,-2.9,,,0.8,0.9,0.0,1.3,0.7,0.6,1.7,0.9,,,1589.6,1390.7,9.3
1977-03-31,0.1,0.6,3.0,-0.5,-0.4,0.7,-1.1,-4.5,,,0.5,0.3,0.2,0.3,0.7,0.4,0.6,1.1,,,1604.7,1417.2,10.5
1977-04-30,0.1,0.2,-0.7,0.6,0.1,0.0,-0.2,2.1,,,0.6,0.5,0.1,0.6,0.7,0.5,1.3,0.2,,,1620.9,1427.7,10.5
1977-05-31,0.3,-0.1,-0.5,0.1,0.6,0.2,1.7,-1.4,,,0.5,0.5,0.3,0.6,0.5,0.5,0.6,0.4,,,1633.2,1435.2,10.3
1977-06-30,0.0,-0.2,0.6,-0.6,0.1,-0.2,-0.5,2.3,,,0.6,0.4,0.3,0.5,0.7,0.6,0.7,-0.1,,,1644.9,1449.2,10.6
1977-07-31,0.8,0.8,0.3,1.1,0.8,0.8,0.3,2.1,,,0.5,0.3,0.5,0.3,0.7,0.6,0.1,0.2,,,1662.6,1466.1,10.5
1977-08-31,-0.1,0.0,1.0,-0.5,-0.1,0.1,-1.1,0.0,,,0.5,0.3,0.3,0.3,0.6,0.5,0.3,0.5,,,1676.9,1478.9,10.9
1977-09-30,0.3,0.5,0.8,0.3,0.2,0.4,-0.1,0.2,,,0.4,0.1,0.2,0.1,0.6,0.4,0.1,0.4,,,1693.7,1492.6,11.1
1977-10-31,0.8,1.0,0.0,1.5,0.7,0.7,1.4,1.2,,,0.5,0.5,0.6,0.4,0.5,0.5,0.2,0.8,,,1716.3,1510.4,11.0
1977-11-30,0.6,1.2,1.4,1.1,0.1,0.8,1.9,-3.6,,,0.6,0.6,0.4,0.7,0.6,0.5,0.7,0.9,,,1739.8,1531.2,11.2
1977-12-31,0.2,-0.1,0.9,-0.6,0.5,0.3,-2.1,3.6,,,0.5,0.5,0.8,0.4,0.4,0.5,0.4,0.3,,,1756.0,1545.0,11.4
1978-01-31,-1.1,-2.7,-6.7,-0.8,0.4,-1.2,-0.4,-0.7,,,0.6,0.4,0.4,0.4,0.7,0.6,0.9,-0.1,,,1760.1,1547.4,11.9
1978-02-28,1.5,2.1,3.5,1.4,0.9,1.4,0.9,2.8,,,0.5,0.2,0.3,0.2,0.7,0.4,1.1,0.2,,,1776.2,1563.8,11.1
1978-03-31,1.0,1.3,2.6,0.7,0.7,1.4,0.0,-0.9,,,0.6,0.7,0.5,0.8,0.6,0.5,1.3,0.6,,,1797.9,1587.1,11.0
1978-04-30,0.6,0.7,3.8,-0.7,0.5,1.1,-1.7,-0.4,,,0.8,0.8,0.5,0.9,0.7,0.6,1.6,0.3,,,1821.9,1604.6,10.8
1978-05-31,0.4,0.8,1.0,0.7,0.1,0.4,-0.4,1.6,,,0.7,0.8,0.6,0.9,0.6,0.6,1.6,0.5,,,1837.0,1615.1,10.3
1978-06-30,0.3,0.1,-0.1,0.2,0.5,0.6,0.2,-2.0,,,0.7,0.7,0.6,0.8,0.6,0.6,1.4,0.2,,,1855.8,1625.7,10.0
1978-07-31,-0.5,-0.8,-1.8,-0.3,-0.2,-0.5,-0.6,-0.3,,,0.5,0.5,0.5,0.4,0.6,0.6,0.4,0.4,,,1876.2,1642.8,10.9
1978-08-31,0.9,1.1,2.5,0.5,0.7,1.0,0.7,0.3,,,0.5,0.4,0.6,0.3,0.6,0.5,0.2,0.8,,,1894.2,1658.1,10.5
1978-09-30,-0.2,-0.6,-4.4,1.2,0.3,-0.4,1.4,-0.4,,,0.6,0.5,0.5,0.5,0.7,0.6,0.4,0.9,,,1907.5,1668.0,10.6
1978-10-31,0.2,0.4,2.7,-0.7,0.0,0.4,-1.2,-0.1,,,0.8,0.7,0.7,0.7,0.9,0.7,0.7,1.6,,,1929.7,1685.8,10.7
1978-11-30,0.4,0.8,0.3,1.1,0.0,0.2,1.3,0.2,,,0.6,0.6,0.6,0.6,0.6,0.5,0.5,1.0,,,1944.0,1697.0,10.5
1978-12-31,0.6,0.8,0.4,1.0,0.4,0.6,0.7,0.7,,,0.5,0.5,0.5,0.5,0.4,0.4,0.5,1.3,,,1964.2,1713.4,10.4
1979-01-31,-0.4,-1.2,-2.0,-0.8,0.4,-0.5,-0.3,1.1,,,0.8,1.0,0.3,1.3,0.6,0.5,2.0,1.0,,,1985.6,1734.6,11.1
1979-02-28,0.5,0.4,0.7,0.2,0.6,0.3,-1.2,5.4,,,0.5,0.9,0.9,0.9,0.2,0.3,1.5,0.9,,,2004.1,1750.9,11.0
1979-03-31,0.1,0.1,0.0,0.1,0.1,0.7,0.3,-6.6,,,0.8,1.0,0.6,1.1,0.6,0.6,0.7,3.0,,,2025.9,1769.2,11.2
1979-04-30,-0.6,-1.6,-2.0,-1.4,0.3,-0.5,-1.6,0.9,,,1.0,1.0,0.8,1.1,1.1,0.9,0.5,3.2,,,2030.6,1773.1,11.0
1979-05-31,0.3,0.7,0.4,0.9,-0.1,0.4,1.4,-2.4,,,1.0,0.9,0.3,1.2,1.1,0.9,0.7,3.3,,,2044.6,1783.2,10.3
1979-06-30,0.3,0.1,-2.5,1.3,0.4,-0.1,3.1,-1.2,,,0.8,0.9,0.3,1.1,0.8,0.6,0.3,4.5,,,2060.4,1793.3,9.8
1979-07-31,-0.1,-0.1,2.6,-1.2,-0.1,0.6,-3.0,-2.0,,,0.8,0.9,0.4,1.1,0.6,0.5,0.5,3.8,,,2091.8,1820.1,10.6
1979-08-31,1.1,1.8,1.9,1.7,0.5,0.8,1.9,2.2,,,0.8,0.7,0.4,0.8,0.9,0.7,-0.3,3.6,,,2111.2,1836.7,9.7
1979-09-30,0.2,0.6,1.3,0.3,0.0,0.2,0.9,-0.4,,,0.9,0.9,0.5,1.1,0.8,0.7,0.7,3.1,,,2129.7,1851.4,9.4
1979-10-31,-0.3,-1.4,-3.6,-0.4,0.6,-0.3,-0.8,0.2,,,0.8,0.8,0.6,0.8,0.9,0.7,0.7,1.8,,,2147.1,1865.5,9.7
1979-11-30,0.3,0.2,-0.4,0.5,0.3,0.3,1.5,-1.7,,,0.7,0.8,0.7,0.8,0.6,0.6,0.7,1.2,,,2168.9,1883.8,9.7
1979-12-31,-0.3,-0.5,-0.3,-0.6,-0.1,-0.3,-0.7,0.0,,,0.8,0.9,0.7,1.0,0.8,0.7,0.8,2.0,,,2192.7,1903.8,10.1
1980-01-31,0.8,1.2,3.1,0.4,0.5,1.2,0.8,-2.9,,,1.0,1.4,1.0,1.6,0.7,0.8,0.5,4.5,,,2218.8,1937.3,9.9
1980-02-29,-0.8,-1.2,-4.0,0.0,-0.5,-1.4,0.4,2.4,,,1.1,1.1,1.2,1.0,1.1,1.0,-0.1,3.7,,,2232.6,1948.1,10.1
1980-03-31,-0.8,-2.0,-5.0,-0.8,0.2,-1.3,-0.1,2.4,,,1.2,1.5,1.0,1.7,1.0,0.9,1.0,4.0,,,2248.1,1959.7,10.3
1980-04-30,-1.3,-2.0,-5.7,-0.5,-0.7,-1.1,-0.5,-3.6,,,0.5,0.5,0.7,0.4,0.5,0.5,0.7,0.4,,,2257.2,1967.7,11.4
1980-05-31,-0.5,-0.9,-2.3,-0.3,-0.2,-0.4,0.0,-2.0,,,0.8,0.5,0.5,0.5,1.0,0.8,0.8,0.6,,,2267.7,1975.7,11.5
1980-06-30,0.5,0.3,2.4,-0.5,0.6,0.5,-0.7,2.0,,,0.6,0.5,0.7,0.4,0.7,0.7,0.7,0.3,,,2287.5,1992.4,11.3
1980-07-31,0.9,1.4,5.2,0.0,0.4,1.3,-0.7,-0.5,,,0.8,0.6,0.3,0.8,0.9,0.7,1.4,0.5,,,2322.4,2025.3,11.4
1980-08-31,0.1,-0.1,-2.1,0.7,0.3,0.1,0.3,-0.1,,,0.8,0.9,1.0,0.9,0.8,0.7,1.8,0.4,,,2346.7,2044.1,11.4
1980-09-30,0.0,-0.6,-0.2,-0.7,0.5,0.4,-1.2,-0.9,,,0.9,0.8,0.9,0.7,1.0,0.9,1.3,0.2,,,2378.6,2071.7,11.7
1980-10-31,1.2,1.8,4.6,0.8,0.8,1.5,0.1,0.8,,,0.8,0.5,0.2,0.7,1.0,0.8,0.8,0.6,,,2418.3,2104.5,11.3
1980-11-30,-0.3,-0.6,-0.5,-0.6,0.0,-0.2,-0.7,-0.6,,,0.8,0.7,0.7,0.7,0.9,0.8,1.2,0.5,,,2443.9,2124.7,11.6
1980-12-31,0.7,0.3,-0.7,0.7,1.0,0.6,0.1,2.5,,,0.6,0.6,0.3,0.7,0.7,0.6,0.6,1.1,,,2471.7,2148.2,11.4
1981-01-31,0.0,1.2,1.3,1.2,-1.0,-0.1,0.8,-0.4,,,1.0,0.8,0.5,0.9,1.1,0.9,0.1,3.0,,,2487.4,2160.1,10.9
1981-02-28,-0.3,0.2,2.6,-0.7,-0.6,0.4,-0.2,-6.0,,,1.0,1.2,0.5,1.5,0.9,0.7,0.3,4.6,,,2505.5,2175.0,10.8
1981-03-31,0.3,0.2,1.3,-0.3,0.4,0.3,-0.5,1.8,,,0.7,0.7,0.2,0.9,0.7,0.6,0.5,2.2,,,2531.0,2196.1,10.8
1981-04-30,-0.4,-0.9,-4.5,0.6,0.1,-0.5,1.1,-1.0,,,0.4,0.2,0.9,-0.1,0.6,0.6,-0.1,-0.5,,,2537.4,2199.2,10.8
1981-05-31,0.0,-0.5,-1.6,0.0,0.5,-0.5,0.5,3.6,,,0.4,0.2,0.8,-0.1,0.7,0.7,-0.2,-0.6,,,2556.4,2213.2,10.9
1981-06-30,0.7,0.7,0.2,0.9,0.7,0.4,0.0,4.3,,,0.4,0.2,0.5,0.1,0.6,0.5,0.2,-0.2,,,2580.7,2234.0,10.8
1981-07-31,-0.2,0.1,1.1,-0.4,-0.4,0.2,-0.3,-3.7,,,0.6,0.4,0.5,0.4,0.8,0.6,0.8,0.3,,,2635.3,2283.0,12.3
1981-08-31,0.6,1.7,5.8,0.1,-0.3,1.0,0.4,-1.8,,,0.6,0.4,0.4,0.4,0.8,0.7,0.5,0.5,,,2661.8,2303.9,12.0
1981-09-30,-0.7,-1.4,-4.4,-0.2,0.0,-0.8,-1.0,0.9,,,0.6,0.4,0.5,0.4,0.8,0.7,0.3,0.6,,,2674.0,2313.6,12.3
1981-10-31,-0.5,-1.4,-5.6,0.2,0.2,-1.0,1.5,0.8,,,0.5,0.2,0.5,0.1,0.6,0.6,-0.2,0.2,,,2675.8,2326.6,12.9
1981-11-30,-0.2,-0.2,-0.5,-0.1,-0.2,0.1,-0.2,-2.3,,,0.5,0.2,0.4,0.1,0.8,0.6,0.0,1.0,,,2693.3,2340.2,13.0
1981-12-31,0.6,0.5,-0.5,0.8,0.7,0.2,1.2,3.5,,,0.3,0.2,0.3,0.2,0.4,0.4,0.1,0.1,,,2699.9,2344.2,12.4
1982-01-31,-0.2,-0.1,1.6,-0.7,-0.3,-0.2,-0.9,0.8,,,0.6,0.3,0.4,0.2,0.8,0.6,0.6,0.4,,,2709.9,2361.2,12.6
1982-02-28,0.9,1.4,3.3,0.7,0.5,1.2,0.2,-0.6,,,0.3,0.2,0.2,0.2,0.4,0.4,0.6,-0.9,,,2729.5,2374.8,12.0
1982-03-31,-0.1,-0.4,-0.2,-0.5,0.1,-0.1,-0.2,-0.3,,,0.3,-0.1,0.1,-0.2,0.6,0.4,-0.3,-0.6,,,2734.7,2380.6,12.1
1982-04-30,0.1,-0.2,-1.9,0.5,0.3,-0.3,0.9,1.5,,,0.0,-0.4,0.3,-0.7,0.4,0.4,0.1,-3.0,,,2755.1,2405.5,12.8
1982-05-31,0.3,0.9,4.4,-0.4,-0.2,0.9,-0.3,-3.7,,,0.6,0.5,0.5,0.6,0.6,0.5,0.8,0.6,,,2771.4,2409.8,12.2
1982-06-30,-0.5,-1.9,-4.4,-0.9,0.5,-0.7,-0.7,1.0,,,0.7,0.9,0.3,1.2,0.6,0.5,0.7,2.9,,,2782.1,2414.1,12.2
1982-07-31,0.6,1.2,0.5,1.5,0.1,0.6,1.2,-0.6,,,0.6,0.4,0.2,0.4,0.8,0.6,0.1,0.9,,,2798.8,2450.6,12.5
1982-08-31,0.1,-0.3,0.6,-0.7,0.4,0.3,-0.3,-0.9,,,0.3,-0.2,-0.3,-0.2,0.7,0.5,-0.5,0.1,,,2813.0,2462.2,12.5
1982-09-30,0.9,1.6,4.5,0.4,0.4,1.0,0.7,0.5,,,0.3,0.0,0.1,0.0,0.5,0.4,-0.1,0.0,,,2819.6,2468.2,11.7
1982-10-31,0.4,-0.1,-2.6,0.9,0.9,0.3,1.4,-0.1,,,0.6,0.3,0.4,0.2,0.8,0.6,-0.1,0.9,,,2833.7,2479.6,11.2
1982-11-30,0.8,1.4,5.7,-0.3,0.4,1.0,-1.0,1.8,,,0.3,0.0,-0.2,0.0,0.5,0.4,-0.1,0.2,,,2853.2,2497.0,10.9
1982-12-31,0.4,0.9,0.9,0.8,0.1,0.7,1.8,-3.9,,,0.2,-0.1,0.1,-0.2,0.4,0.3,-0.2,-0.9,,,2872.4,2513.0,10.9
1983-01-31,0.1,-0.8,-1.4,-0.6,0.8,0.3,-1.8,1.5,,,0.5,0.2,0.5,0.0,0.7,0.7,-0.2,-0.6,,,2882.6,2533.5,11.1
1983-02-28,0.0,-0.3,-0.8,0.0,0.1,-0.1,1.1,-0.8,,,0.2,-0.1,0.3,-0.3,0.4,0.4,0.1,-1.7,,,2889.6,2538.9,11.2
1983-03-31,1.1,1.5,1.6,1.4,0.7,0.8,-0.2,5.7,,,0.1,0.1,0.2,0.1,0.1,0.1,0.8,-0.9,,,2907.3,2554.4,10.7
1983-04-30,0.6,0.7,3.6,-0.4,0.5,0.8,0.3,-0.8,,,0.5,0.6,0.1,0.8,0.4,0.3,0.3,2.1,,,2922.9,2571.6,10.3
1983-05-31,0.6,1.1,2.6,0.5,0.2,1.0,-0.4,-2.0,,,0.3,0.4,0.0,0.6,0.2,0.1,0.4,1.5,,,2946.1,2584.1,9.9
1983-06-30,1.0,1.7,3.1,1.1,0.4,0.9,1.0,1.6,,,0.4,0.2,0.2,0.2,0.5,0.5,-0.1,0.2,,,2961.2,2595.8,9.2
1983-07-31,0.7,0.7,1.4,0.4,0.6,0.6,0.8,1.4,,,0.6,0.3,0.3,0.3,0.7,0.7,0.0,0.3,,,2986.3,2643.2,9.7
1983-08-31,0.3,-0.2,-0.8,0.1,0.6,0.1,-0.2,2.7,,,0.4,0.1,0.1,0.1,0.7,0.5,0.0,0.2,,,2994.7,2649.4,9.2
1983-09-30,0.3,0.4,0.2,0.4,0.2,0.6,0.2,-2.6,,,0.4,0.0,0.3,0.0,0.6,0.4,0.3,-0.1,,,3025.6,2677.7,9.6
1983-10-31,0.8,1.4,3.5,0.4,0.4,1.1,-0.2,-0.6,,,0.2,0.1,0.1,0.0,0.3,0.2,0.2,0.1,,,3059.6,2706.0,9.7
1983-11-30,0.2,0.5,0.3,0.5,0.1,0.3,0.8,-0.9,,,0.1,0.0,0.4,-0.1,0.2,0.2,-0.1,-0.4,,,3088.1,2732.9,10.3
1983-12-31,1.1,1.5,3.9,0.4,0.8,0.6,-0.3,8.7,,,0.1,0.0,0.1,0.0,0.1,0.1,0.3,-0.4,,,3116.8,2758.5,10.1
1984-01-31,0.6,1.4,2.7,0.8,0.1,1.3,-0.6,-4.0,,,0.4,0.5,-0.1,0.8,0.4,0.3,1.3,0.2,,,3140.7,2782.7,9.9
1984-02-29,-1.3,-2.0,-2.4,-1.8,-0.8,-0.6,-0.6,-9.4,,,0.7,0.4,0.0,0.5,0.9,0.6,0.8,1.0,,,3179.4,2817.5,11.6
1984-03-31,0.8,0.5,-0.1,0.8,1.1,0.0,0.9,9.9,,,0.3,0.1,0.1,0.1,0.5,0.4,0.1,0.1,,,3208.7,2844.9,11.4
1984-04-30,0.7,1.4,1.7,1.3,0.1,0.8,0.7,-0.3,,,0.4,0.2,0.5,0.0,0.5,0.5,-0.2,0.3,,,3241.3,2875.0,11.4
1984-05-31,0.6,1.0,1.7,0.7,0.3,0.6,0.6,-0.1,,,0.1,-0.1,0.0,-0.2,0.3,0.2,-0.4,-0.1,,,3252.3,2882.7,11.0
1984-06-30,0.7,1.4,1.2,1.5,0.1,0.7,0.9,0.0,,,0.2,0.0,0.1,0.0,0.3,0.2,0.4,-0.8,,,3282.4,2906.9,11.0
1984-07-31,-0.4,-1.5,-1.3,-1.6,0.4,-0.2,-0.7,-1.6,,,0.4,0.1,0.0,0.1,0.6,0.4,0.2,-0.2,,,3301.4,2920.9,11.4
1984-08-31,0.4,-0.2,-0.7,0.0,0.9,0.4,-0.1,0.8,,,0.3,0.2,0.1,0.2,0.4,0.3,0.5,-0.3,,,3333.2,2949.8,11.7
1984-09-30,0.7,1.3,1.3,1.3,0.3,0.7,1.1,0.8,,,0.1,0.1,0.2,0.1,0.1,0.2,-0.3,0.6,,,3363.3,2974.9,11.7
1984-10-31,-0.3,-0.6,-0.5,-0.7,-0.1,-0.2,-0.6,-1.6,,,0.2,0.2,-0.1,0.3,0.3,0.2,0.1,0.5,,,3361.4,2970.8,11.6
1984-11-30,1.4,2.2,4.3,1.2,0.9,1.3,0.8,4.0,,,0.1,0.0,0.2,-0.1,0.2,0.2,-0.1,-0.2,,,3383.8,2988.0,10.7
1984-12-31,0.2,-0.2,0.6,-0.6,0.4,0.6,-0.7,-3.5,,,0.3,0.0,-0.1,0.1,0.5,0.4,0.1,-0.7,,,3416.4,3014.9,11.1
1985-01-31,0.9,0.7,1.4,0.3,1.1,0.5,0.7,5.9,,,0.5,0.2,0.1,0.3,0.7,0.6,0.3,0.2,,,3429.7,3029.1,10.2
1985-02-28,0.4,0.3,-0.7,0.7,0.5,0.5,0.0,-0.1,,,0.5,0.5,0.6,0.4,0.5,0.5,0.3,0.1,,,3448.3,3015.2,8.9
1985-03-31,-0.1,0.3,2.2,-0.6,-0.4,0.4,-0.4,-5.1,,,0.4,0.3,0.1,0.4,0.4,0.4,0.2,1.1,,,3476.5,3013.4,8.6
1985-04-30,0.3,0.0,-2.3,1.1,0.5,0.2,1.4,-0.4,,,0.1,0.2,0.2,0.2,0.1,0.1,-0.3,1.1,,,3475.1,3068.4,9.8
1985-05-31,1.1,1.8,5.4,0.1,0.7,1.3,0.0,1.5,,,0.2,-0.2,-0.3,-0.1,0.5,0.3,-0.3,-0.2,,,3490.9,3151.2,11.0
1985-06-30,-0.5,-1.8,-3.8,-0.7,0.4,-0.6,-0.1,-0.1,,,0.3,0.2,0.0,0.3,0.3,0.3,0.0,0.0,,,3512.8,3093.7,9.6
1985-07-31,0.7,1.0,1.9,0.6,0.5,0.8,0.2,0.3,,,0.2,0.0,-0.1,0.1,0.4,0.3,0.1,0.0,,,3526.6,3108.2,9.1
1985-08-31,1.0,1.8,3.6,0.9,0.5,1.1,0.7,1.0,,,0.3,0.0,0.1,-0.1,0.6,0.5,0.0,-0.9,,,3538.1,3116.6,8.1
1985-09-30,1.4,3.1,8.4,0.4,0.1,1.5,1.5,0.1,,,0.2,0.1,0.0,0.1,0.3,0.2,0.0,0.0,,,3560.4,3135.6,7.3
1985-10-31,-1.6,-3.8,-10.5,-0.2,0.1,-1.7,-0.8,-1.6,,,0.2,0.3,0.2,0.3,0.1,0.2,0.3,0.1,,,3583.4,3156.8,9.1
1985-11-30,0.3,0.6,0.3,0.7,0.0,0.2,0.8,0.0,,,0.3,0.3,0.1,0.5,0.3,0.2,0.5,0.5,,,3599.4,3171.3,9.0
1985-12-31,1.1,0.9,2.8,0.0,1.2,0.7,0.3,7.1,,,0.3,0.3,-0.1,0.5,0.4,0.3,0.7,0.6,,,3633.5,3201.4,8.6
1986-01-31,0.1,1.2,2.5,0.5,-0.7,0.7,0.4,-6.7,,,0.5,0.2,0.1,0.2,0.7,0.5,0.1,0.1,,,3647.9,3222.4,8.7
1986-02-28,-0.2,-1.0,-2.9,-0.1,0.3,-0.4,-0.1,1.3,,,0.0,-0.6,-0.1,-0.9,0.5,0.3,-0.2,-2.6,,,3665.9,3239.4,9.3
1986-03-31,0.3,0.7,-1.4,1.8,0.1,0.2,0.6,1.8,,,-0.2,-1.1,0.1,-1.7,0.4,0.3,0.0,-6.7,,,3692.4,3265.4,9.9
1986-04-30,0.6,1.2,5.1,-0.8,0.2,1.0,-1.2,-0.8,,,-0.2,-0.7,0.1,-1.2,0.2,0.2,0.2,-5.7,,,3697.0,3270.9,9.7
1986-05-31,0.6,1.2,2.2,0.7,0.2,0.6,0.4,1.0,,,0.2,0.3,0.4,0.2,0.1,0.2,0.3,0.2,,,3707.8,3279.6,9.3
1986-06-30,-0.2,-0.9,-2.9,0.1,0.3,-0.4,0.4,1.2,,,0.4,0.4,0.4,0.3,0.4,0.3,0.0,1.9,,,3722.7,3288.7,9.4
1986-07-31,0.7,1.0,2.8,0.1,0.4,0.7,-0.5,1.5,,,0.0,0.0,0.2,-0.2,0.1,0.2,0.9,-3.5,,,3741.3,3305.9,9.3
1986-08-31,0.5,1.2,4.2,-0.4,0.0,1.1,-1.8,-3.3,,,0.1,0.1,0.2,0.0,0.1,0.2,0.9,-2.3,,,3753.9,3313.9,8.9
1986-09-30,2.2,4.5,11.9,0.3,0.6,2.4,1.2,1.8,,,0.3,0.2,0.1,0.3,0.4,0.3,0.0,1.0,,,3769.6,3326.5,7.1
1986-10-31,-1.5,-3.6,-10.8,0.9,0.1,-1.9,0.7,0.5,,,0.2,-0.1,0.1,-0.2,0.4,0.3,0.2,-2.0,,,3777.3,3329.0,8.3
1986-11-30,-0.3,-1.6,-3.7,-0.5,0.6,-0.5,-0.4,2.1,,,0.2,0.2,0.3,0.1,0.2,0.2,0.3,-0.6,,,3790.1,3335.3,8.6
1986-12-31,2.2,4.4,11.2,0.7,0.7,2.7,0.3,-1.7,,,0.1,0.3,0.3,0.4,0.0,0.1,0.0,0.4,,,3808.6,3343.5,6.8
1987-01-31,-2.5,-6.4,-15.0,-1.3,0.3,-2.7,-1.0,-2.0,,,0.5,0.9,0.4,1.2,0.2,0.2,0.6,3.5,,,3820.2,3369.8,9.4
1987-02-28,1.9,3.6,6.7,2.0,0.8,2.1,0.7,0.9,2.0,2.2,0.4,0.7,0.1,0.9,0.1,0.2,0.3,2.6,0.4,0.3,3845.0,3397.6,8.2
1987-03-31,0.1,-0.3,0.2,-0.6,0.4,0.1,-0.4,1.5,0.1,0.1,0.3,0.3,0.3,0.3,0.3,0.3,0.0,0.2,0.3,0.4,3863.8,3409.5,8.1
1987-04-30,0.5,0.8,1.7,0.4,0.2,0.5,0.4,0.4,0.5,0.5,0.4,0.3,0.3,0.3,0.4,0.4,0.1,0.1,0.3,0.4,3875.4,3292.2,4.1
1987-05-31,0.1,-0.2,-1.0,0.2,0.3,-0.1,-0.8,3.5,0.1,-0.1,0.3,0.2,0.2,0.2,0.3,0.3,0.6,-0.7,0.3,0.3,3908.6,3434.3,7.8
1987-06-30,0.4,0.8,2.4,-0.1,0.2,0.6,0.0,-1.6,0.5,0.8,0.4,0.4,0.3,0.5,0.4,0.3,0.5,1.6,0.4,0.3,3919.7,3442.4,7.3
1987-07-31,0.5,0.5,1.3,0.1,0.5,0.6,0.1,-0.2,0.5,0.6,0.2,0.2,0.2,0.2,0.3,0.3,-0.3,0.9,0.2,0.3,3942.1,3459.9,7.1
1987-08-31,0.8,1.3,3.4,0.1,0.4,1.0,0.6,-1.4,0.8,1.0,0.4,0.4,0.2,0.5,0.4,0.3,0.2,1.5,0.4,0.3,3978.6,3488.5,6.8
1987-09-30,-0.5,-0.9,-2.1,-0.2,-0.2,-0.4,-0.5,-1.5,-0.5,-0.4,0.3,0.2,0.3,0.2,0.4,0.4,0.1,-0.2,0.4,0.4,3995.6,3501.0,7.2
1987-10-31,-0.1,-1.4,-3.9,0.0,0.9,-0.4,0.1,4.0,-0.1,-0.4,0.3,0.2,0.2,0.2,0.4,0.4,0.1,-0.8,0.3,0.4,4034.7,3535.7,7.9
1987-11-30,0.1,0.4,0.9,0.1,-0.1,0.4,0.1,-3.5,0.1,0.4,0.2,0.1,0.0,0.2,0.2,0.2,-0.1,0.5,0.2,0.2,4062.1,3557.7,8.2
1987-12-31,0.8,1.3,2.9,0.4,0.4,0.8,0.0,1.3,0.9,1.0,0.2,0.0,-0.2,0.0,0.3,0.2,0.4,-0.6,0.2,0.2,4115.7,3598.2,8.4
1988-01-31,0.9,0.8,2.5,-0.1,0.9,0.7,0.3,4.5,0.7,0.4,0.4,0.2,-0.2,0.4,0.5,0.5,0.4,-0.8,0.4,0.5,4128.2,3622.3,7.9
1988-02-29,0.1,0.1,-0.3,0.3,0.1,0.2,0.8,-3.0,0.0,0.1,0.1,-0.2,0.0,-0.3,0.4,0.2,-0.1,-0.2,0.2,0.2,4153.0,3650.9,8.4
1988-03-31,0.9,1.4,0.4,1.9,0.5,0.7,2.1,1.4,1.0,0.8,0.3,0.2,0.3,0.2,0.4,0.4,0.1,-0.4,0.4,0.5,4178.3,3680.1,8.0
1988-04-30,-0.4,-1.0,-1.1,-0.9,0.0,-0.3,-0.7,-0.9,-0.5,-0.4,0.5,0.5,0.2,0.7,0.5,0.5,0.5,0.5,0.5,0.5,4209.5,3712.1,8.7
1988-05-31,0.6,0.8,1.3,0.4,0.6,0.6,0.6,0.9,0.7,0.6,0.3,0.2,0.1,0.2,0.4,0.3,0.3,-0.4,0.3,0.3,4225.9,3729.1,8.3
1988-06-30,0.3,0.1,0.3,0.0,0.5,0.3,-0.5,2.5,0.4,0.3,0.4,0.3,0.3,0.3,0.5,0.4,0.4,0.5,0.4,0.4,4258.9,3759.7,8.4
1988-07-31,0.2,-0.4,-1.2,0.1,0.7,0.3,0.1,0.0,0.1,0.1,0.5,0.6,0.2,0.8,0.4,0.4,1.1,0.6,0.5,0.4,4298.8,3794.4,8.6
1988-08-31,0.5,0.2,-0.7,0.7,0.6,0.4,0.8,0.4,0.5,0.5,0.3,0.1,0.2,0.1,0.4,0.2,0.4,0.8,0.3,0.2,4323.0,3816.8,8.4
1988-09-30,-0.3,-0.3,-0.8,0.0,-0.3,0.0,-0.9,-3.7,-0.3,0.0,0.5,0.5,0.5,0.5,0.5,0.5,0.6,-0.3,0.5,0.5,4352.5,3843.1,8.8
1988-10-31,0.8,1.1,1.7,0.7,0.7,0.6,0.5,4.7,0.9,0.6,0.3,0.2,0.2,0.2,0.4,0.4,0.1,-0.1,0.4,0.4,4391.1,3876.5,8.6
1988-11-30,0.3,0.5,0.7,0.4,0.1,0.4,0.7,-2.6,0.3,0.5,0.2,0.1,0.1,0.1,0.3,0.3,0.0,0.0,0.2,0.3,4402.5,3886.6,8.4
1988-12-31,0.5,0.9,3.4,-0.4,0.3,0.8,-0.6,-0.5,0.5,0.7,0.3,0.3,0.1,0.3,0.4,0.3,0.4,-0.1,0.4,0.4,4438.6,3917.4,8.3
1989-01-31,0.2,0.4,-1.0,1.1,0.1,0.3,1.0,-3.8,0.1,0.2,0.5,0.6,0.5,0.6,0.5,0.5,0.5,0.7,0.5,0.5,4501.5,3953.4,8.5
1989-02-28,-0.2,-1.5,-3.1,-0.6,0.7,-0.9,-0.6,11.8,-0.2,-1.1,0.3,0.3,0.1,0.4,0.4,0.3,0.8,0.7,0.4,0.3,4529.6,3977.5,8.9
1989-03-31,-0.1,0.0,0.5,-0.2,-0.1,0.3,-0.2,-5.0,-0.1,0.4,0.4,0.3,-0.3,0.6,0.4,0.3,0.5,1.2,0.4,0.3,4570.2,4011.8,9.4
1989-04-30,0.6,1.3,3.6,0.1,0.1,0.9,-0.5,-1.5,0.5,0.8,0.7,1.1,0.2,1.6,0.4,0.3,0.7,5.5,0.7,0.3,4582.5,4017.4,8.3
1989-05-31,-0.1,-0.6,-2.6,0.4,0.2,-0.2,0.5,0.4,-0.1,-0.2,0.4,0.4,0.0,0.6,0.3,0.3,0.6,0.8,0.4,0.4,4579.4,4013.3,8.0
1989-06-30,0.2,0.4,0.8,0.2,0.1,0.3,-0.2,-1.2,0.2,0.3,0.2,0.1,0.1,0.0,0.3,0.3,0.3,-0.6,0.2,0.3,4602.2,4033.3,8.1
1989-07-31,0.3,0.3,1.0,-0.1,0.3,0.4,0.1,-0.7,0.3,0.4,0.2,0.1,0.1,0.1,0.3,0.3,0.4,-0.3,0.3,0.3,4628.5,4057.1,8.1
1989-08-31,1.0,2.1,4.3,0.9,0.2,0.9,0.3,2.5,1.0,1.0,0.0,-0.4,0.0,-0.6,0.3,0.1,0.1,-2.0,0.0,0.2,4639.1,4068.4,7.5
1989-09-30,-0.2,-0.9,-3.5,0.6,0.3,-0.4,1.1,0.2,-0.3,-0.5,0.2,0.1,0.1,0.1,0.3,0.3,0.0,-1.2,0.3,0.4,4662.3,4089.7,7.9
1989-10-31,-0.1,-0.8,-1.6,-0.4,0.4,0.0,-0.6,0.5,-0.1,-0.1,0.4,0.4,0.2,0.6,0.4,0.4,0.4,0.8,0.4,0.4,4703.0,4126.2,8.4
1989-11-30,0.0,0.0,-1.0,0.6,0.1,-0.1,0.6,0.6,0.1,0.0,0.2,0.1,0.2,0.0,0.3,0.3,0.3,-0.6,0.3,0.3,4718.1,4139.4,8.5
1989-12-31,0.8,1.0,0.5,1.2,0.7,0.3,0.9,8.9,0.9,0.2,0.3,0.1,-0.2,0.2,0.4,0.3,0.3,0.3,0.3,0.3,4735.7,4151.9,7.7
1990-01-31,0.5,1.9,8.8,-1.5,-0.4,2.0,-1.3,-15.8,0.5,2.1,0.8,1.3,0.3,1.9,0.4,0.4,1.4,5.2,0.8,0.4,4783.8,4208.4,7.9
1990-02-28,-0.5,-1.9,-6.1,0.4,0.5,-1.1,0.3,6.7,-0.6,-1.2,0.4,0.6,0.5,0.7,0.3,0.5,0.9,-1.0,0.5,0.5,4819.8,4236.3,8.5
1990-03-31,0.3,0.2,-0.3,0.4,0.5,0.3,1.3,-0.5,0.3,0.2,0.4,0.1,-0.1,0.2,0.6,0.5,0.0,-0.5,0.5,0.6,4842.7,4254.0,8.3
1990-04-30,0.2,-0.2,0.4,-0.5,0.4,0.1,0.3,0.8,0.2,0.1,0.2,0.0,0.0,0.0,0.4,0.3,-0.4,0.0,0.2,0.3,4883.8,4290.8,8.7
1990-05-31,-0.1,-0.7,-2.1,0.1,0.3,-0.1,0.1,0.1,-0.1,-0.2,0.2,0.0,0.0,0.0,0.4,0.3,0.1,-0.8,0.3,0.4,4889.5,4296.0,8.7
1990-06-30,0.3,0.4,0.1,0.5,0.3,0.3,0.5,-0.1,0.3,0.3,0.4,0.3,-0.3,0.6,0.5,0.4,0.8,0.5,0.4,0.4,4919.3,4321.9,8.6
1990-07-31,0.2,0.0,0.3,-0.1,0.3,0.3,-0.8,0.4,0.1,0.2,0.2,0.3,0.1,0.4,0.2,0.3,0.5,-0.2,0.4,0.4,4948.2,4348.3,8.7
1990-08-31,0.0,-0.4,-1.4,0.1,0.3,-0.2,0.2,2.3,0.0,-0.2,0.7,0.8,0.0,1.2,0.6,0.4,0.4,4.9,0.7,0.4,4949.9,4350.4,8.1
1990-09-30,0.0,0.0,1.1,-0.4,-0.1,0.0,1.0,-2.0,0.0,0.0,0.6,1.0,0.1,1.4,0.4,0.3,0.2,5.0,0.6,0.3,4978.6,4375.8,8.1
1990-10-31,-0.6,-1.3,-2.1,-0.9,-0.1,-0.4,-1.8,-1.1,-0.6,-0.4,0.6,0.9,0.3,1.1,0.4,0.3,0.3,4.2,0.6,0.4,4966.5,4365.5,7.9
1990-11-30,-0.1,0.3,-0.6,0.7,-0.3,-0.1,1.0,-1.8,-0.1,-0.1,0.1,0.0,-0.1,0.0,0.2,0.1,0.1,0.3,0.2,0.2,4973.5,4373.0,8.0
1990-12-31,-0.4,-1.1,-1.5,-0.9,0.1,-0.4,-0.7,1.2,-0.4,-0.5,0.1,0.1,-0.3,0.2,0.1,0.1,-0.2,-0.1,0.1,0.2,5004.1,4403.1,8.8
1991-01-31,-0.9,-1.8,-5.2,-0.2,-0.3,-1.0,-0.3,0.1,-1.1,-1.3,0.4,0.2,0.8,-0.1,0.5,0.5,1.1,-2.4,0.5,0.6,4990.4,4408.2,9.4
1991-02-28,0.6,1.1,2.6,0.4,0.3,1.0,-0.6,-2.9,0.5,0.9,0.1,-0.2,0.5,-0.6,0.2,0.3,0.5,-3.8,0.1,0.3,4997.1,4417.2,9.0
1991-03-31,1.2,2.7,6.1,1.2,0.2,1.0,1.9,2.5,1.2,1.0,0.0,-0.3,0.0,-0.4,0.2,0.2,0.0,-2.7,0.1,0.3,5005.8,4425.6,8.1
1991-04-30,-0.3,-1.8,-4.4,-0.5,0.6,-0.3,-1.2,1.1,-0.4,-0.4,0.2,0.3,0.2,0.3,0.1,0.2,0.5,-0.6,0.2,0.3,5034.3,4451.4,8.7
1991-05-31,0.3,0.3,-0.2,0.6,0.2,-0.2,1.2,4.6,0.4,-0.1,0.4,0.3,0.0,0.4,0.5,0.4,0.3,0.9,0.4,0.4,5055.9,4470.7,8.5
1991-06-30,0.0,-0.1,1.2,-0.7,0.1,0.3,-0.9,-2.2,0.0,0.3,0.2,0.0,-0.3,0.1,0.3,0.2,0.4,-1.0,0.2,0.2,5090.8,4501.2,9.0
1991-07-31,0.5,0.8,1.0,0.8,0.3,0.5,0.5,0.8,0.5,0.4,0.2,-0.1,0.6,-0.4,0.3,0.3,-0.7,-0.5,0.2,0.3,5087.0,4499.2,8.4
1991-08-31,-0.2,-0.4,-1.0,-0.2,0.0,0.0,0.2,-2.4,-0.2,-0.1,0.2,0.2,-0.2,0.3,0.3,0.3,-0.3,0.5,0.2,0.3,5108.4,4519.7,8.7
1991-09-30,0.0,0.0,1.4,-0.6,0.1,0.1,-0.5,1.0,0.0,0.0,0.3,0.2,0.2,0.2,0.4,0.4,-0.1,0.3,0.4,0.5,5141.5,4547.3,8.9
1991-10-31,-0.4,-1.1,-3.0,-0.2,0.0,-0.3,-0.4,-2.2,-0.4,-0.3,0.2,0.0,0.2,-0.1,0.3,0.2,0.0,0.1,0.2,0.3,5157.7,4562.2,9.4
1991-11-30,0.5,0.1,0.5,0.0,0.7,0.4,0.1,2.4,0.5,0.4,0.2,0.4,0.1,0.5,0.1,0.2,0.2,0.8,0.2,0.2,5177.0,4578.6,9.1
1991-12-31,0.2,0.1,1.2,-0.4,0.2,0.6,-1.7,-3.2,0.1,0.6,0.3,0.0,-0.5,0.2,0.4,0.2,0.0,0.7,0.3,0.2,5233.0,4630.9,9.8
1992-01-31,1.5,2.4,2.9,2.2,0.9,1.4,2.5,0.7,1.5,1.5,0.1,-0.1,0.2,-0.3,0.3,0.3,-0.1,-1.5,0.2,0.3,5264.8,4681.8,9.5
1992-02-29,0.1,0.1,1.0,-0.3,0.1,0.4,-1.1,-2.6,0.0,0.3,0.3,0.1,0.2,0.1,0.3,0.3,0.4,-0.3,0.3,0.3,5303.2,4713.9,9.8
1992-03-31,0.2,-1.0,-1.8,-0.7,0.9,-0.2,-0.8,7.6,0.1,-0.3,0.2,0.2,-0.1,0.3,0.3,0.2,0.3,0.0,0.3,0.3,5323.8,4729.5,9.7
1992-04-30,0.1,0.4,-0.5,0.8,-0.1,0.0,0.8,0.3,0.1,0.0,0.3,0.1,0.2,0.0,0.4,0.3,-0.1,0.1,0.3,0.3,5357.4,4755.6,9.8
1992-05-31,0.5,1.0,2.2,0.4,0.3,0.7,0.0,-1.5,0.4,0.6,0.1,0.2,0.2,0.1,0.1,0.1,-0.2,0.6,0.1,0.2,5392.4,4784.1,9.8
1992-06-30,0.3,0.4,2.0,-0.3,0.2,0.5,-0.6,-1.6,0.2,0.5,0.2,0.2,-0.2,0.5,0.1,0.1,0.4,1.3,0.2,0.1,5424.0,4812.6,10.0
1992-07-31,0.3,0.0,-0.9,0.4,0.6,0.2,0.8,1.1,0.3,0.2,0.3,0.2,0.1,0.2,0.4,0.4,-0.1,0.4,0.3,0.4,5437.1,4824.8,9.5
1992-08-31,0.2,0.5,0.8,0.3,0.1,0.4,-0.4,-1.7,0.3,0.5,0.1,0.2,0.1,0.2,0.1,0.1,0.7,-0.2,0.1,0.1,5465.1,4848.2,9.6
1992-09-30,0.7,0.6,1.1,0.4,0.7,0.5,-0.4,4.9,0.6,0.4,0.2,0.0,-0.1,0.1,0.3,0.2,0.2,0.1,0.2,0.2,5452.8,4833.4,8.6
1992-10-31,0.3,0.8,0.9,0.7,0.1,0.4,1.1,-2.5,0.3,0.5,0.4,0.1,0.2,0.1,0.5,0.4,-0.1,0.7,0.4,0.4,5444.9,4819.2,7.9
1992-11-30,0.2,-0.8,-1.8,-0.3,0.7,0.0,0.0,3.6,0.1,-0.2,0.2,0.1,0.2,0.1,0.3,0.2,-0.3,0.7,0.2,0.2,5467.4,4836.0,7.9
1992-12-31,0.7,1.6,3.9,0.5,0.1,0.9,-0.1,-2.1,0.6,0.9,0.2,0.0,-0.4,0.2,0.3,0.2,0.0,0.2,0.2,0.2,5676.8,5017.2,10.5
1993-01-31,-0.1,0.3,0.9,0.0,-0.4,0.2,-0.5,-5.2,-0.3,0.1,0.2,0.0,0.2,0.0,0.4,0.3,0.1,-0.2,0.3,0.3,5534.1,4919.8,8.5
1993-02-28,0.2,-0.8,-2.5,0.0,0.8,-0.5,0.9,9.9,0.3,-0.4,0.2,0.2,-0.1,0.3,0.1,0.2,0.3,-0.7,0.1,0.1,5568.0,4950.7,8.8
1993-03-31,-0.3,-0.3,-0.5,-0.2,-0.2,-0.2,-0.3,-1.7,-0.4,-0.3,0.2,-0.1,0.0,-0.1,0.4,0.2,0.0,0.4,0.2,0.2,5565.0,4945.5,8.8
1993-04-30,0.7,1.5,3.6,0.5,0.2,1.0,0.0,-2.9,0.7,1.0,0.3,0.2,0.5,0.0,0.3,0.3,0.2,0.0,0.2,0.3,5621.8,4984.4,8.7
1993-05-31,0.3,1.1,1.7,0.9,-0.1,0.4,0.2,-0.3,0.4,0.4,0.3,0.0,0.0,0.0,0.5,0.3,0.7,-0.9,0.3,0.3,5637.9,4992.6,8.2
1993-06-30,0.4,-0.4,-0.8,-0.3,0.8,0.3,-0.2,3.1,0.3,0.2,0.0,-0.2,0.2,-0.4,0.2,0.1,-0.2,-0.5,0.0,0.1,5632.9,4985.0,7.7
1993-07-31,0.5,1.0,1.7,0.7,0.2,0.5,0.6,-0.5,0.5,0.5,0.2,0.0,0.2,-0.1,0.2,0.2,0.0,-0.2,0.2,0.2,5660.1,5005.5,7.5
1993-08-31,0.1,-0.6,-1.4,-0.2,0.5,0.0,-0.5,2.5,0.0,-0.1,0.2,0.1,0.1,0.1,0.2,0.2,0.2,-0.1,0.2,0.2,5682.0,5021.3,7.6
1993-09-30,0.6,1.0,1.2,0.9,0.3,0.5,1.1,0.7,0.6,0.5,0.1,-0.2,0.3,-0.5,0.3,0.2,-0.1,-0.3,0.1,0.1,5675.1,5012.8,6.8
1993-10-31,0.2,0.3,1.2,-0.2,0.1,0.3,-0.3,-1.6,0.2,0.4,0.3,0.6,0.4,0.7,0.2,0.2,0.5,2.3,0.3,0.2,5669.1,5004.1,6.2
1993-11-30,0.3,0.6,0.8,0.5,0.1,0.4,0.3,-1.5,0.1,0.2,0.2,0.2,0.2,0.1,0.2,0.3,0.2,-1.0,0.2,0.2,5694.4,5027.4,6.2
1993-12-31,0.4,0.5,1.0,0.2,0.3,0.2,0.2,3.3,0.5,0.3,0.0,-0.1,-0.3,-0.1,0.1,0.0,0.2,-0.6,0.0,0.0,5893.8,5199.9,9.0
1994-01-31,0.3,0.3,0.1,0.4,0.3,0.3,-0.1,1.3,0.1,0.0,0.0,-0.1,0.1,-0.3,0.1,0.1,0.0,-0.7,0.0,0.1,5779.0,5103.9,7.0
1994-02-28,0.8,1.2,2.2,0.7,0.6,0.9,0.9,-1.4,0.8,1.0,0.2,0.1,0.2,0.0,0.3,0.2,-0.2,1.2,0.2,0.2,5798.0,5125.3,6.4
1994-03-31,0.0,0.2,-0.3,0.5,-0.1,0.2,0.5,-3.5,0.2,0.4,0.3,0.1,0.3,0.0,0.4,0.3,-0.1,0.0,0.3,0.3,5829.4,5156.2,6.7
1994-04-30,0.4,0.9,2.2,0.2,0.2,0.4,0.4,0.4,0.3,0.3,0.1,0.1,0.0,0.1,0.1,0.2,0.2,-0.5,0.1,0.2,5890.5,5162.3,6.3
1994-05-31,-0.2,-1.3,-3.3,-0.1,0.5,-0.3,-0.2,2.5,-0.2,-0.4,0.1,0.1,0.3,0.0,0.2,0.2,0.2,-1.2,0.1,0.2,5911.1,5229.4,7.5
1994-06-30,0.6,1.0,1.7,0.6,0.4,0.4,0.6,4.3,0.7,0.5,0.2,0.3,0.2,0.3,0.2,0.2,0.4,0.3,0.2,0.2,5917.5,5233.9,6.8
1994-07-31,-0.1,-0.1,-0.1,-0.1,-0.1,0.3,-0.9,-4.7,-0.1,0.3,0.3,0.5,0.4,0.5,0.2,0.2,0.5,1.7,0.3,0.2,5946.4,5254.9,6.9
1994-08-31,0.7,1.2,1.6,0.9,0.4,0.7,0.9,0.3,0.7,0.7,0.2,0.3,0.1,0.4,0.2,0.1,0.2,2.2,0.2,0.1,5968.7,5273.3,6.4
1994-09-30,0.1,0.1,0.3,-0.1,0.2,0.2,0.5,-1.7,0.2,0.3,0.1,0.0,0.0,0.0,0.2,0.2,0.1,-0.5,0.1,0.1,6001.5,5302.2,6.7
1994-10-31,0.6,1.3,2.5,0.7,0.2,0.7,0.2,0.6,0.6,0.6,0.2,-0.1,0.0,-0.1,0.3,0.2,-0.2,-0.2,0.1,0.2,6065.3,5361.6,7.0
1994-11-30,0.1,0.1,0.7,-0.3,0.1,0.2,0.0,-2.7,0.2,0.4,0.2,0.1,0.2,0.1,0.2,0.2,0.1,0.5,0.1,0.1,6075.4,5371.6,6.9
1994-12-31,0.3,0.3,-0.6,0.8,0.2,0.2,-0.2,2.1,0.3,0.2,0.1,0.0,-0.1,0.0,0.1,0.0,0.5,-0.1,0.1,0.0,6108.1,5399.4,7.0
1995-01-31,0.0,-0.2,-1.5,0.4,0.1,-0.1,0.8,-0.3,-0.1,-0.2,0.2,0.1,0.4,-0.1,0.3,0.2,-0.1,-0.1,0.3,0.4,6148.6,5427.5,7.3
1995-02-28,-0.2,-1.3,-1.7,-1.0,0.4,-0.3,-1.4,3.1,-0.3,-0.4,0.2,0.0,0.0,0.0,0.3,0.2,0.5,-0.1,0.2,0.1,6173.3,5447.9,7.7
1995-03-31,0.5,1.1,2.1,0.6,0.2,0.8,0.3,-4.0,0.5,0.8,0.2,0.0,0.2,-0.1,0.3,0.2,0.0,-0.4,0.2,0.2,6200.3,5473.0,7.4
1995-04-30,-0.2,-0.9,-2.3,-0.2,0.3,-0.3,-0.7,3.6,-0.1,-0.3,0.3,0.2,0.0,0.3,0.3,0.2,0.8,-0.1,0.3,0.2,6223.9,5446.7,6.8
1995-05-31,0.7,1.3,2.2,0.7,0.4,0.7,0.8,1.3,0.8,0.7,0.2,0.0,-0.3,0.1,0.3,0.2,-0.1,0.3,0.1,0.1,6238.3,5510.3,7.0
1995-06-30,0.8,1.4,3.1,0.5,0.5,0.9,0.0,0.1,0.7,0.8,0.1,-0.1,-0.2,0.0,0.2,0.1,0.1,0.3,0.1,0.1,6267.4,5532.1,6.5
1995-07-31,-0.3,-0.8,-1.8,-0.2,0.0,-0.4,-0.3,1.3,-0.1,-0.1,0.1,0.0,-0.1,0.1,0.2,0.2,0.1,-0.4,0.1,0.2,6296.3,5551.2,6.9
1995-08-31,0.5,0.5,2.2,-0.5,0.5,0.5,0.0,1.3,0.5,0.5,0.2,0.1,0.1,0.1,0.3,0.2,0.1,-0.1,0.2,0.2,6319.0,5566.7,6.6
1995-09-30,0.2,1.0,1.1,0.9,-0.2,0.5,0.1,-4.1,0.3,0.6,0.1,0.0,-0.2,0.0,0.1,0.1,0.2,-1.3,0.1,0.2,6347.7,5588.5,6.6
1995-10-31,-0.4,-1.3,-2.0,-0.9,0.1,-0.3,-0.2,-1.5,-0.5,-0.5,0.3,0.1,0.0,0.2,0.3,0.2,0.3,0.5,0.2,0.2,6373.5,5609.1,7.0
1995-11-30,0.8,1.5,2.2,1.1,0.5,0.7,0.3,4.6,0.9,0.7,0.0,-0.2,-0.2,-0.2,0.1,0.1,-0.1,-1.0,0.0,0.0,6394.0,5624.0,6.4
1995-12-31,0.6,1.3,2.5,0.7,0.3,0.7,1.1,-0.6,0.8,0.8,0.2,0.2,0.2,0.2,0.2,0.1,0.2,1.1,0.2,0.1,6417.8,5642.2,6.0
1996-01-31,-0.5,-1.7,-3.4,-0.7,0.2,-0.5,-0.3,0.8,-0.6,-0.8,0.2,0.4,0.1,0.6,0.1,0.1,0.3,2.0,0.2,0.1,6453.9,5662.1,6.5
1996-02-29,0.8,1.3,2.8,0.5,0.4,0.8,-0.2,1.2,0.7,0.7,0.2,0.1,-0.1,0.2,0.2,0.1,0.4,0.2,0.2,0.1,6517.8,5714.6,6.6
1996-03-31,0.5,0.7,1.0,0.6,0.3,0.5,0.2,1.1,0.6,0.6,0.3,0.4,0.1,0.6,0.2,0.2,0.5,1.2,0.3,0.2,6560.4,5750.2,6.4
1996-04-30,0.4,0.9,1.7,0.5,0.1,0.5,0.4,-1.8,0.4,0.5,0.3,0.3,-0.4,0.6,0.3,0.1,0.4,2.9,0.3,0.1,6597.3,5732.6,5.5
1996-05-31,0.1,0.2,0.5,0.0,0.1,0.1,-0.1,0.5,0.2,0.3,0.2,-0.1,-0.4,0.1,0.3,0.2,0.0,0.5,0.2,0.2,6637.3,5815.0,6.5
1996-06-30,0.1,0.0,-1.5,0.8,0.2,0.1,0.1,-0.2,0.0,0.0,0.0,-0.3,-0.1,-0.4,0.2,0.1,0.6,-2.3,0.0,0.1,6681.3,5849.6,6.9
1996-07-31,0.2,0.2,0.5,0.0,0.2,0.4,-0.1,-2.8,0.0,0.2,0.2,0.1,0.0,0.1,0.3,0.2,0.4,0.3,0.2,0.1,6681.6,5846.0,6.5
1996-08-31,0.3,0.7,1.3,0.3,0.2,0.3,-0.2,2.3,0.4,0.4,0.1,-0.1,0.0,-0.2,0.2,0.1,0.4,-0.2,0.0,0.0,6709.4,5865.9,6.4
1996-09-30,0.1,0.0,0.3,-0.1,0.2,0.3,-0.1,-3.0,0.1,0.3,0.3,0.2,0.0,0.4,0.3,0.3,0.2,0.0,0.3,0.3,6747.4,5895.9,6.4
1996-10-31,0.3,0.7,0.8,0.7,0.0,0.2,0.3,2.6,0.6,0.5,0.3,0.3,0.0,0.4,0.3,0.2,0.5,1.1,0.3,0.2,6768.8,5912.8,6.1
1996-11-30,0.2,0.2,0.8,-0.1,0.3,0.2,0.1,0.8,0.3,0.3,0.2,0.1,-0.3,0.3,0.2,0.1,0.1,1.0,0.1,0.1,6802.4,5939.0,6.2
1996-12-31,0.4,0.2,-0.1,0.4,0.5,0.5,0.3,-1.5,0.4,0.5,0.1,0.0,-0.5,0.3,0.2,0.0,0.0,1.6,0.1,0.0,6836.6,5965.5,6.1
1997-01-31,0.5,0.6,2.3,-0.3,0.4,0.5,0.3,0.7,0.4,0.3,0.1,0.1,0.0,0.1,0.2,0.1,-0.1,1.0,0.2,0.1,6884.8,5989.6,5.9
1997-02-28,0.2,0.4,-0.3,0.8,0.1,0.3,0.0,-0.2,0.2,0.2,0.2,0.1,0.1,0.1,0.3,0.2,0.4,0.0,0.2,0.1,6920.9,6018.1,6.0
1997-03-31,0.3,0.9,1.3,0.6,-0.1,0.4,0.6,-1.8,0.3,0.4,0.1,-0.2,0.0,-0.3,0.3,0.2,-0.2,-1.6,0.1,0.3,6960.8,6052.4,6.1
1997-04-30,0.0,-1.0,-1.2,-0.9,0.6,-0.2,-0.6,4.1,-0.1,-0.3,0.1,-0.2,-0.8,0.2,0.3,0.2,0.1,-1.5,0.1,0.2,6972.8,6062.3,6.2
1997-05-31,0.1,-0.4,-0.8,-0.1,0.3,0.2,-0.6,-1.5,0.0,0.2,0.0,-0.3,-0.3,-0.3,0.1,0.1,0.1,-2.3,-0.1,0.0,7001.3,6085.8,6.5
1997-06-30,0.5,1.3,1.9,1.0,0.0,0.6,0.1,-1.0,0.5,0.7,0.1,-0.3,-0.2,-0.3,0.4,0.1,0.1,-0.2,0.1,0.2,7035.8,6113.1,6.3
1997-07-31,0.9,1.3,2.2,0.8,0.7,0.9,0.8,2.2,1.0,0.9,0.1,-0.1,-0.2,0.0,0.1,0.1,0.1,-0.2,0.0,0.0,7071.7,6140.2,5.8
1997-08-31,0.6,1.1,2.6,0.2,0.3,0.9,-0.2,-2.2,0.6,0.8,0.1,0.1,-0.3,0.3,0.1,0.0,0.2,2.0,0.1,0.0,7119.4,6177.3,5.7
1997-09-30,0.0,-0.5,-1.6,0.2,0.3,-0.1,0.2,1.3,0.0,-0.1,0.2,0.1,-0.1,0.3,0.3,0.2,0.1,1.2,0.2,0.2,7158.1,6208.4,5.9
1997-10-31,0.5,0.3,0.7,0.1,0.6,0.4,0.0,4.0,0.5,0.4,0.1,0.0,0.0,0.0,0.2,0.2,0.1,-0.1,0.0,0.1,7205.1,6247.1,5.9
1997-11-30,0.4,1.5,2.7,0.8,-0.2,0.6,0.3,-3.1,0.3,0.6,0.0,-0.3,-0.4,-0.2,0.2,0.0,0.1,-0.6,0.0,0.0,7257.0,6288.0,6.1
1997-12-31,0.6,0.1,0.9,-0.3,0.8,0.6,-0.7,2.4,0.5,0.6,0.0,-0.2,-0.2,-0.1,0.1,0.1,0.0,-1.4,0.0,0.1,7300.0,6323.4,6.1
1998-01-31,-0.1,-0.3,-1.6,0.4,0.0,0.2,0.0,-4.9,-0.1,0.1,0.0,-0.2,-0.2,-0.2,0.2,0.2,0.4,-2.5,0.0,0.1,7368.9,6382.2,7.0
1998-02-28,0.6,0.5,1.2,0.2,0.7,0.5,0.4,3.4,0.6,0.5,-0.1,-0.4,-0.3,-0.4,0.1,0.1,-0.2,-2.4,0.0,0.1,7416.5,6420.1,7.0
1998-03-31,0.4,0.4,0.3,0.4,0.5,0.4,0.3,2.2,0.3,0.2,0.0,-0.4,-0.1,-0.6,0.3,0.1,0.2,-1.9,0.0,0.1,7464.0,6458.7,7.1
1998-04-30,0.5,1.3,2.3,0.7,0.1,0.7,0.2,-2.1,0.6,0.8,0.1,0.0,0.0,0.0,0.2,0.2,0.1,-1.0,0.1,0.1,7501.7,6487.7,6.9
1998-05-31,0.7,1.2,3.4,-0.1,0.5,0.7,0.3,2.6,0.7,0.7,0.1,0.0,-0.7,0.4,0.2,0.1,0.1,0.9,0.1,0.1,7547.0,6523.5,6.6
1998-06-30,0.7,0.3,-0.5,0.8,0.9,0.6,0.6,2.2,0.6,0.5,-0.1,-0.1,-0.4,0.0,-0.1,-0.1,0.1,0.4,-0.1,-0.1,7584.4,6554.9,6.5
1998-07-31,0.1,0.0,-0.3,0.2,0.1,0.2,0.2,-2.0,-0.1,0.0,0.2,0.2,0.1,0.2,0.3,0.3,0.1,-0.2,0.3,0.3,7616.9,6582.3,6.6
1998-08-31,0.5,0.7,2.4,-0.2,0.3,0.5,-0.1,0.4,0.5,0.5,0.1,0.0,-0.3,0.2,0.2,0.2,0.3,-1.3,0.1,0.2,7656.2,6612.2,6.5
1998-09-30,0.7,1.2,2.3,0.5,0.5,0.8,0.6,0.3,0.8,0.8,-0.1,-0.2,-0.3,-0.2,0.0,0.0,-0.1,-0.8,-0.1,0.0,7678.1,6627.0,6.1
1998-10-31,0.3,1.1,2.5,0.3,-0.1,0.6,-0.2,-3.3,0.3,0.6,0.2,0.1,-0.1,0.2,0.3,0.2,0.5,0.2,0.2,0.2,7708.8,6650.0,5.9
1998-11-30,0.3,0.5,0.1,0.8,0.1,0.3,0.4,-1.4,0.3,0.3,0.0,-0.2,-0.2,-0.1,0.1,0.0,0.1,-0.5,0.0,0.0,7745.7,6676.8,6.0
1998-12-31,0.8,1.5,2.9,0.6,0.4,0.7,1.0,2.0,0.9,0.9,0.1,0.0,-0.4,0.3,0.1,0.2,0.0,-1.2,0.1,0.2,7771.8,6695.6,5.5
1999-01-31,-0.1,-1.0,-3.4,0.6,0.4,-0.2,-0.1,1.4,-0.1,-0.2,0.1,0.2,-0.1,0.4,0.1,0.1,0.4,-0.4,0.2,0.2,7813.1,6742.4,6.1
1999-02-28,0.5,1.3,2.3,0.7,0.0,0.6,0.5,-2.4,0.5,0.7,-0.1,-0.3,-0.4,-0.3,0.1,0.0,0.1,-0.7,0.0,0.0,7840.9,6761.5,6.0
1999-03-31,0.5,0.5,0.8,0.4,0.5,0.4,0.3,2.9,0.4,0.3,0.1,-0.1,-0.4,0.0,0.2,0.0,-0.1,1.5,0.1,0.0,7855.9,6772.2,5.6
1999-04-30,0.6,0.7,1.6,0.1,0.6,0.6,0.6,0.4,0.5,0.5,0.5,1.1,0.1,1.6,0.2,0.3,0.2,5.8,0.5,0.2,7871.1,6782.6,4.7
1999-05-31,0.5,1.1,1.9,0.6,0.1,0.5,0.3,0.1,0.5,0.5,0.1,-0.2,-0.3,-0.1,0.2,0.1,0.2,-0.8,0.0,0.1,7894.2,6798.7,4.4
1999-06-30,0.4,0.6,1.7,-0.1,0.3,0.4,-0.3,2.0,0.4,0.4,0.0,-0.1,-0.2,0.1,0.1,0.1,0.0,-0.4,0.0,0.0,7925.1,6823.7,4.3
1999-07-31,0.2,-0.3,-0.2,-0.4,0.5,0.1,0.4,1.1,0.2,0.1,0.3,0.3,-0.1,0.5,0.2,0.2,0.1,2.3,0.2,0.1,7965.8,6854.6,4.4
1999-08-31,0.5,0.8,0.9,0.8,0.3,0.7,0.5,-2.0,0.5,0.7,0.2,0.2,-0.2,0.4,0.2,0.0,0.1,2.9,0.1,0.0,8016.9,6895.9,4.3
1999-09-30,0.5,0.6,0.7,0.6,0.4,0.5,0.8,-0.7,0.5,0.5,0.4,0.4,-0.1,0.8,0.3,0.3,0.3,2.3,0.3,0.2,8041.2,6911.6,3.7
1999-10-31,0.2,-0.2,-0.8,0.1,0.5,0.3,-0.7,0.9,0.2,0.2,0.2,0.0,-0.2,0.1,0.3,0.2,0.1,0.3,0.1,0.1,8102.4,6961.1,4.0
1999-11-30,0.5,0.5,0.6,0.5,0.5,0.8,0.5,-5.1,0.4,0.7,0.1,-0.2,-0.2,-0.1,0.2,0.1,0.3,-0.4,0.1,0.1,8165.3,7012.5,4.1
1999-12-31,1.2,2.7,2.5,2.8,0.4,0.8,3.8,4.4,1.3,0.9,0.2,0.3,-0.3,0.7,0.2,0.1,0.1,2.5,0.2,0.1,8251.2,7083.4,3.7
2000-01-31,-0.2,-1.6,2.2,-3.8,0.5,0.3,-4.8,-2.3,-0.5,0.1,0.3,0.1,0.0,0.2,0.4,0.2,0.1,1.2,0.3,0.3,8348.0,7149.3,4.5
2000-02-29,0.9,1.5,2.7,0.8,0.6,1.0,1.2,-0.9,0.9,1.0,0.3,0.3,-0.3,0.7,0.3,0.1,0.3,3.6,0.3,0.1,8408.8,7199.7,4.0
2000-03-31,0.5,0.6,-1.0,1.5,0.5,0.6,1.3,-2.5,0.5,0.6,0.4,0.9,0.2,1.3,0.2,0.2,0.3,5.1,0.4,0.2,8468.3,7249.8,3.8
2000-04-30,0.0,-0.6,-2.3,0.4,0.3,-0.2,0.1,3.8,0.0,-0.2,-0.1,-0.3,-0.2,-0.4,0.0,0.1,0.1,-3.1,-0.1,0.0,8506.8,7280.3,4.3
2000-05-31,0.4,0.5,0.7,0.4,0.3,0.3,-0.4,2.7,0.4,0.3,0.1,-0.1,0.0,-0.2,0.2,0.1,0.5,-1.1,0.0,0.1,8544.5,7316.5,4.3
2000-06-30,0.2,-0.3,-0.7,-0.1,0.5,0.1,1.1,0.1,0.2,0.1,0.3,0.5,-0.3,0.9,0.3,0.1,0.1,5.8,0.3,0.0,8597.8,7361.9,4.3
2000-07-31,0.1,0.0,0.1,-0.1,0.1,0.2,-0.5,-1.6,0.0,0.1,0.3,0.1,-0.2,0.3,0.3,0.2,0.5,0.2,0.3,0.3,8665.3,7419.9,4.7
2000-08-31,0.5,0.9,1.4,0.6,0.3,0.5,-0.1,2.1,0.5,0.5,0.0,-0.5,-0.4,-0.5,0.3,0.1,0.3,-2.9,0.0,0.1,8712.2,7465.6,4.8
2000-09-30,0.8,1.4,2.6,0.8,0.5,0.9,0.4,-0.2,0.9,1.0,0.4,0.7,0.1,1.0,0.3,0.2,0.0,4.6,0.4,0.2,8757.7,7506.6,4.1
2000-10-31,-0.1,-0.3,-1.0,0.0,0.1,0.0,0.7,-1.6,-0.1,-0.1,0.1,-0.2,-0.2,-0.3,0.3,0.1,0.0,0.2,0.2,0.2,8792.1,7538.4,4.3
2000-11-30,0.1,-0.4,-0.8,-0.2,0.4,0.0,-0.1,1.6,0.1,0.0,0.1,0.1,0.0,0.2,0.2,0.2,0.1,-0.4,0.1,0.2,8809.9,7552.2,4.3
2000-12-31,0.5,0.7,0.1,1.0,0.3,0.1,0.4,7.1,0.7,0.3,0.2,0.0,-0.1,0.0,0.3,0.1,0.6,0.5,0.1,0.0,8844.0,7579.4,4.1
2001-01-31,0.0,-0.2,0.4,-0.6,0.2,0.4,0.1,-6.3,-0.1,0.3,0.5,0.1,-0.1,0.2,0.7,0.4,0.1,3.1,0.4,0.3,8940.9,7651.7,4.5
2001-02-28,0.0,0.6,2.8,-0.6,-0.3,0.1,-0.8,-0.2,0.2,0.3,0.2,0.0,-0.3,0.2,0.3,0.2,0.6,-0.9,0.1,0.2,8975.8,7672.4,4.6
2001-03-31,-0.1,-0.8,-1.2,-0.6,0.3,-0.1,-0.4,1.4,-0.2,-0.2,0.0,-0.3,-0.3,-0.3,0.2,0.1,0.2,-1.9,0.0,0.1,9009.4,7696.3,4.9
2001-04-30,-0.1,0.0,-1.7,1.1,-0.1,0.0,1.2,-3.7,-0.1,0.0,0.2,0.2,-0.1,0.3,0.2,0.2,0.1,0.6,0.2,0.2,9008.9,7693.8,4.8
2001-05-31,0.4,0.8,1.2,0.6,0.2,0.5,0.4,-0.2,0.4,0.5,0.3,0.3,-0.4,0.8,0.2,0.0,0.2,4.8,0.3,0.0,9011.1,7700.2,4.3
2001-06-30,0.1,0.0,1.9,-1.0,0.1,0.3,-0.6,-2.3,0.1,0.3,0.2,0.0,0.0,0.0,0.3,0.2,0.4,-1.0,0.2,0.2,9017.1,7716.5,4.2
2001-07-31,0.2,0.3,-1.0,1.1,0.1,0.0,-0.2,4.0,0.2,0.0,0.0,-0.5,0.1,-0.8,0.2,0.3,0.3,-5.8,-0.1,0.2,9014.6,7829.0,5.4
2001-08-31,0.6,1.0,2.4,0.3,0.3,0.8,0.1,-2.1,0.6,0.8,0.0,-0.4,-0.5,-0.4,0.2,0.0,0.3,-1.7,0.0,0.1,9001.4,7958.2,6.5
2001-09-30,-1.3,-1.8,-3.2,-1.0,-1.0,-1.5,0.5,0.6,-1.2,-1.5,-0.3,0.4,-0.9,1.1,-0.7,-0.6,0.0,3.5,0.3,0.1,8975.3,7863.3,6.9
2001-10-31,2.6,5.9,14.0,1.2,0.8,2.9,-0.3,1.6,2.7,3.1,0.4,-0.6,0.4,-1.2,0.9,0.7,0.4,-6.3,-0.2,0.1,8987.3,7751.2,2.9
2001-11-30,-0.4,-1.2,-3.5,0.2,0.2,-0.2,-0.1,-3.5,-0.6,-0.5,-0.1,-0.6,-0.2,-0.9,0.3,0.2,-0.1,-5.6,-0.1,0.2,8985.1,7755.0,3.4
2001-12-31,-0.1,-1.4,-4.0,0.3,0.6,-0.3,0.9,1.5,-0.2,-0.4,-0.1,-0.5,-0.1,-0.8,0.1,0.0,-0.2,-2.8,-0.1,0.0,8990.7,7761.5,3.7
2002-01-31,0.2,0.8,1.9,0.1,-0.2,0.4,-1.0,-3.3,0.3,0.6,0.1,0.0,-0.3,0.2,0.1,0.1,0.4,0.1,0.1,0.0,9015.6,7931.2,5.6
2002-02-28,0.4,0.8,1.9,0.1,0.2,0.4,0.1,2.0,0.5,0.4,0.2,0.0,-0.6,0.3,0.3,0.2,0.3,-0.6,0.1,0.1,9031.9,7957.1,5.4
2002-03-31,0.0,-0.3,-0.7,0.0,0.1,-0.2,0.3,2.8,0.0,-0.1,0.3,0.3,-0.1,0.6,0.2,0.1,0.1,4.0,0.2,0.1,9050.7,7984.4,5.5
2002-04-30,0.5,0.9,2.8,-0.3,0.4,0.7,-0.7,-0.3,0.5,0.7,0.4,0.7,-0.1,1.2,0.3,0.3,0.3,3.6,0.4,0.2,9099.9,8044.6,5.4
2002-05-31,-0.4,-1.4,-3.8,0.1,0.2,-0.7,1.0,3.1,-0.4,-0.7,0.1,-0.3,-0.1,-0.4,0.2,0.1,-0.6,0.4,0.0,0.1,9131.0,8082.0,6.1
2002-06-30,0.3,0.9,0.8,0.9,0.0,0.4,0.2,-0.6,0.5,0.5,0.1,-0.1,-0.3,0.1,0.2,0.2,-0.1,-0.2,0.1,0.1,9164.8,8116.2,6.1
2002-07-31,0.7,1.2,3.6,-0.2,0.4,0.7,0.3,1.2,0.7,0.7,0.2,0.1,-0.1,0.2,0.3,0.2,0.1,0.7,0.2,0.2,9157.5,8113.3,5.3
2002-08-31,0.1,0.5,2.0,-0.3,-0.1,0.2,-0.4,-0.8,0.1,0.3,0.2,0.1,-0.2,0.3,0.3,0.2,0.0,0.6,0.2,0.2,9175.3,8130.8,5.2
2002-09-30,-0.5,-1.3,-3.4,0.0,0.0,-0.5,-0.3,-0.1,-0.5,-0.6,0.2,0.0,-0.1,0.0,0.3,0.2,0.2,0.5,0.2,0.2,9197.1,8153.5,5.8
2002-10-31,0.4,0.1,-1.3,0.9,0.6,0.3,0.7,2.4,0.3,0.1,0.2,0.1,-0.2,0.2,0.2,0.1,-0.1,2.6,0.2,0.1,9229.6,8190.0,5.6
2002-11-30,0.3,0.8,1.3,0.6,0.0,0.3,0.8,-1.2,0.3,0.3,0.1,-0.1,-0.4,0.0,0.2,0.1,0.3,-0.1,0.1,0.1,9258.8,8220.6,5.6
2002-12-31,0.7,1.4,3.6,0.1,0.2,0.8,0.0,-0.8,0.6,0.8,0.1,-0.2,-0.4,-0.1,0.3,0.1,0.0,0.3,0.1,0.1,9288.3,8250.8,5.3
2003-01-31,0.0,-0.6,-2.1,0.3,0.3,-0.1,0.5,1.2,-0.1,-0.3,0.3,0.4,-0.6,1.0,0.2,0.1,0.1,5.3,0.3,0.1,9290.1,8268.0,5.3
2003-02-28,-0.3,-0.8,-2.4,0.1,-0.1,-0.3,0.0,-1.2,-0.3,-0.3,0.4,0.6,-0.3,1.1,0.4,0.1,0.4,5.7,0.4,0.1,9296.2,8274.7,5.2
2003-03-31,0.6,1.5,3.2,0.5,0.1,0.8,0.0,-2.7,0.6,0.9,0.3,-0.1,-0.2,-0.1,0.5,0.2,0.2,2.0,0.2,0.1,9333.8,8313.4,4.9
2003-04-30,0.5,0.9,2.2,0.1,0.3,0.3,0.2,4.5,0.6,0.4,-0.2,-0.8,-0.3,-1.1,0.2,0.1,0.0,-5.4,-0.2,0.1,9356.4,8342.9,5.0
2003-05-31,0.3,0.2,0.8,-0.2,0.4,0.5,-0.8,-2.0,0.3,0.5,-0.1,-1.0,-0.6,-1.2,0.4,0.1,0.2,-5.4,-0.2,0.1,9414.4,8394.8,5.3
2003-06-30,0.5,1.3,1.2,1.4,0.1,0.7,0.6,-2.6,0.5,0.7,0.1,0.1,-0.4,0.3,0.1,0.1,0.6,0.2,0.1,0.0,9455.3,8426.0,5.1
2003-07-31,0.5,0.7,1.2,0.3,0.3,0.3,1.0,1.6,0.5,0.4,0.3,0.3,-0.2,0.6,0.3,0.3,-0.1,1.9,0.3,0.2,9491.6,8552.3,5.9
2003-08-31,0.9,2.1,3.8,1.1,0.2,0.9,0.5,2.1,1.0,1.0,0.3,0.5,-0.4,1.0,0.3,0.1,0.6,4.4,0.4,0.1,9538.8,8640.1,5.7
2003-09-30,-0.3,-0.7,-1.5,-0.2,-0.1,-0.2,0.0,-2.4,-0.2,-0.1,0.3,0.4,-0.3,0.8,0.3,0.1,0.2,3.8,0.3,0.0,9582.5,8568.6,4.9
2003-10-31,0.2,-0.1,-0.1,-0.2,0.3,0.1,-0.2,1.9,0.1,0.1,0.0,-0.5,-0.4,-0.6,0.3,0.2,0.4,-3.7,0.0,0.2,9620.4,8602.1,5.0
2003-11-30,0.6,1.3,1.9,0.9,0.2,0.6,0.1,0.7,0.6,0.7,0.1,-0.1,-0.3,0.1,0.2,0.1,0.4,-0.5,0.1,0.1,9688.2,8664.9,5.0
2003-12-31,0.1,-0.2,0.0,-0.3,0.3,0.2,-0.7,0.5,0.1,0.2,0.2,0.2,-0.2,0.5,0.2,0.1,0.6,1.5,0.2,0.1,9713.2,8690.8,5.0
2004-01-31,0.3,0.3,-0.4,0.8,0.3,0.2,1.7,0.8,0.3,0.1,0.4,0.5,0.1,0.7,0.3,0.3,-0.2,3.9,0.4,0.3,9731.8,8719.7,4.6
2004-02-29,0.2,0.0,1.6,-0.9,0.3,0.3,-0.7,-0.5,0.1,0.3,0.2,0.2,0.1,0.3,0.2,0.2,0.1,1.3,0.2,0.2,9765.4,8753.9,4.6
2004-03-31,0.6,1.5,1.4,1.6,0.1,0.7,0.7,-2.8,0.5,0.7,0.2,0.2,0.0,0.3,0.2,0.2,0.3,-0.4,0.2,0.2,9815.8,8802.8,4.5
2004-04-30,-0.1,-0.8,-1.6,-0.3,0.3,-0.2,0.1,2.5,0.0,-0.2,0.2,-0.1,0.0,-0.2,0.3,0.3,0.2,-1.3,0.1,0.2,9865.8,8849.0,4.9
2004-05-31,0.5,1.2,2.9,0.3,0.1,0.6,-0.3,0.2,0.5,0.7,0.3,0.5,-0.2,1.0,0.2,0.1,0.8,3.0,0.3,0.1,9950.0,8922.0,4.8
2004-06-30,-0.5,-1.9,-4.3,-0.5,0.3,-0.5,-0.1,-1.1,-0.6,-0.6,0.3,0.3,-0.1,0.6,0.3,0.2,0.2,2.7,0.3,0.2,9988.4,8952.9,5.4
2004-07-31,0.9,1.5,3.5,0.4,0.5,1.0,0.3,-0.6,0.9,1.0,0.1,-0.2,-0.3,-0.2,0.3,0.1,0.1,-0.4,0.1,0.1,10033.0,8981.0,4.7
2004-08-31,0.4,0.7,0.7,0.6,0.2,0.4,0.5,-0.5,0.3,0.4,0.1,-0.2,-0.5,-0.1,0.2,0.0,0.0,0.3,0.1,0.0,10078.2,9012.9,4.7
2004-09-30,0.6,1.0,1.9,0.5,0.5,0.6,1.1,1.1,0.7,0.7,0.2,0.2,0.0,0.2,0.2,0.2,-0.2,1.1,0.2,0.2,10110.5,9034.6,4.1
2004-10-31,0.2,0.1,-0.3,0.3,0.3,0.2,-0.2,0.7,0.2,0.3,0.4,0.9,0.2,1.3,0.2,0.2,0.6,4.0,0.4,0.2,10159.3,9075.8,3.9
2004-11-30,0.2,0.0,0.1,0.0,0.3,0.2,0.2,-0.2,0.2,0.2,0.4,0.5,0.0,0.7,0.3,0.2,0.4,3.3,0.4,0.2,10171.5,9081.3,3.4
2004-12-31,0.7,1.1,2.0,0.6,0.4,0.7,0.6,0.0,0.7,0.8,0.1,-0.3,0.1,-0.5,0.2,0.1,-0.1,-1.0,0.0,0.1,10520.8,9419.8,6.2
2005-01-31,-0.2,-0.4,-2.2,0.7,-0.1,-0.4,0.7,1.2,-0.2,-0.4,0.1,-0.4,-0.1,-0.6,0.4,0.4,-0.2,-3.3,0.0,0.3,10247.0,9082.2,2.7
2005-02-28,0.4,0.6,1.7,0.0,0.3,0.6,0.5,-2.6,0.4,0.5,0.3,0.3,-0.1,0.5,0.3,0.2,-0.2,3.1,0.3,0.2,10282.7,9109.5,2.3
2005-03-31,0.2,-0.1,0.7,-0.6,0.3,0.0,-0.1,3.2,0.2,0.0,0.3,0.2,-0.1,0.4,0.3,0.2,0.3,1.2,0.3,0.2,10347.9,9169.2,2.5
2005-04-30,0.6,1.4,2.1,1.0,0.2,0.8,0.1,-1.5,0.7,0.9,0.3,0.3,-0.1,0.5,0.3,0.1,1.0,2.0,0.3,0.1,10412.1,9223.7,2.1
2005-05-31,-0.1,-0.9,-2.5,0.0,0.3,-0.2,-0.2,1.2,-0.2,-0.2,0.1,-0.2,0.2,-0.5,0.2,0.2,-0.1,-2.2,0.0,0.2,10464.1,9268.6,2.6
2005-06-30,0.9,1.7,3.8,0.5,0.4,0.9,0.9,-0.3,0.9,1.0,0.1,-0.1,-0.4,0.0,0.2,0.1,-0.2,0.3,0.1,0.1,10498.0,9293.1,2.0
2005-07-31,0.7,1.7,4.5,0.0,0.2,0.8,-0.2,1.4,0.8,0.9,0.4,0.7,-0.3,1.3,0.3,0.1,0.2,5.6,0.4,0.1,10558.3,9342.1,1.4
2005-08-31,-0.4,-1.6,-4.9,0.5,0.2,-0.6,0.7,-0.1,-0.6,-0.7,0.4,0.8,-0.3,1.4,0.2,0.1,0.0,6.3,0.4,0.1,10619.6,9394.8,2.0
2005-09-30,-0.4,-1.4,-2.3,-0.9,0.2,-0.3,0.4,-3.3,-0.5,-0.3,1.0,2.0,0.1,3.0,0.4,0.2,0.3,13.6,1.1,0.2,10687.7,9452.2,2.0
2005-10-31,0.3,0.9,-1.2,2.0,-0.1,0.2,0.7,0.5,0.2,0.2,0.2,-0.5,-0.1,-0.8,0.5,0.3,0.1,-1.4,0.1,0.2,10767.3,9520.0,2.3
2005-11-30,0.3,0.3,1.6,-0.4,0.3,0.4,-0.2,-0.6,0.2,0.3,-0.2,-1.3,-0.1,-2.0,0.4,0.3,0.4,-7.5,-0.3,0.3,10815.4,9559.6,2.6
2005-12-31,0.4,0.6,1.2,0.2,0.3,0.3,0.2,2.1,0.4,0.3,0.0,-0.2,-0.1,-0.2,0.1,0.1,0.1,-1.7,0.0,0.1,10853.1,9588.8,2.5
2006-01-31,0.5,1.8,3.6,0.8,-0.2,1.1,-0.3,-7.4,0.5,1.1,0.5,0.6,-0.1,1.0,0.4,0.2,0.3,4.9,0.5,0.2,11038.6,9732.7,3.0
2006-02-28,0.2,-0.3,-1.9,0.6,0.5,-0.2,1.2,5.8,0.2,-0.3,0.1,-0.3,-0.2,-0.3,0.3,0.2,-0.2,-1.2,0.0,0.1,11102.6,9781.2,3.2
2006-03-31,0.2,-0.1,1.0,-0.7,0.4,0.3,-0.5,0.4,0.1,0.2,0.2,0.0,-0.3,0.2,0.3,0.3,0.2,-1.0,0.2,0.3,11171.8,9837.6,3.3
2006-04-30,0.2,0.4,0.0,0.6,0.1,0.2,0.6,-0.8,0.2,0.2,0.5,0.7,0.0,1.1,0.3,0.3,-0.2,3.9,0.4,0.2,11229.5,9880.7,3.1
2006-05-31,0.2,-0.2,-0.2,-0.1,0.3,0.0,0.6,2.0,0.1,0.0,0.3,0.2,-0.1,0.3,0.3,0.3,0.1,0.9,0.3,0.3,11251.1,9900.9,2.9
2006-06-30,0.1,0.2,0.6,0.0,0.0,0.2,-0.4,-1.1,0.1,0.2,0.2,0.0,-0.4,0.3,0.4,0.3,0.3,0.1,0.2,0.2,11292.8,9938.1,2.9
2006-07-31,0.6,1.0,1.7,0.7,0.3,0.3,0.2,4.5,0.6,0.3,0.3,0.6,0.0,1.0,0.2,0.1,0.2,4.2,0.4,0.1,11322.1,9967.9,2.3
2006-08-31,-0.3,-0.9,-1.9,-0.4,0.0,-0.1,0.3,-3.9,-0.4,-0.2,0.3,0.4,0.0,0.7,0.3,0.2,0.2,2.0,0.3,0.2,11346.8,9990.9,2.5
2006-09-30,0.6,1.2,2.3,0.6,0.3,0.7,-0.5,0.3,0.7,0.8,-0.3,-1.3,-0.5,-1.7,0.3,0.2,0.3,-6.9,-0.3,0.1,11383.9,10018.2,2.4
2006-10-31,0.4,0.6,0.2,0.8,0.4,0.3,1.2,2.1,0.5,0.3,-0.2,-1.0,-0.1,-1.6,0.2,0.2,0.3,-7.4,-0.3,0.2,11417.8,10039.9,2.4
2006-11-30,0.0,-0.2,-0.1,-0.2,0.1,0.2,0.0,-3.2,-0.1,0.2,0.0,-0.3,-0.2,-0.3,0.2,0.0,0.0,-0.1,0.0,0.0,11479.3,10084.2,2.7
2006-12-31,0.6,1.3,1.2,1.4,0.2,0.7,1.2,-2.4,0.7,0.8,0.4,0.6,-0.3,1.1,0.2,0.1,-0.2,5.0,0.4,0.1,11587.6,10168.2,2.6
2007-01-31,0.2,0.0,0.8,-0.4,0.3,0.0,-0.3,4.2,0.2,0.0,0.3,0.0,-0.2,0.1,0.5,0.4,0.7,-1.4,0.3,0.4,11647.1,10200.4,2.4
2007-02-28,0.0,-0.4,-0.7,-0.3,0.2,-0.2,-0.4,3.0,0.0,-0.2,0.3,0.3,0.0,0.5,0.3,0.2,0.8,1.2,0.3,0.2,11734.2,10265.8,2.8
2007-03-31,0.1,0.4,0.5,0.3,0.0,0.5,-0.2,-5.1,0.1,0.5,0.4,0.6,-0.3,1.1,0.2,0.1,0.6,4.3,0.4,0.1,11821.4,10337.0,3.0
2007-04-30,0.1,-0.1,0.5,-0.4,0.2,-0.2,-0.4,5.1,0.2,-0.1,0.2,0.2,-0.2,0.5,0.2,0.1,0.2,1.7,0.2,0.1,11868.1,10376.5,3.0
2007-05-31,0.1,0.6,1.5,0.1,-0.1,0.5,0.1,-5.2,0.1,0.5,0.3,0.5,-0.1,0.8,0.2,0.1,0.4,2.7,0.3,0.1,11908.7,10412.7,2.8
2007-06-30,0.0,-0.5,-1.6,0.2,0.3,-0.1,0.1,0.7,0.0,-0.1,0.2,0.1,0.0,0.1,0.3,0.2,0.5,0.5,0.2,0.1,11929.2,10429.1,2.7
2007-07-31,0.3,0.5,0.5,0.6,0.2,0.3,0.4,0.8,0.3,0.2,0.2,0.1,-0.3,0.3,0.2,0.2,0.2,0.1,0.1,0.1,11955.7,10456.3,2.6
2007-08-31,0.4,0.1,1.5,-0.7,0.6,0.5,-0.8,1.4,0.5,0.5,0.1,-0.3,-0.5,-0.2,0.3,0.1,0.4,-1.6,0.0,0.1,11963.1,10467.3,2.2
2007-09-30,0.1,0.5,1.0,0.2,-0.1,0.1,0.2,-0.2,0.1,0.1,0.4,0.4,-0.1,0.7,0.4,0.3,0.3,2.2,0.4,0.2,12025.5,10524.1,2.3
2007-10-31,0.1,0.0,0.5,-0.3,0.1,0.3,0.0,-3.3,0.0,0.3,0.3,0.3,0.0,0.4,0.3,0.3,0.4,0.8,0.4,0.3,12046.8,10547.9,2.2
2007-11-30,0.2,0.0,-0.8,0.5,0.3,0.1,0.5,2.1,0.3,0.1,0.5,1.0,-0.1,1.7,0.3,0.2,0.4,5.8,0.6,0.2,12102.8,10594.8,1.9
2007-12-31,-0.1,-0.4,-1.2,0.0,0.1,-0.1,0.6,-0.4,-0.1,-0.2,0.2,0.2,-0.3,0.4,0.3,0.2,0.1,0.9,0.3,0.2,12182.7,10663.8,2.4
2008-01-31,0.0,-0.8,-1.0,-0.6,0.4,0.1,-0.8,-0.9,-0.1,0.0,0.3,0.3,0.1,0.5,0.2,0.2,0.7,0.4,0.3,0.3,12227.8,10705.5,2.6
2008-02-29,-0.3,-1.2,-1.6,-1.0,0.1,-0.3,-0.7,-0.2,-0.4,-0.4,0.2,0.2,-0.2,0.3,0.2,0.1,0.5,1.3,0.2,0.1,12264.9,10731.1,3.0
2008-03-31,0.2,0.5,-0.4,0.9,0.1,0.1,0.3,2.0,0.2,0.1,0.3,0.3,0.0,0.4,0.3,0.2,0.1,1.7,0.3,0.2,12314.7,10765.4,2.9
2008-04-30,0.2,0.0,0.0,-0.1,0.3,0.4,-0.2,-2.1,0.0,0.2,0.2,0.2,-0.4,0.4,0.2,0.1,1.3,0.6,0.3,0.1,12302.6,10745.4,2.4
2008-05-31,0.2,0.3,0.6,0.1,0.1,0.3,0.1,-1.0,0.2,0.3,0.4,0.6,-0.2,0.9,0.4,0.2,0.3,4.0,0.5,0.2,12879.3,11322.5,6.8
2008-06-30,-0.2,-0.6,-1.1,-0.4,0.1,-0.1,-0.4,-0.5,-0.2,-0.2,0.7,1.4,-0.1,2.2,0.4,0.2,0.6,7.7,0.8,0.2,12661.0,11117.6,4.6
2008-07-31,-0.5,-1.2,-2.7,-0.5,-0.1,-0.3,-0.8,-2.1,-0.6,-0.4,0.5,0.8,0.0,1.1,0.3,0.2,1.1,3.5,0.5,0.2,12514.8,10999.7,3.6
2008-08-31,0.0,0.3,1.5,-0.3,-0.2,0.1,-0.4,-0.8,-0.1,0.0,-0.1,-0.4,-0.2,-0.6,0.1,0.1,0.5,-3.3,-0.1,0.2,12426.0,10929.5,3.1
2008-09-30,-0.7,-2.3,-3.4,-1.8,0.2,-0.6,-1.2,-0.5,-0.8,-0.8,0.1,0.2,-0.3,0.3,0.1,0.1,0.6,-0.9,0.2,0.2,12445.0,10964.1,3.9
2008-10-31,-0.2,-1.0,-4.3,0.6,0.3,-0.5,-0.4,4.4,-0.5,-0.9,-0.7,-1.6,-0.1,-2.3,-0.2,-0.1,0.4,-8.8,-0.5,0.1,12446.5,10973.7,4.9
2008-11-30,-0.3,-0.6,-2.0,0.0,-0.2,-0.4,0.0,1.3,-0.3,-0.5,-1.2,-3.5,-0.4,-4.9,-0.1,0.0,0.2,-18.6,-1.2,0.1,12387.1,10937.5,6.0
2008-12-31,-0.3,-0.7,-0.4,-0.8,-0.1,-0.2,-0.5,-1.5,-0.3,-0.2,-0.6,-1.7,-0.4,-2.4,0.0,0.0,0.0,-9.9,-0.6,0.0,12238.5,10826.1,5.8
2009-01-31,0.5,1.5,2.9,0.8,0.0,0.4,1.2,1.1,0.4,0.3,0.0,0.2,-0.1,0.3,-0.1,0.0,-0.1,1.0,0.2,0.2,12125.6,10891.5,5.9
2009-02-28,-0.4,-0.6,-1.7,0.0,-0.3,-0.3,-0.8,-1.8,-0.4,-0.3,0.2,0.7,0.0,1.0,0.0,0.1,-0.3,2.9,0.3,0.2,12007.4,10805.4,5.4
2009-03-31,-0.4,-1.3,-1.9,-1.0,0.0,-0.7,0.2,3.2,-0.4,-0.7,-0.1,-0.2,-0.3,-0.1,-0.1,0.1,-0.3,-3.1,0.0,0.2,11965.3,10794.3,5.8
2009-04-30,-0.1,-0.1,-0.6,0.2,-0.2,-0.1,0.5,-1.9,0.0,0.0,0.1,0.3,0.0,0.4,0.1,0.2,-0.4,-0.4,0.1,0.2,12009.4,10878.0,6.5
2009-05-31,0.1,0.8,2.2,0.2,-0.2,0.1,0.6,-0.9,0.3,0.3,0.1,0.2,-0.1,0.4,0.0,0.1,-0.4,1.4,0.1,0.1,12179.6,11048.4,7.8
2009-06-30,0.0,-0.2,0.8,-0.6,0.1,0.1,-0.4,0.1,0.0,0.1,0.6,1.6,-0.1,2.3,0.1,0.1,0.1,10.1,0.6,0.1,12042.9,10912.3,6.1
2009-07-31,0.3,0.9,1.9,0.5,0.0,0.4,0.4,-1.3,0.4,0.6,0.0,-0.3,-0.5,-0.1,0.1,0.1,-0.4,-0.6,0.0,0.0,11998.4,10864.9,5.4
2009-08-31,0.9,2.4,7.1,0.2,0.2,0.9,0.0,2.2,1.0,1.1,0.3,0.4,-0.4,0.8,0.2,0.1,0.0,3.2,0.3,0.2,12011.2,10875.2,4.4
2009-09-30,-0.9,-2.8,-8.8,0.2,0.0,-1.1,0.8,-0.7,-1.0,-1.2,0.2,0.3,0.3,0.3,0.1,0.2,-0.3,0.6,0.1,0.1,12061.1,10924.7,5.5
2009-10-31,0.1,0.4,0.5,0.3,0.0,0.0,0.0,2.3,0.2,0.1,0.4,0.2,0.3,0.2,0.5,0.4,0.1,0.9,0.3,0.2,12069.4,10932.5,5.1
2009-11-30,-0.2,0.0,1.3,-0.5,-0.3,0.1,-0.4,-4.6,-0.3,0.1,0.2,0.4,0.1,0.6,0.2,0.1,0.1,3.2,0.2,0.1,12129.6,10987.9,5.5
2009-12-31,0.6,0.5,0.6,0.4,0.7,0.2,0.8,6.2,0.7,0.3,0.1,0.0,-0.2,0.0,0.1,0.1,0.2,-0.5,0.0,0.1,12188.2,11044.5,5.4
2010-01-31,-0.2,-0.4,-1.4,0.1,-0.1,-0.1,-0.5,-1.7,-0.1,0.0,0.2,0.2,-0.1,0.4,0.2,0.1,0.1,1.5,0.1,0.1,12267.7,11073.7,5.6
2010-02-28,0.4,0.4,0.3,0.5,0.4,0.3,1.7,-0.5,0.3,0.2,0.0,-0.3,-0.4,-0.2,0.1,0.1,0.1,-1.5,0.0,0.1,12267.6,11079.0,5.3
2010-03-31,0.5,1.5,4.8,0.0,0.0,0.8,-1.2,-2.9,0.5,1.0,0.1,0.0,-0.1,0.0,0.2,0.1,0.3,-0.2,0.1,0.1,12330.9,11138.2,5.3
2010-04-30,0.2,0.3,-0.2,0.5,0.2,0.2,0.0,-0.2,0.2,0.2,0.1,-0.2,-0.4,-0.1,0.2,0.1,0.1,0.0,0.0,0.0,12441.8,11240.7,6.0
2010-05-31,0.2,-0.3,-0.1,-0.4,0.5,0.1,-0.3,3.2,0.2,0.1,0.0,-0.3,-0.3,-0.3,0.2,0.1,0.0,-1.3,0.0,0.1,12543.7,11328.4,6.4
2010-06-30,0.2,0.5,0.6,0.4,0.1,0.2,-0.3,1.1,0.3,0.3,0.0,-0.3,-0.3,-0.3,0.1,0.0,-0.1,-1.4,0.0,0.1,12550.7,11327.3,6.2
2010-07-31,0.3,0.1,0.8,-0.2,0.4,0.3,0.0,0.1,0.2,0.2,0.1,0.1,-0.4,0.3,0.1,0.0,0.0,1.5,0.1,0.0,12588.7,11345.9,6.1
2010-08-31,0.2,0.5,0.5,0.5,0.1,0.2,0.5,-0.2,0.3,0.3,0.1,0.2,0.1,0.2,0.1,0.1,0.1,0.9,0.1,0.1,12652.9,11395.1,6.2
2010-09-30,0.1,0.4,0.3,0.4,-0.1,0.1,0.3,-0.6,0.1,0.1,0.1,0.2,-0.1,0.3,0.1,0.1,0.3,0.6,0.1,0.0,12673.4,11405.0,6.1
2010-10-31,0.3,0.7,2.3,0.0,0.0,0.4,-0.1,-0.8,0.3,0.4,0.3,0.5,-0.2,0.8,0.2,0.2,0.0,3.4,0.3,0.0,12723.6,11443.8,5.9
2010-11-30,0.3,0.4,-0.1,0.6,0.2,0.1,0.9,1.1,0.3,0.2,0.2,0.3,0.0,0.5,0.1,0.1,0.2,1.3,0.2,0.1,12765.5,11478.1,5.8
2010-12-31,0.1,0.0,0.4,-0.2,0.2,0.0,-0.3,3.2,0.2,0.0,0.2,0.5,-0.3,0.9,0.1,0.0,0.1,3.5,0.2,0.0,12873.1,11573.0,6.2
2011-01-31,0.1,0.4,0.4,0.4,0.0,0.3,0.2,-3.4,0.1,0.3,0.3,0.5,0.2,0.7,0.2,0.2,0.7,1.1,0.3,0.2,13080.7,11662.3,6.6
2011-02-28,0.0,-0.3,-0.2,-0.3,0.1,0.2,-0.1,-3.1,-0.1,0.1,0.3,0.5,0.1,0.6,0.2,0.2,0.6,1.4,0.3,0.2,13155.6,11728.2,6.9
2011-03-31,0.3,0.4,1.2,0.1,0.3,0.3,-0.7,1.7,0.3,0.3,0.4,0.8,-0.2,1.2,0.2,0.2,0.9,3.6,0.4,0.1,13178.2,11744.3,6.3
2011-04-30,-0.1,-0.2,-0.6,0.0,-0.1,-0.1,0.8,-1.9,-0.1,0.0,0.4,0.8,0.2,1.1,0.2,0.2,0.4,3.4,0.4,0.2,13212.8,11774.2,6.3
2011-05-31,-0.1,-0.8,-1.0,-0.8,0.2,-0.1,-1.1,0.2,-0.1,-0.1,0.3,0.4,0.1,0.5,0.3,0.2,0.5,1.1,0.3,0.2,13239.1,11795.2,6.3
2011-06-30,0.2,0.5,-0.6,1.0,0.1,0.1,0.6,0.9,0.1,0.0,0.0,-0.2,0.1,-0.4,0.1,0.1,0.2,-2.2,0.0,0.2,13295.7,11840.7,6.5
2011-07-31,0.2,-0.1,0.9,-0.6,0.3,0.1,-0.2,1.9,0.1,0.0,0.2,0.1,0.0,0.2,0.2,0.1,0.4,0.2,0.2,0.1,13375.8,11906.1,6.7
2011-08-31,-0.1,-0.2,0.1,-0.3,0.0,0.1,-0.1,-1.8,-0.1,0.1,0.2,0.2,-0.1,0.4,0.2,0.2,0.6,0.3,0.3,0.2,13400.3,11928.6,6.7
2011-09-30,0.2,0.7,1.9,0.1,-0.1,0.2,-0.5,-0.2,0.2,0.3,0.1,0.2,-0.4,0.4,0.1,0.1,0.6,0.7,0.2,0.1,13401.5,11928.6,6.4
2011-10-31,0.2,0.4,1.2,0.1,0.1,0.1,0.4,0.5,0.2,0.2,0.0,0.0,0.0,0.0,0.0,0.0,0.1,-0.8,0.1,0.1,13406.4,11938.4,6.3
2011-11-30,-0.2,-0.2,-0.5,0.0,-0.2,-0.1,0.2,-1.8,-0.1,-0.1,0.2,0.2,-0.1,0.3,0.2,0.2,-0.1,0.5,0.2,0.2,13419.7,11954.4,6.4
2011-12-31,0.0,0.1,0.7,-0.1,0.0,0.1,-0.7,-0.3,0.0,0.1,0.1,-0.2,-0.1,-0.3,0.2,0.2,0.2,-1.7,0.1,0.2,13548.9,12069.5,7.2
2012-01-31,0.4,0.7,1.3,0.5,0.2,0.6,0.8,-2.9,0.3,0.6,0.3,0.4,0.1,0.5,0.3,0.3,0.4,0.9,0.3,0.2,13631.6,12175.6,7.4
2012-02-29,0.6,1.0,1.5,0.7,0.4,0.5,0.2,2.3,0.6,0.5,0.2,0.3,-0.1,0.5,0.2,0.1,-0.1,1.9,0.2,0.2,13731.1,12261.2,7.3
2012-03-31,-0.1,-0.5,-0.5,-0.5,0.0,0.0,0.4,-3.2,-0.2,0.0,0.2,0.2,-0.2,0.4,0.2,0.2,0.2,0.5,0.2,0.1,13798.5,12319.4,7.6
2012-04-30,0.1,0.0,0.2,-0.1,0.1,-0.2,0.2,3.9,0.3,0.0,0.1,0.0,-0.3,0.1,0.2,0.2,0.1,-0.1,0.1,0.1,13868.1,12382.9,7.9
2012-05-31,0.0,0.1,-0.3,0.3,0.0,-0.1,0.1,1.8,0.0,-0.1,-0.1,-0.6,-0.1,-0.8,0.1,0.1,-0.1,-3.3,-0.1,0.1,13850.3,12365.1,7.9
2012-06-30,-0.1,-0.3,0.0,-0.4,0.0,-0.1,-0.2,-0.7,-0.2,-0.2,-0.1,-0.5,-0.3,-0.6,0.2,0.1,0.2,-2.7,-0.1,0.1,13837.1,12344.6,7.9
2012-07-31,0.2,0.2,0.6,0.1,0.2,0.1,0.3,1.6,0.2,0.1,0.0,-0.1,-0.1,-0.1,0.1,0.1,0.0,-1.0,0.0,0.1,13752.9,12257.1,7.0
2012-08-31,0.0,0.5,0.5,0.5,-0.2,0.1,-0.3,-0.4,-0.1,0.0,0.3,0.7,-0.2,1.1,0.2,0.1,0.0,5.0,0.4,0.1,13768.5,12262.1,6.7
2012-09-30,0.1,0.1,1.4,-0.5,0.2,0.3,0.3,-2.8,0.2,0.4,0.3,0.6,-0.2,1.0,0.1,0.1,0.0,3.5,0.3,0.1,13914.1,12386.3,7.2
2012-10-31,0.0,-0.2,-0.8,0.0,0.1,-0.1,0.3,1.2,0.1,0.0,0.3,0.3,-0.1,0.5,0.3,0.2,0.3,1.2,0.2,0.1,14049.2,12507.6,7.8
2012-11-30,0.4,0.9,2.5,0.2,0.2,0.6,-0.3,-0.7,0.5,0.7,-0.1,-0.6,0.0,-0.8,0.2,0.1,0.2,-2.9,-0.1,0.1,14230.7,12664.4,8.7
2012-12-31,0.0,0.3,1.0,0.0,-0.1,0.2,-0.1,-2.8,0.0,0.3,0.0,-0.4,-0.1,-0.5,0.2,0.1,0.2,-1.7,0.0,0.1,14581.4,12973.2,10.9
2013-01-31,0.4,1.5,1.1,1.7,-0.1,0.2,0.3,4.5,0.6,0.4,0.2,0.1,0.0,0.2,0.2,0.2,0.1,0.1,0.2,0.2,13880.4,12238.4,4.9
2013-02-28,0.0,-0.2,0.2,-0.3,0.1,-0.1,0.9,0.1,0.0,-0.2,0.4,0.7,-0.1,1.0,0.2,0.1,0.1,4.5,0.4,0.1,13902.0,12251.7,4.7
2013-03-31,0.1,-0.3,-0.7,-0.1,0.3,-0.1,-0.4,4.3,0.2,0.0,-0.1,-0.8,-0.4,-0.9,0.2,0.1,0.1,-3.7,-0.2,0.0,13932.2,12272.1,4.8
2013-04-30,0.0,0.0,0.5,-0.2,0.0,0.2,-0.6,-2.2,0.0,0.2,-0.1,-0.6,-0.3,-0.7,0.1,0.0,0.1,-2.7,-0.2,-0.1,13974.9,12298.9,5.1
2013-05-31,0.3,0.8,0.6,0.9,0.1,0.3,1.0,-1.0,0.3,0.4,0.1,-0.2,-0.1,-0.3,0.2,0.1,-0.3,-0.2,0.1,0.1,14052.5,12365.9,5.3
2013-06-30,0.0,-0.2,0.1,-0.3,0.0,0.1,-0.1,-1.0,0.0,0.1,0.2,0.2,0.0,0.4,0.2,0.2,0.2,1.0,0.2,0.2,14083.9,12394.8,5.4
2013-07-31,0.1,0.6,0.6,0.6,-0.1,0.2,0.6,-1.2,0.2,0.2,0.1,0.0,-0.2,0.2,0.2,0.1,0.1,0.1,0.1,0.1,14072.0,12397.0,5.2
2013-08-31,0.2,-0.2,0.1,-0.3,0.3,0.2,0.1,0.1,0.1,0.1,0.1,0.1,-0.3,0.3,0.2,0.1,0.1,0.9,0.1,0.1,14117.3,12441.9,5.2
2013-09-30,0.3,0.5,0.1,0.7,0.2,0.2,0.5,1.6,0.4,0.2,0.0,-0.2,-0.1,-0.3,0.2,0.1,-0.1,-1.0,0.0,0.1,14181.7,12503.0,5.3
2013-10-31,0.3,0.3,0.4,0.3,0.3,0.3,0.0,0.4,0.3,0.3,0.1,-0.1,-0.1,0.0,0.2,0.2,0.1,-0.4,0.1,0.1,14152.3,12468.6,4.7
2013-11-30,0.4,0.6,1.0,0.4,0.3,0.3,0.5,2.4,0.4,0.2,0.1,0.0,-0.1,0.1,0.2,0.2,-0.2,0.3,0.1,0.1,14209.6,12510.6,4.5
2013-12-31,0.1,-0.1,-0.6,0.2,0.2,0.1,0.8,-0.3,0.1,0.1,0.2,0.1,-0.4,0.4,0.2,0.1,0.1,1.3,0.2,0.1,14266.5,12551.8,4.5
2014-01-31,-0.3,-0.7,-1.1,-0.5,-0.2,-0.5,0.1,2.3,-0.2,-0.4,0.2,0.2,-0.2,0.4,0.2,0.1,0.1,1.8,0.2,0.0,14369.2,12636.2,5.2
2014-02-28,0.5,1.5,3.0,0.8,-0.1,0.6,0.0,-1.7,0.4,0.6,0.0,-0.1,-0.3,0.0,0.1,0.0,0.3,-0.2,0.0,0.0,14456.4,12708.5,5.3
2014-03-31,0.6,0.8,2.6,0.0,0.5,0.7,-0.3,-0.5,0.4,0.6,0.2,-0.2,-0.3,-0.1,0.3,0.1,0.5,0.0,0.2,0.1,14555.0,12798.5,5.2
2014-04-30,0.2,0.5,0.0,0.8,0.0,0.2,0.2,-0.3,0.3,0.4,0.2,0.2,-0.1,0.4,0.1,0.2,0.3,0.1,0.1,0.1,14624.5,12870.0,5.4
2014-05-31,0.2,0.2,1.1,-0.2,0.2,0.4,-0.1,-1.4,0.2,0.3,0.2,0.0,-0.4,0.1,0.3,0.2,0.6,-0.4,0.1,0.1,14689.5,12932.6,5.6
2014-06-30,0.4,0.5,1.0,0.3,0.3,0.5,0.8,-2.1,0.3,0.5,0.1,0.1,-0.1,0.2,0.1,0.1,0.0,0.2,0.1,0.1,14760.1,12993.0,5.6
2014-07-31,0.2,0.3,0.0,0.4,0.2,0.3,0.0,-0.4,0.2,0.3,0.1,0.0,0.0,0.0,0.2,0.2,0.2,-0.5,0.1,0.1,14821.1,13037.2,5.5
2014-08-31,0.7,0.8,1.0,0.7,0.6,0.6,0.2,1.9,0.6,0.6,0.0,-0.2,-0.1,-0.3,0.1,0.0,0.3,-1.2,0.0,0.0,14894.2,13093.2,5.3
2014-09-30,0.0,-0.2,0.3,-0.5,0.2,0.1,0.0,-0.3,0.1,0.1,0.0,-0.2,-0.2,-0.2,0.1,0.1,0.2,-1.8,0.0,0.1,14951.2,13137.0,5.5
2014-10-31,0.6,0.8,0.4,0.9,0.6,0.5,0.5,2.5,0.6,0.5,0.0,-0.3,-0.1,-0.4,0.1,0.1,0.0,-2.1,-0.1,0.0,15022.7,13195.9,5.4
2014-11-30,0.3,0.7,1.2,0.4,0.1,0.1,0.0,2.5,0.3,0.2,-0.1,-0.7,-0.5,-0.8,0.2,0.1,0.2,-3.6,-0.1,0.1,15094.0,13255.0,5.6
2014-12-31,0.3,0.4,0.5,0.3,0.2,0.4,0.1,-2.2,0.2,0.4,-0.2,-0.9,-0.5,-1.1,0.2,0.1,0.2,-5.0,-0.2,0.1,15170.9,13323.7,6.0
2015-01-31,0.2,0.4,0.4,0.4,0.2,0.1,0.4,2.8,0.3,0.1,-0.5,-1.6,-0.3,-2.2,0.0,0.0,0.0,-9.2,-0.6,-0.1,15230.8,13335.7,6.3
2015-02-28,0.2,0.2,0.1,0.3,0.3,0.0,0.2,4.9,0.3,0.0,0.2,0.3,0.2,0.4,0.1,0.1,0.1,1.6,0.2,0.1,15313.3,13408.1,6.4
2015-03-31,0.3,0.9,2.1,0.3,0.0,0.5,0.5,-3.5,0.3,0.5,0.2,0.3,-0.1,0.5,0.1,0.2,-0.3,1.7,0.2,0.1,15314.2,13397.8,5.9
2015-04-30,0.2,0.1,0.4,-0.1,0.2,0.3,-0.1,-2.3,0.0,0.2,0.1,-0.1,0.2,-0.3,0.2,0.2,-0.2,-1.3,0.1,0.2,15373.5,13439.5,5.9
2015-05-31,0.3,0.5,0.3,0.5,0.2,0.3,0.2,0.0,0.4,0.4,0.2,0.4,-0.1,0.7,0.1,0.1,0.0,3.0,0.2,0.1,15442.7,13494.8,5.8
2015-06-30,0.1,0.0,0.0,0.0,0.1,0.1,0.2,0.3,0.2,0.2,0.2,0.1,-0.2,0.3,0.2,0.1,0.3,1.5,0.2,0.1,15479.0,13529.3,5.7
2015-07-31,0.4,0.7,0.8,0.7,0.2,0.4,0.3,-0.3,0.3,0.3,0.1,0.0,-0.3,0.1,0.2,0.1,0.2,-0.2,0.1,0.1,15518.6,13572.5,5.6
2015-08-31,0.2,0.4,0.8,0.1,0.2,0.2,-0.2,1.2,0.3,0.3,0.0,-0.3,-0.3,-0.3,0.2,0.1,0.2,-1.7,0.0,0.0,15550.5,13602.8,5.6
2015-09-30,0.1,0.0,-0.5,0.3,0.1,0.0,0.5,0.1,0.0,-0.1,-0.1,-0.7,0.1,-1.1,0.1,0.1,0.1,-6.0,-0.1,0.2,15570.5,13619.5,5.8
2015-10-31,0.1,-0.3,-0.3,-0.4,0.3,0.2,-0.9,-0.5,-0.1,0.0,0.0,-0.2,-0.3,-0.1,0.1,0.0,0.1,-0.9,0.0,0.0,15608.0,13643.6,5.8
2015-11-30,0.2,0.8,1.4,0.5,-0.1,0.2,1.1,-2.6,0.2,0.2,0.1,-0.1,-0.3,0.0,0.2,0.1,-0.3,-0.2,0.0,0.1,15615.4,13648.6,5.6
2015-12-31,0.3,0.4,0.3,0.4,0.3,0.3,0.7,-0.9,0.4,0.4,-0.1,-0.5,-0.2,-0.6,0.1,0.1,-0.3,-2.8,-0.1,0.0,15668.4,13702.2,5.8
2016-01-31,0.2,0.0,-0.2,0.1,0.3,0.0,0.0,3.3,0.3,0.1,0.0,-0.4,0.0,-0.6,0.3,0.2,0.0,-2.9,0.0,0.1,15695.5,13767.2,6.1
2016-02-29,0.7,1.2,1.9,0.8,0.4,0.7,0.7,0.5,0.7,0.7,-0.1,-0.5,-0.1,-0.8,0.2,0.2,0.1,-5.4,-0.1,0.2,15695.9,13773.8,5.6
2016-03-31,-0.4,-0.6,-1.2,-0.3,-0.3,-0.3,-0.3,-2.0,-0.2,-0.2,0.2,0.3,-0.3,0.5,0.2,0.1,-0.5,3.8,0.2,0.1,15731.6,13806.0,5.9
2016-04-30,0.3,0.2,0.1,0.3,0.3,0.1,1.0,1.9,0.3,0.2,0.3,0.5,0.4,0.6,0.2,0.2,0.0,2.8,0.3,0.2,15758.9,13822.6,5.5
2016-05-31,0.2,0.4,0.4,0.5,0.0,0.1,0.8,1.1,0.2,0.1,0.2,-0.1,-0.3,0.0,0.3,0.2,-0.4,1.2,0.1,0.2,15777.2,13834.7,5.3
2016-06-30,0.4,1.1,2.0,0.6,0.2,0.4,0.8,0.8,0.4,0.3,0.2,0.1,-0.6,0.5,0.2,0.1,-0.2,2.5,0.2,0.1,15821.4,13868.1,4.9
2016-07-31,0.2,0.1,0.9,-0.3,0.2,0.2,-0.3,0.4,0.0,0.0,0.0,-0.5,-0.3,-0.6,0.3,0.1,-0.1,-2.4,0.0,0.1,15891.5,13924.8,5.1
2016-08-31,0.1,0.1,0.1,0.1,0.1,0.1,0.4,0.6,0.1,0.1,0.1,0.0,-0.2,0.1,0.2,0.2,-0.1,-0.3,0.1,0.1,15931.3,13960.5,5.1
2016-09-30,0.3,0.2,0.6,0.0,0.3,0.4,0.2,-1.4,0.3,0.4,0.2,0.3,-0.1,0.5,0.1,0.1,-0.1,2.0,0.2,0.1,15999.1,14019.0,5.1
2016-10-31,0.0,0.1,0.6,-0.2,-0.1,0.0,0.7,-3.0,0.0,0.1,0.2,0.2,-0.2,0.4,0.2,0.1,0.0,2.3,0.2,0.1,16059.4,14073.7,5.3
2016-11-30,0.2,-0.2,-0.6,0.1,0.3,0.2,0.1,-0.5,0.2,0.2,0.0,-0.3,-0.7,-0.1,0.2,0.0,-0.2,0.2,0.0,0.0,16107.6,14116.1,5.4
2016-12-31,0.7,1.5,2.8,0.8,0.4,0.5,0.5,5.3,0.6,0.4,0.2,0.1,-0.3,0.3,0.2,0.1,-0.2,2.0,0.2,0.1,16182.5,14180.1,5.0
2017-01-31,0.1,-0.3,-1.0,0.1,0.2,0.4,0.5,-7.8,-0.1,0.3,0.4,0.6,0.5,0.7,0.3,0.3,0.2,3.3,0.4,0.2,16293.3,14294.2,5.3
2017-02-28,0.1,0.3,0.4,0.3,-0.1,0.0,0.1,0.8,0.1,0.0,0.1,0.0,0.0,0.0,0.2,0.2,0.2,-0.8,0.1,0.1,16363.5,14356.4,5.6
2017-03-31,0.4,0.2,-0.4,0.4,0.6,0.3,0.4,4.4,0.4,0.2,-0.1,-0.1,-0.3,0.0,0.0,0.0,0.3,-0.8,-0.1,-0.1,16415.1,14408.5,5.6
2017-04-30,0.0,0.6,0.9,0.4,-0.2,0.0,0.3,0.5,0.2,0.2,0.2,-0.1,-0.1,-0.1,0.3,0.2,0.1,0.0,0.1,0.1,16476.0,14468.8,5.7
2017-05-31,0.1,0.0,0.1,-0.1,0.1,0.0,-0.2,1.2,0.0,0.0,0.0,-0.6,-0.2,-0.7,0.2,0.1,0.0,-2.7,-0.1,0.0,16573.2,14563.6,6.3
2017-06-30,0.3,0.9,1.3,0.7,0.1,0.3,0.8,-0.5,0.3,0.3,0.1,-0.2,-0.3,-0.1,0.2,0.1,-0.2,-0.5,0.1,0.1,16604.0,14583.9,6.0
2017-07-31,0.3,0.1,1.0,-0.3,0.3,0.3,-0.2,-0.6,0.1,0.2,0.0,-0.1,-0.3,0.0,0.1,0.1,0.2,-1.0,0.0,0.0,16665.9,14630.7,6.0
2017-08-31,0.0,0.1,-0.4,0.4,0.0,0.0,0.6,-1.2,0.1,0.1,0.2,0.3,-0.2,0.6,0.2,0.1,0.1,3.1,0.2,0.1,16733.7,14681.5,6.1
2017-09-30,0.5,1.4,2.8,0.7,0.2,0.5,0.8,1.4,0.6,0.5,0.4,0.7,-0.3,1.2,0.2,0.1,0.1,6.5,0.4,0.1,16841.9,14764.1,5.9
2017-10-31,0.1,0.0,0.4,-0.3,0.2,0.1,-0.1,0.4,0.1,0.1,0.1,-0.1,0.3,-0.3,0.3,0.2,0.1,-2.2,0.1,0.3,16930.8,14826.3,6.0
2017-11-30,0.5,1.1,1.7,0.8,0.3,0.6,0.4,-0.6,0.6,0.7,0.1,0.1,-0.3,0.3,0.2,0.0,-0.1,2.6,0.1,0.0,16997.5,14870.2,5.6
2017-12-31,0.8,1.3,1.4,1.2,0.5,0.5,1.2,5.4,0.8,0.5,0.1,-0.1,-0.2,0.0,0.2,0.1,0.1,0.2,0.1,0.1,17058.2,14918.8,5.0
2018-01-31,-0.1,-0.4,-0.8,-0.2,0.0,0.0,-0.1,-1.3,0.0,0.0,0.4,0.6,0.3,0.7,0.3,0.3,0.3,1.6,0.3,0.2,17141.7,15064.6,5.7
2018-02-28,0.0,0.2,1.1,-0.3,0.0,0.4,0.2,-6.5,0.0,0.3,0.2,0.1,-0.3,0.3,0.3,0.2,-0.2,1.4,0.2,0.2,17204.1,15132.0,5.8
2018-03-31,0.3,-0.1,-0.5,0.0,0.5,0.0,0.1,7.2,0.2,-0.1,0.1,-0.2,-0.1,-0.3,0.3,0.2,0.0,-2.0,0.1,0.2,17268.2,15202.6,5.9
2018-04-30,0.1,-0.2,-0.4,-0.2,0.2,0.1,-0.6,0.5,0.0,0.0,0.2,0.4,0.2,0.5,0.2,0.2,0.1,1.6,0.3,0.2,17328.7,15271.7,6.0
2018-05-31,0.3,1.1,1.6,0.9,-0.1,0.4,1.0,-3.6,0.3,0.5,0.2,0.1,-0.2,0.2,0.2,0.2,-0.3,0.9,0.2,0.2,17404.4,15349.7,6.0
2018-06-30,0.1,-0.6,-0.4,-0.8,0.4,0.1,-1.0,1.9,0.1,0.1,0.1,-0.1,-0.4,0.0,0.2,0.1,0.1,0.0,0.0,0.0,17488.4,15425.7,6.3
2018-07-31,0.2,0.4,0.3,0.5,0.1,0.2,0.4,-0.8,0.3,0.3,0.1,-0.1,0.1,-0.2,0.2,0.1,0.1,-0.5,0.1,0.1,17587.6,15508.8,6.5
2018-08-31,0.2,0.3,0.6,0.1,0.2,0.2,-0.1,0.6,0.2,0.3,0.1,-0.1,-0.3,0.0,0.1,0.0,0.1,1.2,0.1,0.0,17664.0,15574.8,6.6
2018-09-30,-0.2,-0.3,-0.6,-0.1,-0.1,-0.2,0.2,-0.6,-0.3,-0.3,0.2,0.2,-0.2,0.4,0.2,0.2,0.2,0.6,0.2,0.1,17693.5,15605.6,6.8
2018-10-31,0.3,0.3,-0.1,0.5,0.3,0.2,0.5,1.4,0.2,0.1,0.2,0.2,0.1,0.2,0.2,0.2,-0.1,0.9,0.2,0.1,17749.8,15670.2,6.7
2018-11-30,0.5,1.6,2.3,1.3,0.0,0.5,0.8,1.5,0.5,0.5,0.0,-0.4,0.1,-0.7,0.2,0.2,0.2,-3.3,0.0,0.2,17795.7,15717.7,6.5
2018-12-31,-0.9,-2.3,-3.0,-1.9,-0.2,-0.8,-1.5,-1.9,-0.9,-0.8,0.1,-0.5,0.0,-0.7,0.3,0.2,0.2,-2.4,0.0,0.1,18012.4,15925.0,8.4
2019-01-31,0.3,0.9,-0.6,1.6,0.0,0.2,1.7,-0.1,0.6,0.5,-0.1,-0.2,0.4,-0.5,0.0,0.1,0.2,-4.4,0.0,0.2,18078.6,15947.1,8.4
2019-02-28,0.0,0.0,0.3,-0.2,0.1,0.1,-1.5,0.9,0.2,0.4,0.2,0.2,-0.1,0.4,0.2,0.1,0.4,1.9,0.2,0.1,18152.9,16001.2,8.5
2019-03-31,0.7,1.3,2.6,0.7,0.4,0.7,1.3,0.0,0.8,0.8,0.2,0.3,-0.4,0.7,0.2,0.1,0.1,3.4,0.2,0.1,18226.6,16043.6,7.9
2019-04-30,0.0,0.1,-0.2,0.3,0.0,0.0,0.8,-1.7,0.0,0.0,0.3,0.3,-0.3,0.6,0.3,0.2,-0.5,3.5,0.3,0.2,18266.8,16055.6,7.6
2019-05-31,0.4,0.9,2.0,0.3,0.1,0.5,0.2,-1.1,0.5,0.6,0.1,0.0,0.0,0.0,0.1,0.1,0.2,-0.8,0.1,0.1,18286.9,16065.5,7.3
2019-06-30,0.3,0.5,0.1,0.8,0.3,0.3,0.8,-0.6,0.4,0.4,0.0,-0.3,0.3,-0.6,0.2,0.2,-0.1,-2.6,0.0,0.2,18324.3,16103.7,7.1
2019-07-31,0.5,0.6,1.1,0.3,0.4,0.4,1.1,1.0,0.5,0.4,0.1,0.0,-0.7,0.3,0.2,0.1,0.0,0.9,0.1,0.1,18342.4,16145.0,6.8
2019-08-31,0.4,0.3,0.4,0.3,0.4,0.4,0.0,0.9,0.4,0.4,0.0,-0.2,-0.2,-0.2,0.1,0.1,0.0,-1.3,0.0,0.1,18432.4,16238.4,6.9
2019-09-30,0.2,-0.1,0.8,-0.5,0.3,0.3,-0.8,-0.1,0.2,0.4,0.1,-0.1,0.0,-0.2,0.1,0.1,0.2,-0.4,0.1,0.1,18477.3,16282.7,7.0
2019-10-31,0.0,-0.3,-1.4,0.2,0.1,0.0,0.0,-0.3,0.1,0.2,0.2,0.2,0.0,0.3,0.2,0.1,0.1,0.9,0.2,0.2,18546.3,16332.8,7.1
2019-11-30,0.5,0.8,2.0,0.2,0.4,0.5,0.2,1.0,0.5,0.5,0.1,0.1,-0.3,0.2,0.1,0.1,0.1,1.1,0.1,0.1,18629.5,16400.2,6.9
2019-12-31,0.2,0.2,0.7,0.0,0.1,0.4,0.3,-4.5,0.0,0.2,0.3,0.2,-0.5,0.5,0.3,0.2,0.0,2.0,0.2,0.2,18594.0,16358.1,6.2
2020-01-31,0.4,-0.5,-1.3,0.0,0.7,0.6,-0.6,-2.2,0.1,0.2,0.1,-0.1,0.0,-0.2,0.2,0.2,0.4,-1.5,0.1,0.2,18809.4,16556.6,7.0
2020-02-29,-0.2,0.1,-0.1,0.2,-0.3,-0.3,0.2,2.4,0.1,0.0,0.1,0.0,0.4,-0.3,0.2,0.2,0.4,-1.8,0.1,0.2,18913.6,16637.7,7.5
2020-03-31,-6.6,-1.9,-13.1,3.8,-8.8,-8.7,19.0,-7.9,-7.7,-10.4,-0.3,-0.9,-0.3,-1.1,0.0,-0.1,0.4,-5.9,-0.3,0.0,18584.4,16370.1,12.4
2020-04-30,-11.0,-12.0,-12.0,-11.9,-10.6,-11.1,-12.3,-7.4,-13.0,-13.4,-0.4,-0.9,-0.7,-1.0,-0.2,-0.3,2.2,-9.0,-0.3,-0.2,20760.2,18714.8,32.0
2020-05-31,8.2,14.9,30.1,8.4,5.1,8.8,2.7,7.6,10.7,11.9,0.1,-0.2,0.0,-0.3,0.2,0.1,0.8,-1.8,0.1,0.1,19888.0,17780.5,22.8
2020-06-30,5.6,6.2,10.3,4.1,5.3,6.4,-1.0,4.3,6.4,7.4,0.3,0.5,-0.3,0.9,0.2,0.2,0.4,4.2,0.3,0.1,19934.5,17765.3,18.4
2020-07-31,1.5,1.8,2.8,1.2,1.4,1.5,1.6,2.6,1.7,1.7,0.3,0.4,0.6,0.3,0.3,0.4,-0.8,2.4,0.2,0.3,20186.3,17977.1,17.8
2020-08-31,0.7,-0.3,0.3,-0.5,1.3,1.1,-1.4,-1.7,0.7,1.0,0.3,0.5,1.0,0.2,0.2,0.3,0.0,0.8,0.3,0.3,19579.7,17329.2,13.9
2020-09-30,1.4,1.7,1.0,2.1,1.2,1.4,0.5,2.1,1.5,1.5,0.2,-0.1,0.1,-0.2,0.3,0.2,-0.2,1.0,0.1,0.1,19736.8,17451.7,13.1
2020-10-31,0.3,-0.3,0.0,-0.5,0.6,0.4,-0.5,-1.6,0.3,0.5,0.1,-0.1,0.2,-0.2,0.1,0.1,0.2,-0.6,0.0,0.0,19731.7,17394.6,12.6
2020-11-30,-0.3,-0.4,-0.4,-0.4,-0.2,-0.2,0.8,-3.9,-0.2,-0.1,0.1,0.2,0.1,0.2,0.1,0.1,0.0,0.7,0.1,0.1,19581.1,17200.9,11.8
2020-12-31,0.4,1.0,1.9,0.5,0.1,0.3,-0.1,5.2,0.4,0.3,0.4,0.6,0.3,0.8,0.4,0.3,0.2,4.4,0.4,0.2,19735.3,17319.1,11.8
2021-01-31,1.3,2.5,3.4,1.9,0.8,1.3,3.1,-0.5,1.6,1.5,0.4,0.5,0.0,0.8,0.3,0.3,0.1,2.3,0.3,0.2,21764.6,19244.0,19.2
2021-02-28,-1.0,-2.6,-3.4,-2.1,-0.2,-1.1,-1.3,2.8,-1.1,-1.3,0.4,0.4,0.1,0.5,0.4,0.2,0.1,4.4,0.4,0.2,20244.7,17703.8,12.6
2021-03-31,4.3,8.8,14.2,5.8,2.0,4.7,2.6,-0.8,4.7,5.2,0.5,0.6,0.3,0.7,0.5,0.4,0.2,4.4,0.5,0.4,24457.2,21875.4,25.9
2021-04-30,0.7,0.1,-0.3,0.3,1.1,0.8,0.7,0.0,0.9,0.9,0.6,0.8,1.5,0.4,0.4,0.6,0.3,0.1,0.5,0.5,21290.3,18651.9,12.0
2021-05-31,-0.3,-2.4,-5.0,-0.8,0.9,-0.3,-0.8,2.0,-0.2,-0.2,0.5,0.8,1.6,0.3,0.4,0.5,0.3,0.8,0.4,0.4,20886.6,18208.0,9.6
2021-06-30,0.9,0.6,-1.3,1.7,1.1,0.9,0.3,3.4,1.1,1.0,0.5,0.8,1.2,0.5,0.4,0.5,0.7,1.7,0.4,0.4,20927.4,18217.6,8.4
2021-07-31,-0.2,-2.4,-4.1,-1.5,0.9,-0.1,-1.2,-1.7,-0.5,-0.3,0.5,0.5,0.3,0.6,0.5,0.4,0.5,1.6,0.5,0.4,21157.2,18426.0,9.2
2021-08-31,0.6,0.6,-0.5,1.2,0.6,0.5,2.0,0.8,0.7,0.6,0.4,0.6,0.8,0.4,0.3,0.3,0.4,1.8,0.3,0.3,21208.9,18462.4,8.4
2021-09-30,0.2,0.0,0.1,-0.1,0.4,0.3,-0.8,-0.1,0.2,0.4,0.3,0.4,0.1,0.6,0.2,0.2,1.0,1.0,0.3,0.2,21080.3,18308.1,7.2
2021-10-31,0.7,1.2,2.6,0.4,0.4,0.8,0.2,-1.4,0.6,0.7,0.6,1.1,1.2,1.1,0.4,0.5,0.8,3.6,0.7,0.5,21242.9,18430.9,6.6
2021-11-30,0.2,0.2,0.3,0.1,0.3,0.2,-0.3,1.2,0.3,0.3,0.7,1.0,0.6,1.2,0.5,0.6,0.7,3.6,0.6,0.5,21351.5,18504.0,6.1
2021-12-31,-0.3,-1.1,-1.8,-0.7,0.1,-0.3,0.0,-1.1,-0.3,-0.3,0.6,0.8,1.0,0.7,0.5,0.6,0.4,1.8,0.6,0.5,21422.3,18540.7,6.0
2022-01-31,0.2,0.8,2.2,0.1,-0.2,0.0,0.4,2.3,0.3,0.2,0.5,0.7,1.2,0.5,0.4,0.5,0.9,0.2,0.5,0.5,21424.5,18201.9,3.6
2022-02-28,0.1,-1.1,-1.9,-0.6,0.6,0.1,-1.3,0.9,0.0,0.1,0.6,1.1,0.3,1.5,0.4,0.5,1.3,3.2,0.7,0.5,21572.9,18317.4,3.6
2022-03-31,0.5,0.4,0.9,0.1,0.5,0.7,-0.6,-0.9,0.5,0.7,0.9,1.5,-0.2,2.5,0.6,0.4,1.3,9.9,1.0,0.4,21674.7,18390.6,2.7
2022-04-30,0.4,0.5,1.3,0.0,0.4,0.4,-0.2,0.9,0.4,0.4,0.3,0.0,0.0,0.1,0.5,0.3,0.9,-1.2,0.3,0.3,21754.3,18446.5,2.2
2022-05-31,-0.2,-1.0,-2.7,-0.1,0.3,-0.2,-0.3,-0.3,-0.3,-0.3,0.6,0.9,0.3,1.2,0.5,0.4,1.2,4.1,0.7,0.4,21848.2,18541.9,2.3
2022-06-30,0.1,-0.2,0.2,-0.4,0.2,0.2,-0.1,-2.3,0.0,0.1,0.9,1.5,0.6,2.1,0.6,0.6,1.1,7.1,1.0,0.6,21956.3,18678.4,2.0
2022-07-31,0.0,-0.5,0.0,-0.8,0.2,0.1,-1.1,-0.8,-0.2,0.0,0.0,-0.5,-0.2,-0.6,0.3,0.2,1.2,-5.1,0.0,0.3,22163.7,18920.6,3.1
2022-08-31,0.6,0.5,0.7,0.4,0.6,0.6,0.1,0.3,0.6,0.6,0.3,-0.4,0.5,-0.8,0.6,0.6,0.8,-5.5,0.2,0.5,22304.0,19087.3,3.1
2022-09-30,0.2,0.2,-0.5,0.5,0.2,0.2,0.1,-0.2,0.2,0.2,0.3,0.0,0.5,-0.3,0.5,0.4,0.6,-2.4,0.3,0.4,22431.8,19216.8,3.1
2022-10-31,0.2,0.3,1.2,-0.1,0.1,0.2,0.0,0.2,0.3,0.3,0.4,0.4,-0.4,0.8,0.5,0.3,0.5,2.2,0.5,0.4,22579.7,19362.3,3.2
2022-11-30,-0.3,-1.0,-2.1,-0.4,0.1,-0.4,-0.4,1.2,-0.4,-0.5,0.3,0.0,-0.6,0.3,0.4,0.3,0.5,-0.6,0.2,0.2,22638.2,19431.1,3.4
2022-12-31,0.1,-0.4,-0.6,-0.3,0.3,0.0,-0.6,1.6,0.1,0.0,0.2,-0.6,-0.2,-0.7,0.5,0.4,0.4,-4.2,0.1,0.4,22718.6,19533.4,3.7
2023-01-31,1.4,3.0,6.5,1.2,0.6,1.8,0.3,-5.8,1.4,2.0,0.5,0.5,0.3,0.6,0.5,0.5,0.5,1.4,0.5,0.4,22855.1,20002.9,4.2
2023-02-28,0.0,-0.2,-1.1,0.3,0.1,-0.2,0.3,3.0,0.0,-0.2,0.3,0.2,0.0,0.3,0.4,0.4,0.2,-0.3,0.4,0.4,22984.2,20153.1,4.6
2023-03-31,-0.2,-1.2,-1.2,-1.2,0.2,-0.3,-1.3,3.1,-0.3,-0.4,0.1,-0.2,-0.1,-0.2,0.3,0.3,-0.1,-2.8,0.1,0.3,23104.4,20285.0,5.3
2023-04-30,0.3,0.9,1.1,0.7,0.1,0.4,0.6,-1.6,0.3,0.4,0.3,0.3,0.0,0.4,0.4,0.3,0.0,1.0,0.3,0.3,23194.0,20374.1,5.0
2023-05-31,0.1,-0.1,0.0,-0.2,0.1,0.1,0.1,-1.5,0.1,0.1,0.1,-0.1,0.1,-0.2,0.3,0.3,0.2,-3.1,0.1,0.3,23299.8,20473.3,5.2
2023-06-30,0.1,0.0,0.0,0.0,0.2,0.2,-0.2,-0.6,0.1,0.1,0.2,-0.1,-0.3,0.1,0.4,0.3,0.0,0.5,0.1,0.1,23372.5,20533.6,5.0
2023-07-31,0.4,0.7,0.9,0.6,0.3,0.3,0.6,2.3,0.5,0.4,0.1,-0.3,-0.7,0.0,0.3,0.1,0.2,-0.1,0.2,0.2,23427.8,20575.0,4.6
2023-08-31,0.0,0.0,-0.2,0.1,0.0,0.0,-0.1,-0.1,0.1,0.1,0.3,0.6,-0.4,1.1,0.2,0.1,0.2,4.9,0.3,0.1,23533.1,20666.8,4.7
2023-09-30,0.2,0.5,0.7,0.4,0.1,0.3,0.2,-0.8,0.4,0.5,0.3,0.2,0.0,0.3,0.4,0.3,0.2,1.3,0.3,0.3,23636.2,20757.4,4.4
2023-10-31,0.2,-0.1,-0.7,0.2,0.4,0.2,0.0,0.8,0.2,0.2,0.0,-0.3,-0.2,-0.3,0.2,0.1,0.2,-2.5,0.1,0.2,23708.3,20826.0,4.5
2023-11-30,0.4,0.4,0.8,0.2,0.5,0.5,0.3,-1.5,0.3,0.4,0.0,-0.5,-0.5,-0.6,0.3,0.1,-0.1,-1.8,0.0,0.1,23812.0,20918.1,4.6
2023-12-31,0.6,1.0,1.5,0.7,0.4,0.6,0.2,0.1,0.5,0.5,0.2,-0.2,-0.4,-0.1,0.3,0.2,0.0,-0.3,0.1,0.1,23903.1,20996.4,4.4
2024-01-31,-0.3,-1.2,-2.2,-0.7,0.1,-0.3,-0.5,0.2,-0.3,-0.4,0.4,-0.2,0.2,-0.4,0.7,0.5,0.5,-1.4,0.3,0.4,24226.7,21278.8,5.5
2024-02-29,0.2,-0.2,0.6,-0.6,0.4,0.4,0.0,-2.8,0.1,0.3,0.3,0.5,0.1,0.6,0.2,0.2,0.1,2.3,0.3,0.2,24330.9,21364.6,5.4
2024-03-31,0.4,0.9,0.5,1.1,0.2,0.3,0.8,1.4,0.4,0.3,0.3,0.1,0.1,0.2,0.4,0.3,0.0,1.1,0.3,0.3,24474.9,21492.3,5.2
2024-04-30,0.0,-0.4,-0.3,-0.4,0.2,0.0,-0.1,1.0,0.0,-0.1,0.3,0.2,-0.2,0.5,0.3,0.3,-0.2,1.2,0.2,0.2,24511.1,21521.4,5.1
2024-05-31,0.5,0.9,1.8,0.4,0.3,0.5,-0.1,1.7,0.5,0.5,0.0,-0.4,-0.8,-0.1,0.2,0.1,0.1,-2.1,0.0,0.1,24584.2,21576.7,4.9
2024-06-30,0.1,0.0,-0.3,0.2,0.2,0.2,0.3,-0.7,0.1,0.1,0.1,-0.2,0.0,-0.3,0.3,0.2,0.1,-2.1,0.1,0.2,24626.7,21607.7,4.8
2024-07-31,0.4,1.0,1.5,0.7,0.2,0.4,0.5,0.2,0.4,0.5,0.2,0.0,-0.3,0.1,0.3,0.2,0.2,0.0,0.2,0.2,24669.3,21630.7,4.3
2024-08-31,0.1,-0.5,-0.8,-0.3,0.3,0.2,-0.4,-0.9,0.0,0.0,0.1,-0.2,-0.2,-0.1,0.2,0.2,0.1,-0.8,0.1,0.2,24701.3,21644.4,4.2
2024-09-30,0.5,1.2,1.4,1.2,0.2,0.5,0.7,0.5,0.5,0.5,0.2,-0.1,0.3,-0.4,0.3,0.3,0.4,-2.1,0.1,0.2,24779.7,21712.5,3.8
2024-10-31,0.1,-0.1,0.1,-0.2,0.2,0.2,0.1,-0.8,0.1,0.1,0.3,0.0,0.0,0.0,0.4,0.3,0.2,-0.3,0.2,0.2,24950.6,21852.3,4.1
2024-11-30,0.4,0.8,2.3,0.0,0.3,0.6,-0.3,-1.8,0.4,0.6,0.1,0.0,-0.1,0.0,0.2,0.1,0.3,0.1,0.1,0.1,25037.1,21915.4,3.9
2024-12-31,0.6,1.2,2.0,0.8,0.3,0.4,0.6,4.2,0.7,0.5,0.3,0.1,-0.5,0.4,0.4,0.2,0.2,2.4,0.2,0.1,25139.1,22006.2,3.5
2025-01-31,-0.6,-1.7,-4.2,-0.4,0.0,-0.8,-0.2,3.7,-0.5,-0.7,0.4,0.5,0.3,0.6,0.3,0.3,0.3,1.2,0.3,0.3,25274.9,22100.8,4.2
2025-02-28,-0.1,0.2,-0.1,0.4,-0.2,0.0,0.3,-3.1,0.0,0.1,0.4,0.2,0.4,0.1,0.5,0.5,0.0,0.1,0.3,0.4,25456.0,22264.2,4.4
2025-03-31,0.7,1.6,3.9,0.3,0.3,0.9,-0.3,-2.7,0.6,0.8,0.0,-0.5,-0.1,-0.7,0.2,0.1,0.5,-2.7,0.0,0.1,25619.3,22408.3,4.4
2025-04-30,0.1,0.0,-0.2,0.1,0.1,0.0,0.2,1.4,0.2,0.1,0.2,0.1,0.5,-0.1,0.2,0.2,-0.3,0.5,0.2,0.2,25823.5,22594.3,5.0
2025-05-31,-0.2,-0.8,-1.8,-0.3,0.1,-0.2,-0.2,-1.4,-0.3,-0.2,0.2,0.1,0.0,0.1,0.2,0.2,0.2,-1.0,0.1,0.2,25722.7,22476.2,4.5
2025-06-30,0.1,0.1,-0.5,0.4,0.1,0.0,0.2,1.1,0.1,0.0,0.3,0.4,0.5,0.4,0.2,0.3,0.3,0.9,0.3,0.3,25794.1,22537.2,4.5
