date,active_listings_us,median_days_market_us,median_price_us,median_price_sqft_us,median_sqft_us,new_listings_us,price_reduced_us,active_listings_ca,median_price_ca,median_days_market_ca,new_listings_ca,median_price_sqft_ca,active_listings_tx,median_price_tx,median_days_market_tx,new_listings_tx,median_price_sqft_tx,active_listings_fl,median_price_fl,median_days_market_fl,new_listings_fl,median_price_sqft_fl,active_listings_ny,median_price_ny,median_days_market_ny,new_listings_ny,median_price_sqft_ny,active_listings_il,median_price_il,median_days_market_il,new_listings_il,active_listings_pa,median_price_pa,median_days_market_pa,new_listings_pa,active_listings_oh,median_price_oh,median_days_market_oh,new_listings_oh,active_listings_ga,median_price_ga,median_days_market_ga,new_listings_ga,active_listings_nc,median_price_nc,median_days_market_nc,new_listings_nc,active_listings_mi,median_price_mi,median_days_market_mi,new_listings_mi,active_listings_wa,median_price_wa,median_days_market_wa,new_listings_wa,active_listings_va,median_price_va,median_days_market_va,new_listings_va,active_listings_az,median_price_az,median_days_market_az,new_listings_az,active_listings_tn,median_price_tn,median_days_market_tn,new_listings_tn,active_listings_ma,median_price_ma,median_days_market_ma,new_listings_ma,active_listings_co,median_price_co,median_days_market_co,new_listings_co
2020-01-01,951699.0,82.0,299250.0,149.0,1912.0,379396.0,208486.0,51831.0,549450.0,68.0,32302.0,304.0,86006.0,283950.0,75.0,34090.0,131.0,129170.0,329995.0,79.0,47790.0,187.0,49511.0,464450.0,100.0,15516.0,230.0,42147.0,229850.0,84.0,13840.0,31073.0,219000.0,94.0,10718.0,23480.0,173450.0,79.0,10796.0,39356.0,284950.0,80.0,14920.0,34754.0,309919.0,89.0,13966.0,29734.0,199900.0,83.0,10276.0,11160.0,449950.0,74.0,5680.0,22579.0,310000.0,79.0,10100.0,18560.0,357000.0,65.0,11714.0,20892.0,284900.0,71.0,9618.0,10977.0,499900.0,85.0,5530.0,15193.0,481950.0,82.0,7682.0
2020-02-01,928363.0,73.0,305490.0,151.0,1920.0,413568.0,206088.0,51455.0,575000.0,46.0,35508.0,316.0,85285.0,287220.0,65.0,36952.0,132.0,129210.0,336122.0,73.0,46364.0,190.0,49905.0,479999.0,94.0,16292.0,240.0,42140.0,244900.0,66.0,17276.0,29338.0,225000.0,89.0,12432.0,21160.0,174900.0,73.0,12044.0,38262.0,287900.0,71.0,15872.0,32887.0,316400.0,86.0,15040.0,27897.0,209900.0,81.0,12420.0,10656.0,458900.0,47.0,8544.0,22206.0,320000.0,63.0,12036.0,17451.0,365839.0,50.0,12376.0,19495.0,289800.0,64.0,9716.0,10629.0,525000.0,67.0,6644.0,14312.0,499900.0,72.0,8176.0
2020-03-01,937341.0,57.0,319000.0,155.0,1941.0,479598.0,213624.0,52489.0,599000.0,44.0,36270.0,328.0,88824.0,289495.0,53.0,41458.0,133.0,129064.0,338000.0,64.0,46502.0,190.0,50874.0,495000.0,69.0,16934.0,249.0,42525.0,254950.0,51.0,18818.0,29094.0,234900.0,64.0,14488.0,20436.0,188900.0,54.0,14320.0,37947.0,295445.0,58.0,17754.0,33146.0,323126.0,60.0,18642.0,26748.0,224950.0,60.0,14284.0,11694.0,472450.0,33.0,11246.0,22904.0,337450.0,44.0,15366.0,17144.0,372000.0,44.0,14164.0,18846.0,297000.0,51.0,11360.0,11607.0,549900.0,39.0,9146.0,15360.0,509391.0,45.0,11534.0
2020-04-01,941752.0,60.0,319250.0,155.0,1937.0,348798.0,160520.0,54869.0,580000.0,50.0,27096.0,323.0,88888.0,293889.0,58.0,30792.0,134.0,129972.0,329450.0,71.0,30544.0,188.0,47790.0,497500.0,82.0,9274.0,250.0,40637.0,250000.0,58.0,11882.0,26853.0,232188.0,77.0,5276.0,20086.0,194950.0,55.0,10690.0,39854.0,295000.0,59.0,14094.0,34163.0,319900.0,62.0,13066.0,25839.0,229900.0,68.0,5188.0,12752.0,472450.0,38.0,7308.0,23789.0,339850.0,47.0,11678.0,20068.0,355993.0,42.0,10808.0,19620.0,299900.0,50.0,9970.0,11430.0,549450.0,51.0,5612.0,16367.0,499450.0,46.0,7062.0
2020-05-01,928387.0,68.0,329000.0,159.0,1956.0,450560.0,199508.0,57818.0,610000.0,57.0,37912.0,342.0,86730.0,299900.0,64.0,40252.0,137.0,125101.0,330000.0,81.0,40072.0,189.0,46552.0,498000.0,94.0,16152.0,250.0,39964.0,264900.0,66.0,17428.0,28222.0,239900.0,85.0,12480.0,18629.0,205000.0,64.0,13808.0,38510.0,299990.0,64.0,16512.0,32726.0,329900.0,70.0,16384.0,27571.0,239900.0,71.0,16580.0,13567.0,488735.0,44.0,10336.0,22766.0,349900.0,57.0,12176.0,18861.0,365000.0,53.0,11620.0,18905.0,312000.0,53.0,11236.0,12163.0,568500.0,60.0,8752.0,18163.0,499900.0,52.0,12748.0
2020-06-01,871577.0,62.0,339450.0,163.0,1970.0,496332.0,221520.0,54730.0,652450.0,49.0,39012.0,367.0,79078.0,309460.0,58.0,42044.0,139.0,114937.0,339000.0,88.0,43542.0,194.0,49162.0,501272.0,96.0,22274.0,260.0,39199.0,271236.0,52.0,21352.0,27656.0,249950.0,69.0,18206.0,17161.0,219450.0,53.0,15580.0,34778.0,314950.0,63.0,17402.0,28985.0,339900.0,71.0,17084.0,26411.0,251450.0,45.0,17392.0,13400.0,497450.0,38.0,11310.0,20828.0,356950.0,54.0,13348.0,14614.0,393950.0,58.0,11496.0,17054.0,324005.0,49.0,11522.0,12402.0,599000.0,40.0,10358.0,19181.0,517000.0,43.0,14020.0
2020-07-01,822849.0,53.0,345000.0,166.0,1964.0,505862.0,215888.0,50226.0,691500.0,46.0,41480.0,386.0,74650.0,310000.0,53.0,40286.0,140.0,106592.0,339950.0,75.0,42666.0,196.0,52671.0,529950.0,52.0,23494.0,282.0,37961.0,278450.0,46.0,20842.0,25661.0,259900.0,49.0,16602.0,16394.0,221123.0,45.0,15570.0,31674.0,319993.0,61.0,17076.0,26554.0,344411.0,60.0,17164.0,25171.0,255000.0,45.0,16736.0,13227.0,499950.0,36.0,12036.0,19284.0,359350.0,47.0,13926.0,12457.0,399900.0,50.0,11996.0,16262.0,325000.0,45.0,11036.0,11500.0,609675.0,40.0,9576.0,18358.0,520000.0,44.0,13176.0
2020-08-01,779567.0,51.0,349000.0,168.0,1943.0,493892.0,203960.0,47061.0,699900.0,43.0,42816.0,405.0,70500.0,310000.0,52.0,39084.0,141.0,100556.0,343000.0,69.0,43628.0,199.0,52415.0,549000.0,52.0,22164.0,299.0,37155.0,279900.0,45.0,19912.0,24268.0,262125.0,48.0,16008.0,15955.0,219900.0,44.0,15892.0,29236.0,324000.0,58.0,17576.0,24345.0,346000.0,53.0,17344.0,23666.0,254900.0,44.0,16696.0,13141.0,499950.0,36.0,11384.0,17819.0,360000.0,43.0,13820.0,11691.0,399900.0,38.0,13016.0,14703.0,329000.0,42.0,11656.0,11164.0,629900.0,38.0,9264.0,17300.0,520000.0,44.0,12432.0
2020-09-01,749403.0,50.0,349000.0,171.0,1909.0,484440.0,197004.0,47014.0,705000.0,42.0,43898.0,411.0,65706.0,309995.0,54.0,35496.0,143.0,95404.0,345000.0,67.0,42872.0,203.0,52723.0,554500.0,57.0,22422.0,306.0,36885.0,282223.0,46.0,18706.0,23534.0,265075.0,48.0,15972.0,16007.0,212400.0,43.0,15530.0,27149.0,324128.0,56.0,16460.0,22698.0,349000.0,51.0,17078.0,22241.0,249900.0,44.0,15304.0,12834.0,499925.0,36.0,13524.0,17341.0,359900.0,40.0,13710.0,11582.0,399900.0,35.0,13510.0,13570.0,325200.0,41.0,10932.0,11619.0,629000.0,36.0,10344.0,15916.0,505975.0,44.0,11602.0
2020-10-01,734048.0,51.0,349000.0,173.0,1884.0,456300.0,194944.0,47793.0,719000.0,42.0,43116.0,420.0,63053.0,309000.0,54.0,34948.0,144.0,93553.0,345000.0,64.0,45376.0,205.0,53335.0,575000.0,58.0,21416.0,319.0,36686.0,279900.0,47.0,16824.0,23160.0,268800.0,51.0,14568.0,16439.0,200000.0,42.0,15252.0,26518.0,320000.0,54.0,16748.0,21931.0,348935.0,51.0,16880.0,21017.0,249000.0,44.0,14228.0,12124.0,499900.0,37.0,10024.0,17073.0,359000.0,43.0,12924.0,11711.0,399900.0,34.0,13948.0,13006.0,322500.0,40.0,10552.0,11928.0,625000.0,36.0,9204.0,14298.0,505000.0,44.0,10776.0
2020-11-01,683830.0,54.0,342000.0,174.0,1854.0,389802.0,168206.0,44523.0,712450.0,47.0,33774.0,422.0,59392.0,304399.0,56.0,31722.0,145.0,91402.0,344945.0,64.0,40284.0,205.0,50315.0,571950.0,68.0,15346.0,322.0,33891.0,269950.0,53.0,12722.0,21796.0,265000.0,56.0,11796.0,15921.0,191575.0,48.0,11648.0,24648.0,319012.0,57.0,14006.0,20563.0,344950.0,56.0,13794.0,18924.0,239900.0,49.0,10876.0,8709.0,504494.0,45.0,7176.0,16315.0,350000.0,46.0,10690.0,11120.0,394000.0,40.0,11428.0,12481.0,316944.0,43.0,9446.0,10570.0,609900.0,50.0,6880.0,12042.0,507656.0,51.0,7886.0
2020-12-01,612307.0,62.0,336250.0,173.0,1828.0,309722.0,113610.0,36847.0,704450.0,57.0,26804.0,421.0,54108.0,299900.0,60.0,27402.0,145.0,86812.0,342250.0,66.0,36846.0,207.0,45880.0,569000.0,81.0,14466.0,329.0,29432.0,259450.0,62.0,9918.0,19585.0,259900.0,65.0,8340.0,14047.0,188250.0,58.0,8798.0,22472.0,314950.0,64.0,11938.0,18630.0,342200.0,61.0,11534.0,16711.0,234950.0,58.0,8698.0,6845.0,499925.0,52.0,5906.0,14384.0,345000.0,52.0,8268.0,9531.0,384500.0,44.0,9148.0,11335.0,314950.0,47.0,7548.0,8309.0,599000.0,65.0,4182.0,10069.0,510500.0,62.0,6172.0
2021-01-01,531780.0,66.0,335000.0,175.0,1805.0,362648.0,99160.0,30995.0,699000.0,57.0,32868.0,426.0,47616.0,299000.0,61.0,31804.0,145.0,77534.0,340000.0,70.0,42060.0,211.0,39831.0,575000.0,92.0,15284.0,342.0,25588.0,254900.0,68.0,13012.0,17120.0,259000.0,75.0,9924.0,12002.0,184500.0,64.0,9424.0,19733.0,315000.0,63.0,13908.0,16048.0,340950.0,66.0,12960.0,14011.0,234900.0,64.0,8716.0,5486.0,499000.0,48.0,7012.0,12426.0,339900.0,57.0,10056.0,8079.0,389000.0,45.0,11512.0,9852.0,315000.0,53.0,8676.0,6505.0,625000.0,67.0,5384.0,8549.0,520000.0,66.0,7864.0
2021-02-01,464924.0,56.0,343500.0,181.0,1797.0,380256.0,78840.0,29404.0,724900.0,38.0,36670.0,442.0,40924.0,299662.0,51.0,31454.0,147.0,66242.0,344950.0,62.0,43618.0,216.0,37821.0,590000.0,93.0,13772.0,358.0,22582.0,262450.0,57.0,13928.0,14639.0,264950.0,73.0,9880.0,9605.0,192125.0,59.0,9760.0,16843.0,319994.0,47.0,15124.0,13646.0,344695.0,54.0,14062.0,11654.0,242450.0,53.0,8822.0,4994.0,500000.0,35.0,7372.0,11069.0,345228.0,44.0,10324.0,6674.0,390975.0,36.0,11708.0,8053.0,322450.0,39.0,9246.0,5814.0,638500.0,44.0,5580.0,7935.0,529950.0,42.0,8910.0
2021-03-01,440592.0,45.0,352450.0,186.0,1800.0,454354.0,82436.0,29422.0,732500.0,34.0,41256.0,447.0,38024.0,306000.0,48.0,36250.0,150.0,56290.0,349950.0,51.0,47676.0,221.0,36544.0,595000.0,67.0,19978.0,363.0,21642.0,278700.0,46.0,18626.0,14257.0,272450.0,52.0,13666.0,9254.0,199450.0,40.0,13108.0,15781.0,327450.0,41.0,16950.0,12347.0,347000.0,40.0,15962.0,11109.0,250000.0,39.0,11884.0,5461.0,525000.0,28.0,10938.0,11151.0,357000.0,35.0,13874.0,6421.0,399700.0,31.0,13106.0,7380.0,329125.0,35.0,9922.0,6260.0,647000.0,26.0,8110.0,7815.0,549000.0,34.0,10234.0
2021-04-01,435667.0,37.0,369450.0,192.0,1809.0,491776.0,83290.0,30689.0,749000.0,33.0,43210.0,448.0,35997.0,319045.0,39.0,39868.0,153.0,50741.0,361741.0,46.0,46308.0,227.0,37445.0,599000.0,55.0,22114.0,370.0,21573.0,289450.0,38.0,20532.0,14699.0,280000.0,39.0,16168.0,9295.0,217000.0,32.0,14358.0,15419.0,342762.0,38.0,17726.0,11972.0,350000.0,37.0,16892.0,11138.0,259450.0,31.0,13344.0,5713.0,549996.0,25.0,11020.0,11726.0,369450.0,30.0,15708.0,6821.0,412500.0,29.0,13258.0,7060.0,340425.0,30.0,10682.0,6781.0,649450.0,23.0,8934.0,7719.0,555400.0,30.0,10808.0
2021-05-01,447670.0,35.0,376414.0,196.0,1823.0,509604.0,95720.0,32106.0,749900.0,32.0,44680.0,450.0,36222.0,330000.0,36.0,41400.0,158.0,47360.0,375000.0,42.0,47524.0,233.0,39526.0,599000.0,50.0,23608.0,369.0,22330.0,299894.0,36.0,21568.0,15682.0,285000.0,37.0,16960.0,10343.0,220000.0,26.0,16628.0,15603.0,349990.0,36.0,18292.0,12055.0,354450.0,36.0,17492.0,12589.0,259900.0,25.0,15516.0,6258.0,569900.0,23.0,11852.0,12384.0,375000.0,29.0,16416.0,7085.0,430000.0,29.0,13412.0,7257.0,345000.0,25.0,11268.0,6994.0,650000.0,22.0,9936.0,8117.0,575000.0,26.0,11664.0
2021-06-01,492432.0,33.0,379900.0,197.0,1827.0,545860.0,124414.0,34887.0,749970.0,31.0,45542.0,451.0,39770.0,339945.0,35.0,45674.0,162.0,47829.0,385000.0,40.0,46122.0,236.0,41577.0,589500.0,50.0,22790.0,354.0,24844.0,299900.0,35.0,22194.0,18520.0,279950.0,36.0,18736.0,12054.0,219900.0,25.0,17542.0,17083.0,350000.0,36.0,19270.0,13222.0,359443.0,33.0,17810.0,15422.0,260000.0,25.0,17200.0,7216.0,577475.0,23.0,12788.0,13745.0,381396.0,30.0,16246.0,7978.0,440000.0,29.0,13260.0,8082.0,340000.0,24.0,11780.0,8294.0,649700.0,22.0,11200.0,9578.0,585000.0,23.0,13652.0
2021-07-01,546697.0,35.0,379000.0,196.0,1827.0,520628.0,168316.0,39163.0,744600.0,31.0,44652.0,444.0,45796.0,349000.0,33.0,44364.0,165.0,51689.0,390000.0,40.0,45324.0,237.0,42544.0,569000.0,53.0,21080.0,339.0,27547.0,299000.0,36.0,21160.0,20426.0,275000.0,38.0,17392.0,14152.0,215000.0,28.0,17460.0,19279.0,356950.0,36.0,18644.0,14556.0,357738.0,36.0,17640.0,17040.0,259900.0,29.0,17512.0,8167.0,579000.0,27.0,11848.0,15358.0,379900.0,31.0,15400.0,9232.0,450000.0,29.0,13148.0,9474.0,339900.0,26.0,12480.0,8541.0,629900.0,31.0,8452.0,11094.0,582595.0,27.0,12636.0
2021-08-01,574649.0,37.0,375000.0,196.0,1821.0,493428.0,183772.0,40208.0,722500.0,33.0,42426.0,435.0,50358.0,349900.0,36.0,40866.0,165.0,53233.0,396500.0,42.0,44384.0,240.0,42142.0,549950.0,58.0,20176.0,330.0,28642.0,289450.0,38.0,18972.0,21172.0,269900.0,41.0,16506.0,15670.0,212400.0,30.0,16474.0,19998.0,353034.0,39.0,18126.0,15362.0,353950.0,36.0,17190.0,18616.0,252500.0,30.0,16570.0,8708.0,575000.0,29.0,11554.0,15622.0,375000.0,33.0,14080.0,9907.0,450000.0,30.0,13392.0,10257.0,340000.0,29.0,11860.0,8549.0,602400.0,32.0,8116.0,11545.0,581674.0,30.0,11744.0
2021-09-01,578079.0,41.0,375000.0,197.0,1813.0,457160.0,182530.0,40067.0,705000.0,36.0,39772.0,428.0,50465.0,349900.0,41.0,37762.0,167.0,53143.0,399450.0,44.0,42080.0,243.0,41154.0,549450.0,61.0,19730.0,328.0,28743.0,280960.0,40.0,17184.0,21368.0,269450.0,46.0,15384.0,15602.0,200950.0,37.0,14922.0,20200.0,353425.0,44.0,16422.0,15662.0,359450.0,38.0,16306.0,18806.0,248700.0,36.0,14606.0,9043.0,575000.0,31.0,11254.0,15493.0,377328.0,37.0,13004.0,10349.0,449750.0,32.0,12560.0,10513.0,342500.0,33.0,11030.0,9077.0,612450.0,31.0,9454.0,11481.0,575000.0,33.0,10772.0
2021-10-01,565716.0,43.0,375000.0,197.0,1806.0,430272.0,172756.0,39135.0,700000.0,37.0,38752.0,424.0,48982.0,349900.0,45.0,35068.0,167.0,52088.0,400000.0,45.0,41760.0,243.0,41137.0,550000.0,62.0,17364.0,334.0,28120.0,279900.0,43.0,15472.0,21060.0,265000.0,49.0,14788.0,15564.0,199000.0,38.0,14356.0,19648.0,350828.0,46.0,15940.0,15560.0,365000.0,40.0,15936.0,18016.0,240000.0,38.0,13512.0,8493.0,575000.0,35.0,9628.0,14702.0,379000.0,39.0,12156.0,10631.0,450000.0,33.0,12404.0,10454.0,349900.0,35.0,10344.0,8878.0,625000.0,31.0,7736.0,10819.0,578000.0,36.0,9976.0
2021-11-01,512250.0,46.0,374131.0,196.0,1799.0,375248.0,136484.0,33635.0,699450.0,42.0,31338.0,419.0,46035.0,349833.0,48.0,33856.0,168.0,48959.0,409995.0,47.0,39178.0,246.0,37805.0,554500.0,65.0,14018.0,339.0,24940.0,268700.0,47.0,12648.0,19281.0,259911.0,52.0,12448.0,14212.0,192450.0,42.0,12244.0,19064.0,357950.0,46.0,14778.0,14426.0,367000.0,43.0,15002.0,16342.0,229900.0,44.0,11286.0,6907.0,565000.0,40.0,7348.0,12630.0,372445.0,43.0,10258.0,10296.0,450000.0,35.0,11372.0,9621.0,349995.0,37.0,9818.0,7471.0,599900.0,40.0,6088.0,8904.0,569450.0,43.0,7854.0
2021-12-01,445310.0,53.0,369158.0,195.0,1787.0,286166.0,89672.0,26612.0,692928.0,48.0,23192.0,413.0,41799.0,345500.0,51.0,27114.0,169.0,45302.0,414950.0,55.0,34156.0,250.0,32936.0,549945.0,76.0,11308.0,343.0,20986.0,257000.0,56.0,9040.0,16852.0,250000.0,60.0,8858.0,12261.0,187000.0,50.0,8766.0,17728.0,355000.0,51.0,12036.0,12521.0,364950.0,50.0,10832.0,14017.0,221450.0,52.0,8068.0,5248.0,550000.0,46.0,5404.0,10323.0,366975.0,49.0,7424.0,9220.0,450000.0,40.0,9404.0,8510.0,349125.0,43.0,7508.0,5489.0,616825.0,52.0,3740.0,8516.0,549500.0,53.0,5474.0
2022-01-01,376973.0,59.0,369900.0,197.0,1776.0,323876.0,69776.0,22698.0,695000.0,45.0,30324.0,416.0,36614.0,339990.0,58.0,30620.0,169.0,39961.0,420000.0,53.0,39724.0,255.0,28495.0,549361.0,86.0,11276.0,350.0,17443.0,249900.0,63.0,10872.0,14332.0,250000.0,68.0,9540.0,10147.0,184900.0,56.0,9104.0,14940.0,355200.0,55.0,13312.0,10387.0,370000.0,56.0,10864.0,11539.0,219900.0,60.0,8652.0,4048.0,559900.0,46.0,6144.0,8436.0,365000.0,55.0,7672.0,7980.0,460000.0,42.0,10592.0,7258.0,349900.0,46.0,7496.0,4213.0,640000.0,58.0,4056.0,5898.0,579834.0,54.0,6748.0
2022-02-01,346514.0,41.0,384500.0,205.0,1781.0,368452.0,64958.0,23715.0,715447.0,29.0,34992.0,442.0,33022.0,342500.0,40.0,32302.0,171.0,35586.0,429500.0,38.0,42718.0,261.0,27695.0,580000.0,77.0,14826.0,375.0,15726.0,255000.0,46.0,13410.0,12890.0,260950.0,57.0,11322.0,8596.0,189700.0,49.0,9788.0,13690.0,357950.0,38.0,15112.0,8725.0,369950.0,41.0,12344.0,10137.0,229450.0,45.0,9044.0,4239.0,587423.0,27.0,7916.0,7740.0,382425.0,35.0,10390.0,6826.0,470950.0,31.0,11670.0,6456.0,359935.0,31.0,9006.0,4107.0,677000.0,30.0,5356.0,5912.0,598235.0,30.0,8050.0
2022-03-01,354019.0,34.0,399450.0,213.0,1795.0,435132.0,75382.0,26338.0,749450.0,27.0,39556.0,454.0,32738.0,352075.0,36.0,35972.0,176.0,35653.0,449450.0,34.0,45336.0,270.0,28782.0,599000.0,51.0,18134.0,388.0,15782.0,277200.0,38.0,16462.0,13115.0,273350.0,42.0,14166.0,8352.0,202400.0,34.0,12798.0,13758.0,369200.0,34.0,16708.0,8833.0,377000.0,31.0,15168.0,10178.0,242425.0,33.0,11718.0,4784.0,610230.0,24.0,9446.0,8083.0,395625.0,28.0,12472.0,6765.0,477500.0,30.0,12396.0,6777.0,367999.0,26.0,10350.0,4398.0,686950.0,21.0,9220.0,6411.0,615996.0,23.0,10110.0
2022-04-01,379980.0,30.0,419500.0,219.0,1812.0,495660.0,92736.0,29492.0,760000.0,27.0,42968.0,459.0,34932.0,369900.0,31.0,41912.0,181.0,38096.0,469000.0,33.0,47464.0,279.0,30165.0,600000.0,45.0,19232.0,391.0,16039.0,287790.0,33.0,18496.0,13865.0,283000.0,36.0,16172.0,8996.0,212000.0,26.0,15384.0,14426.0,379000.0,32.0,17980.0,9567.0,395000.0,26.0,16892.0,10572.0,259000.0,29.0,13824.0,5531.0,636000.0,22.0,10696.0,8987.0,415000.0,26.0,14484.0,7686.0,499000.0,26.0,13144.0,7668.0,398990.0,24.0,11768.0,5334.0,679900.0,17.0,9748.0,7382.0,630000.0,18.0,12384.0
2022-05-01,479469.0,30.0,437450.0,225.0,1852.0,526360.0,161880.0,40426.0,775000.0,27.0,44888.0,462.0,44106.0,396000.0,29.0,45564.0,190.0,47510.0,484312.0,31.0,51418.0,281.0,33724.0,601000.0,43.0,20664.0,377.0,18586.0,299950.0,31.0,19308.0,16492.0,292450.0,34.0,17124.0,11081.0,225000.0,25.0,16152.0,17734.0,396950.0,30.0,19606.0,13039.0,414565.0,26.0,19096.0,13696.0,277450.0,24.0,16208.0,8914.0,673675.0,19.0,13340.0,11407.0,429860.0,25.0,15390.0,11135.0,522450.0,24.0,15010.0,9909.0,421950.0,23.0,12800.0,6561.0,699450.0,17.0,9444.0,10316.0,649750.0,18.0,13362.0
2022-06-01,573660.0,31.0,449000.0,227.0,1877.0,533440.0,245490.0,48883.0,775000.0,30.0,42830.0,461.0,54809.0,402450.0,29.0,49812.0,193.0,58237.0,493500.0,33.0,51344.0,282.0,36678.0,599000.0,43.0,20178.0,359.0,21175.0,307125.0,32.0,19036.0,18731.0,298500.0,36.0,17338.0,13051.0,229950.0,25.0,17020.0,20964.0,400000.0,30.0,19816.0,16231.0,425000.0,30.0,19154.0,16627.0,284950.0,25.0,17666.0,11861.0,677475.0,23.0,13066.0,13161.0,439450.0,29.0,14142.0,15372.0,525000.0,26.0,15080.0,12820.0,429950.0,25.0,13704.0,8221.0,699000.0,19.0,10396.0,13367.0,649000.0,23.0,14116.0
2022-07-01,691663.0,34.0,443900.0,226.0,1880.0,471952.0,323960.0,59196.0,750000.0,33.0,37416.0,452.0,68582.0,400000.0,32.0,45276.0,193.0,73645.0,484900.0,36.0,46184.0,276.0,39156.0,590000.0,48.0,16948.0,344.0,24423.0,300000.0,34.0,16576.0,21314.0,295000.0,38.0,15056.0,15398.0,232000.0,30.0,15584.0,25872.0,399990.0,32.0,17260.0,20397.0,420000.0,33.0,16648.0,20313.0,284900.0,30.0,15668.0,15198.0,650000.0,30.0,11460.0,15003.0,437000.0,31.0,12348.0,20621.0,500000.0,32.0,13672.0,16167.0,439000.0,29.0,12788.0,9229.0,678000.0,29.0,7684.0,17129.0,629900.0,29.0,11720.0
2022-08-01,726793.0,41.0,432588.0,222.0,1877.0,418474.0,314308.0,59973.0,737500.0,40.0,33570.0,441.0,76269.0,396500.0,39.0,38994.0,190.0,80072.0,474500.0,44.0,41680.0,271.0,39169.0,577000.0,58.0,15514.0,339.0,24774.0,299900.0,38.0,14048.0,21671.0,287950.0,45.0,13452.0,16164.0,229950.0,36.0,13862.0,27747.0,399000.0,39.0,15892.0,22140.0,415000.0,41.0,17066.0,21541.0,275000.0,37.0,14186.0,15728.0,642463.0,36.0,9544.0,14885.0,432495.0,38.0,10480.0,23182.0,489950.0,39.0,11816.0,17429.0,432445.0,36.0,11646.0,8771.0,662000.0,36.0,6464.0,18029.0,615750.0,38.0,9974.0
2022-09-01,731511.0,47.0,427750.0,220.0,1873.0,393884.0,319216.0,58145.0,725000.0,47.0,31290.0,432.0,77895.0,389950.0,47.0,35946.0,189.0,81829.0,465000.0,51.0,41008.0,267.0,39233.0,584000.0,65.0,18376.0,341.0,24717.0,299000.0,42.0,13428.0,21818.0,282970.0,50.0,13388.0,16185.0,225000.0,40.0,13184.0,28230.0,395000.0,45.0,14916.0,22869.0,412500.0,47.0,14484.0,21189.0,269950.0,43.0,12698.0,15299.0,630000.0,44.0,8466.0,14776.0,425000.0,42.0,10192.0,23725.0,478500.0,48.0,11090.0,18194.0,425000.0,40.0,10814.0,8944.0,672500.0,37.0,7508.0,17943.0,600000.0,44.0,8876.0
2022-10-01,752749.0,50.0,425000.0,218.0,1875.0,360284.0,328816.0,58449.0,715000.0,48.0,27812.0,429.0,81393.0,380990.0,51.0,34532.0,187.0,84324.0,459900.0,58.0,35460.0,266.0,39793.0,598000.0,65.0,14872.0,350.0,24885.0,290000.0,42.0,12184.0,22386.0,280000.0,52.0,12352.0,16890.0,225000.0,40.0,12528.0,29782.0,389900.0,47.0,14372.0,23982.0,410490.0,50.0,12792.0,21228.0,265000.0,44.0,12008.0,15211.0,625000.0,44.0,7476.0,14777.0,429000.0,42.0,9072.0,25185.0,470000.0,52.0,10520.0,19621.0,425000.0,43.0,9772.0,9218.0,675000.0,34.0,6316.0,17871.0,599000.0,50.0,7896.0
2022-11-01,750209.0,55.0,416000.0,215.0,1866.0,295006.0,284790.0,56046.0,699900.0,52.0,21996.0,424.0,83035.0,376000.0,55.0,28706.0,185.0,89633.0,455000.0,61.0,33738.0,265.0,38451.0,599000.0,67.0,11132.0,352.0,23940.0,282500.0,46.0,9654.0,22049.0,277000.0,56.0,10094.0,16616.0,224950.0,43.0,10130.0,30112.0,385000.0,52.0,11726.0,24389.0,400000.0,55.0,11046.0,20739.0,253500.0,48.0,9422.0,14176.0,607450.0,51.0,5174.0,14598.0,423995.0,45.0,7526.0,24771.0,462500.0,58.0,8128.0,20196.0,420000.0,47.0,8456.0,8750.0,673500.0,43.0,4798.0,16804.0,580950.0,57.0,5714.0
2022-12-01,680931.0,65.0,405000.0,213.0,1852.0,215940.0,171016.0,46827.0,695000.0,64.0,14892.0,413.0,77929.0,370000.0,65.0,22548.0,183.0,89502.0,450000.0,64.0,29752.0,266.0,34254.0,595000.0,80.0,7100.0,355.0,20830.0,274700.0,57.0,6380.0,19794.0,274000.0,67.0,6672.0,14562.0,219900.0,53.0,7028.0,28311.0,379900.0,63.0,9300.0,22937.0,399000.0,65.0,8276.0,18204.0,249900.0,59.0,6612.0,11462.0,599900.0,64.0,3032.0,12711.0,409900.0,55.0,5484.0,21639.0,454990.0,69.0,6712.0,18716.0,415000.0,58.0,5892.0,6739.0,675000.0,58.0,2672.0,14061.0,575614.0,70.0,3752.0
2023-01-01,616869.0,72.0,403706.0,214.0,1850.0,287140.0,191274.0,40126.0,687450.0,69.0,21082.0,410.0,72413.0,365000.0,71.0,29828.0,182.0,87717.0,450000.0,69.0,39734.0,269.0,30837.0,598500.0,89.0,10026.0,364.0,18289.0,274475.0,64.0,9156.0,17766.0,270000.0,78.0,8534.0,12523.0,219900.0,61.0,8104.0,25296.0,379900.0,69.0,11096.0,20763.0,398500.0,74.0,10836.0,15542.0,247450.0,67.0,7788.0,9549.0,599725.0,72.0,4872.0,11160.0,407109.0,62.0,7008.0,19785.0,461700.0,74.0,9412.0,17612.0,415000.0,66.0,8086.0,5725.0,677400.0,63.0,3944.0,12224.0,579950.0,77.0,5700.0
2023-02-01,579268.0,65.0,414375.0,217.0,1851.0,304872.0,165194.0,36953.0,699475.0,53.0,23692.0,422.0,69099.0,365000.0,65.0,30758.0,183.0,86380.0,455497.0,64.0,40160.0,271.0,30223.0,603500.0,87.0,11474.0,381.0,16433.0,277500.0,51.0,9998.0,16304.0,272500.0,73.0,9270.0,10839.0,228500.0,52.0,8834.0,23767.0,379423.0,56.0,12146.0,19037.0,399450.0,67.0,11274.0,13690.0,252450.0,63.0,7570.0,8387.0,614713.0,61.0,5298.0,10252.0,418750.0,48.0,7666.0,18317.0,469500.0,63.0,9552.0,16413.0,419450.0,55.0,8102.0,5236.0,714250.0,40.0,4200.0,11293.0,592450.0,68.0,6648.0
2023-03-01,562453.0,52.0,424000.0,220.0,1865.0,342380.0,165604.0,34821.0,722000.0,46.0,24118.0,434.0,68521.0,372495.0,52.0,33792.0,185.0,83981.0,464003.0,54.0,41006.0,275.0,30106.0,627000.0,65.0,13612.0,391.0,15603.0,293950.0,45.0,11852.0,15844.0,279950.0,55.0,11346.0,10451.0,237450.0,40.0,10396.0,22717.0,386745.0,49.0,13824.0,18091.0,401500.0,52.0,13342.0,12630.0,267000.0,51.0,8966.0,8224.0,628973.0,44.0,7128.0,10192.0,427400.0,40.0,9164.0,16905.0,479975.0,52.0,9270.0,15579.0,424971.0,46.0,9534.0,5470.0,744000.0,34.0,5428.0,11316.0,623498.0,48.0,7896.0
2023-04-01,562979.0,46.0,430000.0,222.0,1885.0,385052.0,166716.0,33489.0,750000.0,43.0,28032.0,452.0,68817.0,384900.0,47.0,36492.0,188.0,82354.0,465000.0,55.0,40440.0,276.0,30995.0,639900.0,57.0,15048.0,404.0,14945.0,305000.0,40.0,13164.0,16178.0,290000.0,45.0,12928.0,10790.0,249900.0,36.0,12096.0,21494.0,395000.0,44.0,13724.0,18087.0,419000.0,45.0,14144.0,12678.0,282817.0,41.0,11548.0,8556.0,649000.0,36.0,7612.0,10464.0,449000.0,35.0,10348.0,15448.0,495000.0,51.0,9464.0,15627.0,444900.0,42.0,10236.0,6065.0,759000.0,28.0,6752.0,12189.0,639900.0,39.0,9356.0
2023-05-01,582451.0,43.0,441007.0,225.0,1902.0,406776.0,182790.0,35289.0,774500.0,37.0,30946.0,459.0,71195.0,389950.0,45.0,38758.0,190.0,80912.0,475000.0,55.0,39012.0,281.0,32392.0,654500.0,54.0,17144.0,407.0,15402.0,321450.0,37.0,14242.0,16421.0,299000.0,44.0,13300.0,11048.0,257495.0,33.0,12844.0,21657.0,400000.0,42.0,14692.0,18587.0,425000.0,44.0,14584.0,13480.0,292450.0,33.0,12710.0,9810.0,650000.0,33.0,9032.0,10598.0,456000.0,34.0,11002.0,14594.0,500000.0,46.0,9498.0,16322.0,449995.0,39.0,10248.0,6443.0,799000.0,25.0,7146.0,13246.0,649450.0,37.0,10060.0
2023-06-01,614336.0,44.0,445000.0,225.0,1916.0,396170.0,206444.0,37531.0,777000.0,38.0,29314.0,462.0,76583.0,394975.0,45.0,40106.0,191.0,81676.0,478500.0,56.0,37172.0,281.0,33613.0,650000.0,53.0,15818.0,399.0,16432.0,329000.0,37.0,14156.0,17333.0,299900.0,45.0,13030.0,12010.0,269950.0,33.0,13066.0,22944.0,409000.0,42.0,14512.0,19483.0,429450.0,44.0,13942.0,14676.0,299250.0,33.0,13146.0,11170.0,650000.0,34.0,8838.0,11144.0,460000.0,36.0,10062.0,14137.0,512500.0,45.0,8654.0,17284.0,459450.0,40.0,10484.0,7113.0,799000.0,29.0,7282.0,15049.0,650000.0,36.0,10438.0
2023-07-01,647145.0,45.0,440000.0,224.0,1914.0,374104.0,228300.0,39845.0,775000.0,39.0,27340.0,461.0,81594.0,391860.0,45.0,38824.0,190.0,83090.0,475000.0,58.0,37508.0,280.0,33717.0,649000.0,58.0,13804.0,389.0,17538.0,329900.0,37.0,13716.0,17880.0,299316.0,46.0,12572.0,12608.0,274900.0,35.0,12440.0,24400.0,405000.0,43.0,14472.0,20078.0,425000.0,46.0,13548.0,16106.0,297000.0,36.0,12896.0,12179.0,650000.0,38.0,7764.0,11689.0,454970.0,37.0,9768.0,13894.0,510000.0,47.0,8284.0,18207.0,459000.0,40.0,10148.0,6863.0,799000.0,37.0,5540.0,16782.0,650000.0,38.0,9152.0
2023-08-01,669765.0,46.0,435495.0,223.0,1906.0,387238.0,240542.0,41612.0,768000.0,41.0,26904.0,460.0,84575.0,387170.0,49.0,34346.0,189.0,84883.0,474950.0,57.0,39098.0,278.0,34313.0,621500.0,62.0,14036.0,372.0,18067.0,329300.0,37.0,13250.0,18493.0,299444.0,46.0,12520.0,13553.0,274950.0,35.0,11804.0,25363.0,399900.0,44.0,13920.0,20847.0,421000.0,45.0,13502.0,17324.0,289900.0,38.0,12724.0,12709.0,649950.0,40.0,7586.0,12628.0,447499.0,37.0,9050.0,14544.0,502500.0,48.0,12084.0,19112.0,454995.0,43.0,9644.0,7037.0,782000.0,37.0,5766.0,17661.0,642400.0,44.0,9012.0
2023-09-01,702470.0,48.0,429503.0,222.0,1891.0,358088.0,263496.0,43688.0,760000.0,43.0,27892.0,462.0,87541.0,379900.0,51.0,33592.0,188.0,90722.0,469000.0,56.0,39304.0,277.0,37000.0,624999.0,64.0,14452.0,370.0,18933.0,324000.0,38.0,12240.0,19487.0,298000.0,47.0,12248.0,14714.0,265000.0,36.0,12232.0,27042.0,399900.0,45.0,13796.0,22130.0,417500.0,46.0,12880.0,18011.0,286900.0,42.0,11004.0,13189.0,649445.0,44.0,7044.0,13122.0,440000.0,39.0,9428.0,15422.0,499990.0,44.0,9072.0,19889.0,449950.0,44.0,10000.0,7587.0,778500.0,33.0,6552.0,18186.0,629990.0,49.0,7928.0
2023-10-01,738119.0,50.0,425000.0,221.0,1875.0,348692.0,276996.0,45905.0,756500.0,43.0,26124.0,461.0,91783.0,375000.0,54.0,32684.0,187.0,99874.0,467250.0,55.0,40772.0,278.0,35930.0,630000.0,61.0,13588.0,373.0,19628.0,316950.0,39.0,11290.0,20646.0,296625.0,47.0,12050.0,15931.0,259900.0,37.0,11788.0,28893.0,398671.0,46.0,13358.0,23925.0,414400.0,47.0,12918.0,18707.0,277450.0,44.0,11036.0,13198.0,642250.0,46.0,6798.0,14009.0,432200.0,40.0,8648.0,17563.0,499450.0,43.0,9552.0,20796.0,442495.0,45.0,9220.0,8209.0,769500.0,35.0,6012.0,17901.0,607450.0,51.0,7106.0
2023-11-01,755529.0,52.0,420000.0,221.0,1857.0,317146.0,256442.0,46119.0,749500.0,47.0,23018.0,456.0,92944.0,370000.0,58.0,29576.0,186.0,109378.0,462580.0,56.0,39672.0,277.0,36366.0,632500.0,63.0,11482.0,377.0,19574.0,304500.0,43.0,10174.0,20900.0,289514.0,50.0,10584.0,16319.0,250000.0,41.0,10406.0,29861.0,393450.0,48.0,12258.0,25052.0,402500.0,51.0,11888.0,18719.0,269900.0,46.0,9552.0,13762.0,627475.0,53.0,5328.0,14063.0,430434.0,44.0,7654.0,19101.0,494000.0,44.0,8622.0,21730.0,439000.0,48.0,8610.0,8094.0,749450.0,41.0,4754.0,17071.0,599000.0,57.0,5726.0
2023-12-01,714214.0,61.0,410000.0,219.0,1837.0,235584.0,160552.0,40314.0,725000.0,57.0,16576.0,439.0,88514.0,365000.0,65.0,23880.0,185.0,113490.0,459900.0,62.0,33820.0,278.0,30978.0,634900.0,76.0,7592.0,383.0,17462.0,294700.0,52.0,6224.0,19361.0,285000.0,61.0,7392.0,15200.0,249000.0,50.0,7500.0,28955.0,389350.0,58.0,9072.0,24618.0,397000.0,60.0,9136.0,16878.0,259900.0,56.0,6540.0,11681.0,614955.0,65.0,3784.0,12891.0,415000.0,53.0,5520.0,18811.0,494000.0,57.0,6228.0,21158.0,430000.0,57.0,6520.0,6473.0,739545.0,55.0,2864.0,14668.0,594900.0,71.0,3924.0
2024-01-01,665603.0,69.0,409500.0,221.0,1823.0,295190.0,182936.0,36174.0,713319.0,60.0,24240.0,438.0,83701.0,359945.0,71.0,29942.0,184.0,118163.0,459945.0,69.0,45834.0,280.0,28234.0,644000.0,86.0,9844.0,394.0,15422.0,290000.0,60.0,7720.0,17492.0,280000.0,72.0,8010.0,13353.0,245000.0,58.0,7818.0,27244.0,384735.0,61.0,12490.0,22637.0,394950.0,67.0,11576.0,14880.0,257000.0,61.0,7220.0,9811.0,610700.0,69.0,5422.0,11519.0,415000.0,60.0,6904.0,18084.0,499250.0,64.0,9306.0,19217.0,429995.0,65.0,7364.0,5409.0,749450.0,59.0,3820.0,12893.0,585000.0,76.0,6396.0
2024-02-01,664745.0,61.0,415500.0,224.0,1818.0,339380.0,201428.0,36326.0,730000.0,43.0,24854.0,451.0,84826.0,359950.0,61.0,35374.0,185.0,125963.0,459000.0,65.0,49294.0,280.0,28021.0,652520.0,83.0,11080.0,405.0,14821.0,297450.0,48.0,10782.0,16479.0,285378.0,69.0,9874.0,11975.0,249900.0,49.0,9350.0,27255.0,384950.0,49.0,13982.0,22427.0,395500.0,59.0,13090.0,14083.0,259900.0,55.0,8448.0,9477.0,619488.0,52.0,6718.0,11082.0,422625.0,46.0,8456.0,18606.0,504000.0,51.0,10386.0,18663.0,431000.0,58.0,9482.0,5275.0,777500.0,39.0,4270.0,12958.0,594500.0,61.0,7644.0
2024-03-01,694844.0,50.0,424900.0,228.0,1825.0,395536.0,220244.0,38622.0,749888.0,40.0,29588.0,462.0,89640.0,365000.0,50.0,40712.0,187.0,131880.0,454900.0,58.0,48164.0,278.0,28799.0,685000.0,58.0,13808.0,427.0,14833.0,316900.0,37.0,12700.0,16566.0,299000.0,49.0,11824.0,11652.0,260000.0,39.0,11156.0,28373.0,389715.0,45.0,15212.0,23459.0,399900.0,47.0,15168.0,14092.0,275000.0,45.0,10092.0,10230.0,629900.0,37.0,8252.0,11194.0,430575.0,38.0,9620.0,20461.0,500000.0,50.0,10556.0,19273.0,435000.0,44.0,10464.0,5701.0,799900.0,31.0,5976.0,14068.0,599900.0,43.0,8920.0
2024-04-01,734324.0,47.0,429950.0,230.0,1839.0,432032.0,250924.0,42968.0,771500.0,37.0,34500.0,471.0,95156.0,375000.0,48.0,45006.0,189.0,135259.0,450000.0,62.0,48350.0,277.0,30661.0,695000.0,52.0,15624.0,430.0,15336.0,325000.0,37.0,13946.0,17259.0,312500.0,44.0,13276.0,11863.0,279410.0,37.0,12384.0,30373.0,392409.0,44.0,17038.0,24747.0,410789.0,44.0,15994.0,14524.0,289900.0,40.0,12044.0,11815.0,644450.0,33.0,10566.0,12196.0,441000.0,36.0,11466.0,22390.0,511495.0,54.0,10512.0,20541.0,443450.0,43.0,12154.0,6494.0,799999.0,27.0,6964.0,16029.0,602500.0,40.0,10582.0
2024-05-01,787726.0,45.0,439500.0,233.0,1855.0,433906.0,283460.0,48586.0,786438.0,35.0,33988.0,476.0,101118.0,379900.0,48.0,42118.0,190.0,137536.0,450000.0,63.0,45014.0,276.0,32957.0,699000.0,49.0,15996.0,426.0,16146.0,336250.0,33.0,13770.0,18372.0,323450.0,41.0,13816.0,12936.0,293750.0,31.0,13124.0,32361.0,399450.0,42.0,15878.0,26148.0,422450.0,43.0,15504.0,16125.0,299900.0,35.0,12914.0,14936.0,649970.0,31.0,11208.0,13459.0,450950.0,34.0,11384.0,24558.0,517500.0,58.0,9874.0,21949.0,449495.0,42.0,10976.0,7540.0,844450.0,25.0,7762.0,18446.0,617400.0,38.0,11442.0
2024-06-01,839960.0,48.0,439900.0,232.0,1860.0,426092.0,320884.0,53171.0,785000.0,40.0,33064.0,480.0,108808.0,379990.0,51.0,42196.0,190.0,140080.0,449900.0,66.0,42020.0,273.0,34892.0,688000.0,52.0,15744.0,407.0,17673.0,335000.0,35.0,14628.0,19558.0,325000.0,43.0,13928.0,14359.0,289900.0,33.0,13680.0,35078.0,399900.0,45.0,16608.0,28375.0,423000.0,46.0,15964.0,17765.0,300000.0,37.0,13268.0,16756.0,659000.0,36.0,11040.0,14467.0,449950.0,37.0,11152.0,21737.0,514900.0,64.0,9288.0,23963.0,439900.0,44.0,11748.0,8891.0,800000.0,30.0,7888.0,21793.0,620000.0,40.0,11180.0
2024-07-01,883905.0,51.0,437250.0,230.0,1860.0,405404.0,339960.0,57148.0,777000.0,44.0,31338.0,476.0,113622.0,379945.0,55.0,37580.0,189.0,141334.0,449000.0,71.0,40174.0,271.0,35155.0,671500.0,58.0,14362.0,391.0,19359.0,334950.0,36.0,13738.0,21059.0,324949.0,45.0,13404.0,16576.0,279900.0,36.0,14116.0,37399.0,399900.0,47.0,15468.0,30253.0,419945.0,50.0,14360.0,19528.0,299999.0,39.0,13596.0,18411.0,654500.0,40.0,10058.0,15407.0,448500.0,38.0,10482.0,21342.0,499400.0,57.0,8602.0,25669.0,437250.0,46.0,10710.0,8936.0,799450.0,38.0,6158.0,23738.0,621495.0,45.0,10120.0
2024-08-01,908944.0,53.0,429990.0,228.0,1852.0,383552.0,330460.0,58649.0,769900.0,46.0,30632.0,473.0,114506.0,378000.0,58.0,35616.0,188.0,140873.0,440000.0,73.0,40168.0,268.0,34865.0,649000.0,63.0,13604.0,379.0,20470.0,325900.0,37.0,12916.0,22162.0,314900.0,47.0,12132.0,17425.0,275000.0,37.0,13388.0,38816.0,396000.0,51.0,15040.0,31594.0,415000.0,53.0,13944.0,21365.0,299900.0,39.0,13236.0,18952.0,650000.0,45.0,8768.0,16010.0,440000.0,41.0,9532.0,21152.0,495000.0,58.0,8992.0,26436.0,434900.0,50.0,10696.0,8966.0,779900.0,42.0,5776.0,24593.0,610000.0,52.0,9296.0
2024-09-01,940291.0,55.0,425000.0,227.0,1842.0,399754.0,324536.0,61418.0,767675.0,47.0,31988.0,472.0,115124.0,375000.0,60.0,34858.0,187.0,144307.0,437246.0,74.0,40604.0,267.0,36734.0,649950.0,61.0,16298.0,380.0,21786.0,325000.0,38.0,13106.0,23405.0,309900.0,49.0,13028.0,18283.0,275000.0,38.0,12604.0,40257.0,395000.0,52.0,14950.0,32853.0,413223.0,57.0,14002.0,22480.0,296900.0,43.0,12042.0,19474.0,649949.0,50.0,9542.0,16660.0,439950.0,43.0,10618.0,22369.0,496250.0,58.0,10164.0,27792.0,429600.0,58.0,15472.0,10026.0,779500.0,36.0,8120.0,25151.0,599500.0,57.0,9398.0
2024-10-01,952891.0,57.0,424950.0,226.0,1835.0,365692.0,322850.0,62030.0,759500.0,49.0,28958.0,469.0,115736.0,370731.0,61.0,34116.0,186.0,144731.0,434995.0,76.0,40252.0,266.0,36819.0,649999.0,61.0,15082.0,381.0,22169.0,317450.0,39.0,12088.0,24163.0,309900.0,50.0,12468.0,19200.0,269200.0,40.0,12156.0,41197.0,394773.0,55.0,13418.0,33150.0,409950.0,59.0,12646.0,22634.0,289950.0,46.0,11044.0,18916.0,644450.0,52.0,7450.0,17086.0,440527.0,43.0,9756.0,24100.0,495000.0,54.0,9992.0,28525.0,427450.0,61.0,9998.0,10410.0,769500.0,37.0,6482.0,25243.0,595000.0,60.0,7886.0
2024-11-01,952414.0,61.0,416633.0,224.0,1820.0,323376.0,282000.0,60379.0,749000.0,54.0,24528.0,457.0,115315.0,365000.0,65.0,31564.0,185.0,151957.0,432500.0,78.0,42432.0,266.0,35417.0,649000.0,66.0,11336.0,380.0,21719.0,303000.0,44.0,10096.0,24025.0,299900.0,53.0,10432.0,19618.0,260000.0,45.0,10496.0,41230.0,389900.0,63.0,12428.0,33575.0,400000.0,64.0,12288.0,22270.0,280000.0,51.0,9544.0,17071.0,625000.0,59.0,5728.0,17002.0,425000.0,46.0,8160.0,25223.0,489990.0,58.0,9144.0,29306.0,425900.0,67.0,8676.0,9504.0,749000.0,46.0,4560.0,23063.0,579000.0,67.0,5712.0
2024-12-01,871518.0,70.0,402501.0,222.0,1800.0,237758.0,187200.0,50412.0,715000.0,65.0,15762.0,443.0,108089.0,359500.0,72.0,25190.0,184.0,153052.0,432425.0,79.0,36390.0,268.0,31376.0,642500.0,80.0,8038.0,383.0,18835.0,292450.0,52.0,6892.0,21468.0,296000.0,64.0,7046.0,17499.0,252500.0,55.0,6858.0,38652.0,385400.0,69.0,10444.0,31410.0,399250.0,71.0,8766.0,19695.0,268700.0,59.0,6460.0,13807.0,599933.0,71.0,3686.0,14941.0,412450.0,52.0,5888.0,23703.0,477000.0,67.0,6606.0,26399.0,423900.0,72.0,6526.0,6972.0,732450.0,62.0,2442.0,19184.0,564950.0,79.0,4454.0
2025-01-01,829376.0,73.0,400500.0,224.0,1792.0,327016.0,233320.0,47924.0,702498.0,66.0,29094.0,441.0,102552.0,354945.0,74.0,32934.0,183.0,157221.0,435000.0,76.0,50524.0,269.0,28510.0,649500.0,87.0,10386.0,396.0,16966.0,289000.0,59.0,8660.0,19608.0,294950.0,73.0,8336.0,15930.0,249950.0,64.0,7796.0,36401.0,381950.0,72.0,13026.0,29443.0,399000.0,75.0,12474.0,17616.0,259945.0,67.0,7906.0,12247.0,599000.0,74.0,6706.0,13923.0,410000.0,58.0,6864.0,24365.0,481388.0,70.0,11728.0,24801.0,419948.0,74.0,8794.0,6101.0,722425.0,63.0,4260.0,17850.0,559500.0,80.0,7966.0
2025-02-01,847825.0,66.0,412000.0,227.0,1791.0,353658.0,262330.0,52144.0,728500.0,46.0,30920.0,454.0,105867.0,355000.0,66.0,36776.0,184.0,168717.0,435000.0,73.0,52760.0,270.0,28877.0,659974.0,86.0,10672.0,414.0,16208.0,289950.0,50.0,9846.0,18731.0,296750.0,67.0,9444.0,14732.0,259450.0,57.0,9356.0,37357.0,380000.0,64.0,14898.0,30234.0,399450.0,69.0,13758.0,16304.0,265350.0,65.0,7728.0,12349.0,607075.0,55.0,7090.0,14116.0,422325.0,47.0,8434.0,26173.0,488500.0,59.0,11868.0,25256.0,419965.0,68.0,9822.0,6007.0,749950.0,40.0,4098.0,18634.0,559475.0,63.0,8790.0
2025-03-01,892561.0,53.0,424900.0,231.0,1800.0,435960.0,302260.0,57759.0,749900.0,43.0,34260.0,467.0,113165.0,364900.0,52.0,45004.0,186.0,177006.0,439000.0,65.0,51080.0,269.0,29644.0,699000.0,60.0,14776.0,437.0,16321.0,299984.0,39.0,12920.0,18949.0,299999.0,50.0,12940.0,14521.0,269000.0,42.0,12120.0,39895.0,389000.0,51.0,17908.0,31954.0,400000.0,51.0,17296.0,16175.0,275000.0,50.0,10652.0,13444.0,629997.0,42.0,9928.0,15605.0,449000.0,36.0,11756.0,28031.0,495000.0,51.0,12288.0,26185.0,427400.0,56.0,11816.0,6830.0,798000.0,31.0,6316.0,20887.0,575000.0,45.0,11420.0
2025-04-01,959251.0,50.0,431250.0,233.0,1820.0,471788.0,335962.0,64963.0,767000.0,43.0,37638.0,474.0,123237.0,373200.0,50.0,47098.0,188.0,182589.0,440000.0,69.0,49150.0,269.0,31562.0,699000.0,52.0,16482.0,443.0,16988.0,312500.0,36.0,14164.0,20082.0,315000.0,40.0,14662.0,15341.0,275525.0,37.0,13648.0,42846.0,396500.0,50.0,18032.0,35438.0,419500.0,47.0,18808.0,17098.0,289500.0,40.0,12404.0,16136.0,650000.0,36.0,11420.0,17633.0,459950.0,32.0,13058.0,30084.0,499000.0,53.0,12760.0,28370.0,434950.0,52.0,12772.0,8292.0,799900.0,26.0,8466.0,24093.0,587000.0,43.0,12722.0
2025-05-01,1036101.0,51.0,440000.0,234.0,1840.0,465096.0,372964.0,73160.0,775000.0,44.0,36212.0,477.0,131795.0,375000.0,51.0,46664.0,189.0,181822.0,439999.0,73.0,44132.0,268.0,35841.0,699000.0,51.0,17184.0,435.0,18605.0,320000.0,34.0,14672.0,22190.0,325000.0,40.0,14336.0,16998.0,289900.0,37.0,14200.0,45328.0,399900.0,51.0,17672.0,39091.0,425000.0,49.0,18416.0,19929.0,299900.0,37.0,13624.0,20395.0,670000.0,36.0,12992.0,19477.0,475000.0,35.0,13112.0,31224.0,499000.0,57.0,10552.0,30479.0,439900.0,54.0,12240.0,10240.0,819900.0,30.0,8736.0,27873.0,598820.0,44.0,12452.0
2025-06-01,1082520.0,53.0,440950.0,233.0,1852.0,452414.0,416780.0,76737.0,771500.0,48.0,34762.0,473.0,138255.0,378000.0,56.0,44260.0,189.0,178636.0,439000.0,80.0,41176.0,265.0,37875.0,692450.0,53.0,18850.0,419.0,19650.0,325000.0,37.0,14810.0,23264.0,329000.0,45.0,14140.0,18537.0,295000.0,37.0,14968.0,47429.0,399900.0,55.0,17098.0,41543.0,425000.0,54.0,17378.0,21665.0,317000.0,37.0,14548.0,22799.0,674750.0,40.0,11558.0,20273.0,473914.0,39.0,11870.0,30401.0,497500.0,64.0,9880.0,32091.0,440000.0,57.0,12668.0,11681.0,799450.0,34.0,8300.0,31038.0,599950.0,49.0,12290.0
2025-07-01,1102787.0,58.0,439450.0,231.0,1852.0,434816.0,413588.0,77994.0,750000.0,52.0,31892.0,465.0,140980.0,375000.0,60.0,40154.0,187.0,174584.0,435000.0,86.0,38240.0,263.0,38489.0,671500.0,59.0,15490.0,407.0,20843.0,323225.0,37.0,14352.0,23901.0,324995.0,47.0,14228.0,20138.0,289950.0,39.0,14814.0,48667.0,399250.0,58.0,15758.0,42574.0,424950.0,59.0,16472.0,23073.0,316950.0,42.0,14280.0,24224.0,659475.0,45.0,10460.0,20709.0,461973.0,43.0,10752.0,29089.0,487450.0,69.0,8858.0,33046.0,439950.0,60.0,11922.0,11283.0,797000.0,43.0,6608.0,32276.0,599000.0,56.0,9836.0
2025-08-01,1098681.0,60.0,429990.0,228.0,1844.0,402268.0,397096.0,76629.0,749900.0,56.0,30536.0,461.0,139604.0,369000.0,64.0,37308.0,185.0,166558.0,429900.0,87.0,37564.0,261.0,37744.0,650000.0,64.0,14768.0,399.0,21458.0,319900.0,38.0,12844.0,24787.0,320000.0,49.0,13212.0,20763.0,289900.0,40.0,13528.0,48563.0,395000.0,60.0,15324.0,42920.0,419900.0,64.0,15616.0,24640.0,300000.0,43.0,13788.0,24525.0,649950.0,51.0,9256.0,20949.0,450000.0,44.0,10452.0,27384.0,479000.0,71.0,9140.0,33408.0,434999.0,63.0,11252.0,10932.0,759000.0,47.0,5992.0,31894.0,595000.0,64.0,9492.0
