date,core_demand_yoy,core_ambiguous_yoy,core_supply_yoy,core_demand_mom,core_ambiguous_mom,core_supply_mom,headline_demand_yoy,headline_ambiguous_yoy,headline_supply_yoy,headline_demand_mom,headline_ambiguous_mom,headline_supply_mom
1969-01-01,,,,1.00552,0.6627029,2.94793,,,,0.8937086,0.5173395,3.359262
1969-02-01,,,,1.228343,0.7927637,2.12429,,,,0.8016546,0.6103315,1.632276
1969-03-01,,,,1.656581,0.6951928,3.330465,,,,1.400759,0.6008376,3.722206
1969-04-01,,,,1.074667,0.5761784,3.06285,,,,1.296727,0.5580357,3.520767
1969-05-01,,,,1.137665,0.3497824,3.381552,,,,0.909965,1.175215,2.818368
1969-06-01,,,,1.369679,0.7933149,2.015581,,,,1.131981,0.6750773,4.094613
1969-07-01,,,,0.4130896,0.824489,4.406578,,,,0.146701,0.6415513,4.560076
1969-08-01,,,,1.327517,0.3934164,1.710533,,,,1.58994,0.3086714,1.476139
1969-09-01,,,,1.210713,0.2422521,3.428525,,,,0.8465942,0.1831943,4.021718
1969-10-01,,,,1.476338,0.5158578,3.185913,,,,1.015297,0.40569,2.719213
1969-11-01,,,,1.280866,0.3254889,3.06196,,,,0.9934475,0.3187642,3.951219
1969-12-01,1.137614,0.5954504,2.954412,0.5194872,0.9768381,3.025946,0.9564638,0.5631685,3.329134,0.4870082,0.7669613,4.343118
1970-01-01,1.255393,0.5674839,2.812362,2.432943,0.3276814,1.239002,1.128304,0.5412221,3.140259,2.982169,0.2544371,1.094925
1970-02-01,1.316857,0.5643845,2.795291,1.974155,0.7550303,1.918111,1.204455,0.5961657,3.157437,1.724277,1.27226,1.839371
1970-03-01,1.242721,0.5383492,2.797878,0.7611431,0.3832411,3.367244,1.139235,0.5676985,3.026915,0.6143119,0.259531,2.142906
1970-04-01,1.275134,0.60395,2.703893,1.465911,1.366644,1.92255,1.131618,0.6202221,3.047049,1.205383,1.189999,3.760183
1970-05-01,1.268208,0.6057382,2.658486,1.054817,0.3709448,2.825838,1.104164,0.5463719,3.061926,0.5793356,0.2876916,2.995275
1970-06-01,1.214755,0.6458402,2.687502,0.7262561,1.276519,2.366671,1.061845,0.5910873,2.828479,0.6230217,1.213609,1.278042
1970-07-01,1.301897,0.6318092,2.524567,1.464079,0.6559,2.423313,1.185656,0.5891562,2.625716,1.639303,0.6184456,2.101071
1970-08-01,1.296723,0.6508112,2.571201,1.263358,0.6210883,2.276228,1.082563,0.6342888,2.665102,0.3478763,0.8504995,1.953266
1970-09-01,1.286507,0.7148385,2.531004,1.084011,1.010122,2.947012,1.156759,0.6919146,2.56362,1.7399,0.8736857,2.793088
1970-10-01,1.309717,0.7519603,2.541554,1.755395,0.9616383,3.315834,1.19462,0.7241607,2.652526,1.470811,0.7918267,3.80495
1970-11-01,1.307845,0.7919788,2.635479,1.25926,0.8045423,4.200548,1.197541,0.7539868,2.58199,1.029346,0.6759445,3.086483
1970-12-01,1.502359,0.7608891,2.595067,2.875398,0.6035668,2.528033,1.356387,0.7544875,2.398002,2.406786,0.7728357,2.099215
1971-01-01,1.445508,0.7612705,2.697611,1.74253,0.3319933,2.474534,1.112366,0.7557154,2.475464,0.0341404,0.2693077,2.027407
1971-02-01,1.468229,0.7014871,2.729535,2.251934,0.0403544,2.295763,1.07553,0.6522655,2.503705,1.279177,0.0314373,2.172149
1971-03-01,1.521683,0.6862998,2.635205,1.405551,0.2015229,2.214822,1.087904,0.6492257,2.575219,0.7635509,0.2232391,2.999044
1971-04-01,1.512754,0.6236553,2.684009,1.356891,0.612483,2.505584,1.076043,0.5912781,2.525783,1.061748,0.4929361,3.154765
1971-05-01,1.574385,0.6522894,2.677906,1.796995,0.7146533,2.752191,1.155889,0.6137967,2.519488,1.542619,0.5577047,2.926692
1971-06-01,1.598144,0.5962133,2.744055,1.010399,0.6011774,3.17343,1.176345,0.5632639,2.736604,0.8688264,0.6053404,3.909923
1971-07-01,1.555824,0.6605625,2.730501,0.9505594,1.431273,2.246904,1.123381,0.5694866,2.724981,0.9952728,0.6933309,1.949595
1971-08-01,1.545572,0.6414175,2.560627,1.13989,0.3915021,0.2206469,1.166451,0.5310416,2.755165,0.8633757,0.388553,2.311116
1971-09-01,1.562858,0.5074739,2.434433,1.291466,-0.5911817,1.416013,1.12015,0.418222,2.621329,1.180378,-0.4765973,1.17686
1971-10-01,1.444697,0.4471064,2.27114,0.3331672,0.2365034,1.346929,1.034749,0.3696918,2.408528,0.440593,0.209076,1.233487
1971-11-01,1.385713,0.4100204,2.076221,0.5500052,0.3585506,1.834204,0.9961009,0.3407359,2.285981,0.5642951,0.3279727,1.60673
1971-12-01,1.257408,0.3643394,2.0702,1.31525,0.0557563,2.455228,1.01949,0.2803683,2.281761,2.696299,0.0476976,2.047891
1972-01-01,1.218367,0.4081368,2.118528,1.267377,0.8587821,3.058632,1.065052,0.3144145,2.423763,0.5747854,0.6784559,3.746912
1972-02-01,1.054263,0.4619122,2.121019,0.2689462,0.6850238,2.337871,1.158321,0.3457189,2.40469,2.41837,0.4066805,1.951286
1972-03-01,1.0113,0.4840612,2.022231,0.8898298,0.4667801,1.029071,1.159096,0.364244,2.196181,0.7742592,0.4457712,0.4960485
1972-04-01,0.9794831,0.4626989,1.938772,0.9747142,0.3565463,1.498796,1.103199,0.3406286,2.041233,0.3915301,0.2093388,1.282443
1972-05-01,0.8925796,0.4706383,1.816308,0.7480985,0.8101678,1.272083,1.046324,0.350678,1.891208,0.8556075,0.678421,1.107228
1972-06-01,0.9059072,0.435698,1.641119,1.172658,0.1820525,1.054498,1.035678,0.3121614,1.647985,0.7421313,0.1433926,0.9555528
1972-07-01,0.8733273,0.3639817,1.648581,0.5592546,0.5656208,2.342079,1.004088,0.2922893,1.754522,0.6153374,0.4540913,3.25126
1972-08-01,0.8238316,0.3787279,1.749277,0.5440187,0.5685059,1.43505,1.08217,0.2972841,1.669502,1.808388,0.4485275,1.281125
1972-09-01,0.8402467,0.5073905,1.764846,1.490524,0.9486253,1.603745,1.09024,0.5562425,1.694643,1.278051,2.651022,1.479682
1972-10-01,0.9263992,0.5072951,1.579702,1.371076,0.2353617,-0.855837,1.159668,0.5542636,1.586032,1.276701,0.1855023,-0.0642118
1972-11-01,0.9172678,0.4963636,1.637423,0.4399457,0.2278599,2.536924,1.167977,0.5418777,1.681864,0.6642703,0.1794806,2.778685
1972-12-01,0.8801937,0.5065799,1.648426,0.8684501,0.1779582,2.58866,1.068771,0.5551934,1.689529,1.487309,0.2069807,2.141493
1973-01-01,0.7991672,0.4294634,1.437128,0.2924353,-0.066037,0.5023795,1.052523,0.5021334,1.650608,0.379861,0.0429357,3.265694
1973-02-01,0.9546757,0.3854394,1.364613,2.149128,0.1565532,1.458119,1.015997,0.4785061,1.843464,1.965895,0.123653,4.302928
1973-03-01,0.9915233,0.4047275,1.516521,1.335861,0.698764,2.8752,1.048005,0.5113721,2.351737,1.162174,0.8408507,6.71703
1973-04-01,1.046419,0.4454374,1.768816,1.638552,0.845878,4.583549,1.13157,0.5541086,2.819991,1.398482,0.7215291,7.053254
1973-05-01,1.071334,0.4016161,1.942801,1.049154,0.2837568,3.388022,1.263535,0.5204916,2.995265,2.456585,0.2753645,3.221308
1973-06-01,1.065493,0.4678845,2.114725,1.101411,0.9783266,3.130741,1.30899,0.692904,3.200805,1.289957,2.224403,3.425005
1973-07-01,1.080465,0.4756689,2.238822,0.7380891,0.6590208,3.866067,1.316655,0.7022977,3.194118,0.7074571,0.5665706,3.179192
1973-08-01,1.198018,0.4674435,2.389741,1.9639,0.4699779,3.262846,1.305282,0.6956339,4.112291,1.670637,0.3685005,12.74344
1973-09-01,1.171339,0.5304337,2.530408,1.168978,1.710754,3.308839,1.288557,0.5879045,4.199159,1.075897,1.34116,2.521452
1973-10-01,1.139414,0.5262136,2.899563,0.9863703,0.1848338,3.573627,1.248956,0.5871534,4.707503,0.7995017,0.1760755,6.053221
1973-11-01,1.280105,0.5772948,2.929544,2.141221,0.8408533,2.900466,1.360285,0.8048534,4.91147,2.00957,2.81275,5.231128
1973-12-01,1.317751,0.6341457,3.092349,1.320718,0.8593454,4.586261,1.342082,0.9240627,5.335867,1.264721,1.638456,7.290941
1974-01-01,1.501369,0.6840587,3.299463,2.511487,0.5305313,2.983798,1.583457,0.9714723,5.715573,3.30765,0.6082076,7.886437
1974-02-01,1.508975,0.7441998,3.568304,2.240423,0.8766454,4.703463,2.136302,1.018405,5.754554,8.885847,0.6836751,4.771774
1974-03-01,1.70908,0.7223606,3.774714,3.773954,0.4369681,5.37407,2.801991,0.9764552,5.582511,9.479578,0.3395535,4.613967
1974-04-01,1.829052,0.7167697,3.836191,3.097243,0.7790058,5.353684,2.90885,0.9678006,5.446327,2.688839,0.6178831,5.329084
1974-05-01,2.097452,0.7543802,4.117632,4.318607,0.7342925,6.853043,3.017604,0.9924531,5.825126,3.784177,0.5697993,7.850836
1974-06-01,2.349317,0.7286191,4.50474,4.168292,0.6686738,7.89407,3.160429,0.8823037,6.082726,3.015518,0.8942209,6.541133
1974-07-01,2.574432,0.6970167,4.777336,3.455365,0.2809123,7.20606,3.394735,0.8711219,6.24187,3.533727,0.4328733,5.084952
1974-08-01,2.639771,0.9238005,4.988635,2.745568,3.218921,5.843603,3.510594,1.236093,5.611658,3.066841,4.814106,4.930227
1974-09-01,2.64014,0.8560658,5.463421,1.175031,0.8945336,9.16366,3.824413,1.197898,5.992103,4.878072,0.8833146,7.125281
1974-10-01,2.711058,0.9484291,5.712569,1.841848,1.291495,6.549125,3.891897,1.268041,6.015027,1.605776,1.012479,6.256148
1974-11-01,2.680218,0.9899378,5.955791,1.768034,1.339621,5.843534,3.848052,1.290298,5.963469,1.484545,3.084234,4.608649
1974-12-01,2.786779,1.006722,5.985975,2.617121,1.060555,4.927998,3.94187,1.215076,5.907547,2.39816,0.7366077,6.601657
1975-01-01,2.643013,1.062286,6.167018,0.7808344,1.196296,5.158937,3.705108,1.271737,5.744314,0.4661193,1.286093,5.899569
1975-02-01,2.71219,1.089787,6.129932,3.078003,1.206412,4.264781,3.194952,1.238716,5.66026,2.517601,0.2901867,3.765361
1975-03-01,2.529192,1.183951,5.959058,1.547876,1.565719,3.329079,2.534425,1.334596,5.398357,1.214066,1.486128,1.510992
1975-04-01,2.422965,1.175106,5.800474,1.813977,0.6730836,3.450102,2.389061,1.326966,5.180764,0.9310257,0.5268294,2.721237
1975-05-01,2.15745,1.236355,5.45162,1.08604,1.468446,2.613657,2.209592,1.404333,4.684019,1.602464,1.495121,1.794745
1975-06-01,1.932061,1.259792,5.096948,1.416825,0.9487612,3.545156,2.044594,1.393592,4.632676,1.013985,0.7660604,5.890429
1975-07-01,1.857173,1.258397,4.897892,2.540314,0.264346,4.737974,2.150798,1.375473,4.668748,4.839908,0.2179713,5.494478
1975-08-01,1.730299,1.068985,4.581428,1.213668,0.925495,2.016335,1.984584,1.118267,4.466879,1.06734,1.666746,2.479049
1975-09-01,1.73744,1.08223,4.187298,1.259396,1.053401,4.272071,1.692235,1.066923,4.249644,1.3120560000000001,0.2704036,4.4605
1975-10-01,1.779926,1.017177,3.913641,2.352732,0.5120366,3.198055,1.740968,1.047742,4.075372,2.191571,0.7826648,4.132338
1975-11-01,1.844072,0.9396315,3.862989,2.538577,0.4098677,5.182964,1.805985,0.8179188,4.135513,2.26701,0.3056735,5.3194
1975-12-01,1.788151,1.02098,3.733635,1.929263,2.042691,3.373366,1.724625,0.9498954,3.833389,1.408156,2.33072,2.930393
1976-01-01,1.985204,0.9789824,3.512824,3.169173,0.6922402,2.474037,1.889408,0.8905172,3.485703,2.452272,0.5734596,1.685613
1976-02-01,1.920593,0.9695292,3.281188,2.302365,1.093036,1.475854,1.809835,0.9371161,3.100741,1.5609,0.8475565,-0.8064771
1976-03-01,1.919043,0.8536339,3.196383,1.539071,0.1755856,2.31901,1.824808,0.824666,2.997208,1.402776,0.137095,0.2862139
1976-04-01,1.89904,0.8272648,3.14405,1.567537,0.3575267,2.815012,1.849329,0.8248091,2.855599,1.227443,0.5290063,1.013021
1976-05-01,1.924455,0.8827448,3.116,1.389861,2.140339,2.268267,1.835132,0.8614898,2.912462,1.428733,1.938984,2.468846
1976-06-01,1.960528,0.8548975,3.024602,1.8527,0.6150527,2.446013,1.876485,0.8443952,2.694523,1.512155,0.5612821,3.223839
1976-07-01,1.801562,0.9859204,2.987683,0.6265693,1.838524,4.295416,1.521254,0.9579659,2.580905,0.5117151,1.580764,4.104569
1976-08-01,1.82035,1.003444,3.192222,1.4369,1.135938,4.492225,1.548481,0.9031415,2.735281,1.393001,1.006261,4.363954
1976-09-01,1.922631,1.053441,3.086936,2.50019,1.655136,2.978342,1.645958,0.999403,2.609873,2.494718,1.424405,2.924006
1976-10-01,1.862144,1.096714,3.097332,1.620753,1.029885,3.326431,1.637936,1.028752,2.530169,2.094945,1.134514,3.160742
1976-11-01,1.899171,1.147044,2.796614,2.994468,1.011329,1.542323,1.720345,1.020718,2.26419,3.276966,0.2101886,2.068471
1976-12-01,1.838839,1.069665,2.876568,1.20403,1.109852,4.338891,1.756966,0.9371758,2.331161,1.851426,1.319789,3.743454
1977-01-01,1.687908,1.165807,3.027511,1.330297,1.847828,4.305227,1.668537,1.02576,2.532506,1.377729,1.637716,4.126848
1977-02-01,1.782036,1.088893,3.231156,3.443415,0.1744636,3.932228,1.782346,0.9661198,3.152025,2.937404,0.1354285,6.68288
1977-03-01,1.838589,1.182282,3.174806,2.22735,1.291758,1.640929,1.85287,1.076174,3.330338,2.256425,1.455002,2.404205
1977-04-01,1.883447,1.284754,3.13338,2.112891,1.583937,2.310863,1.886225,1.147664,3.585804,1.631563,1.385232,4.083767
1977-05-01,1.851964,1.211894,3.269601,1.017395,1.262243,3.929804,1.966345,1.069212,3.609765,2.414262,0.9944529,2.772679
1977-06-01,1.818907,1.332974,3.377855,1.450666,2.068982,3.742304,1.911461,1.204765,3.654552,0.8509142,2.191667,3.764349
1977-07-01,1.952529,1.281643,3.362393,2.242022,1.221105,4.077036,2.03855,1.166737,3.579009,2.043499,1.123691,3.165431
1977-08-01,2.01236,1.333857,3.158927,2.166407,1.763424,2.019503,2.078867,1.262367,3.352678,1.884403,2.158005,1.617254
1977-09-01,1.942813,1.261175,3.135264,1.656984,0.7832351,2.691043,2.00392,1.211917,3.290105,1.585271,0.8195464,2.160378
1977-10-01,2.031446,1.247776,3.050983,2.692275,0.8698825,2.309102,2.039647,1.167917,3.233683,2.525552,0.6081128,2.489285
1977-11-01,1.9454,1.263762,3.181088,1.947014,1.202892,3.105408,1.92939,1.348698,3.284299,1.93228,2.380306,2.679433
1977-12-01,1.996934,1.311326,3.050768,1.830118,1.68132,2.753595,1.950097,1.373267,3.151369,2.105882,1.615018,2.131371
1978-01-01,2.088988,1.260877,2.991283,2.445418,1.240957,3.585813,1.993477,1.311183,3.169262,1.902506,0.8932624,4.376708
1978-02-01,1.871085,1.310813,2.922499,0.8033043,0.7689539,3.09997,1.92759,1.353443,2.858055,2.136696,0.6377388,2.86374
1978-03-01,2.02229,1.282644,2.917874,4.070354,0.9542536,1.587633,2.011085,1.315081,2.958,3.269737,0.9952163,3.649836
1978-04-01,2.158952,1.243377,2.97308,3.791716,1.11228,2.981302,2.127397,1.252437,3.081,3.050053,0.6354955,5.60069
1978-05-01,2.250302,1.281166,2.922535,2.118934,1.716659,3.303527,2.074528,1.318967,3.27971,1.764711,1.793885,5.18536
1978-06-01,2.371728,1.1675,2.873492,2.925026,0.7027246,3.168562,2.386081,1.182687,3.197277,4.643334,0.5542203,2.776142
1978-07-01,2.387452,1.118422,2.871513,2.435731,0.633661,4.079496,2.385759,1.180089,3.224003,2.044366,1.092543,3.515761
1978-08-01,2.302074,1.110065,3.008556,1.133018,1.662145,3.703583,2.32904,1.153874,3.343081,1.199388,1.840662,3.068898
1978-09-01,2.350736,1.122463,3.100049,2.249574,0.9319925,3.802119,2.361906,1.146996,3.512633,1.986847,0.7371797,4.226131
1978-10-01,2.434337,1.161671,3.225207,3.716786,1.340313,3.848448,2.501404,1.26642,3.585088,4.23263,2.042887,3.379271
1978-11-01,2.431631,1.102686,3.311861,1.914711,0.4970401,4.148158,2.48313,1.106203,3.75849,1.711567,0.4536009,4.791518
1978-12-01,2.348995,1.001191,3.378558,0.8350777,0.4629542,3.56407,2.395701,1.066864,3.881228,1.055763,1.141594,3.613129
1979-01-01,2.233124,0.9443045,3.460741,1.044855,0.5588176,4.605876,2.382684,1.282191,3.846908,1.747134,3.50323,3.952305
1979-02-01,2.406955,0.7282972,3.423917,2.901952,-1.788335,2.656615,2.446592,1.111281,4.013336,2.914097,-1.381442,4.892776
1979-03-01,2.312756,0.6702304,3.608394,2.918351,0.2580577,3.829143,2.371871,1.065838,4.278648,2.36352,0.452076,6.880857
1979-04-01,2.436852,0.7684588,3.629649,5.313566,2.30255,3.247041,2.572191,1.167274,4.241407,5.508731,1.853941,5.15945
1979-05-01,2.755022,0.6838202,3.66509,6.013093,0.6962081,3.739858,2.944708,1.063359,4.286397,6.330967,0.5467033,5.749303
1979-06-01,2.675378,0.8136868,3.614962,1.952423,2.272617,2.552252,2.950847,1.165485,4.353189,4.709973,1.7802,3.566258
1979-07-01,2.564824,0.9584308,3.497827,1.090622,2.38142,2.651465,3.104329,1.284099,4.301488,3.880104,2.523794,2.875203
1979-08-01,2.592754,0.9357572,3.625154,1.467453,1.388205,5.24632,3.12717,1.48586,4.343617,1.46726,4.30237,3.555558
1979-09-01,2.711761,0.9203672,3.633869,3.708929,0.7475659,3.911747,3.256488,1.676726,4.345047,3.571964,3.03415,4.254019
1979-10-01,2.542496,0.9314179,3.794622,1.664796,1.473055,5.802181,3.03129,1.762569,4.515386,1.510533,3.081465,5.428905
1979-11-01,2.505803,0.9788513,3.888559,1.476064,1.06572,5.304296,3.016818,1.797175,4.624665,1.541162,0.864257,6.138209
1979-12-01,2.634931,1.014221,4.048264,2.394094,0.8860554,5.532631,3.192723,1.890814,4.722404,3.18798,2.263808,4.816275
1980-01-01,2.939403,0.9936333,4.01901,4.746461,0.3130197,4.226,3.369391,1.619434,5.118084,3.882819,0.2432767,8.816554
1980-02-01,3.027523,1.236701,4.396009,3.982487,1.085871,7.271735,3.611994,1.89966,5.167317,5.923985,1.932255,5.489544
1980-03-01,3.090894,1.236773,4.695284,3.686516,0.2593215,7.471025,3.989363,1.913476,5.223107,6.98253,0.6153453,7.548275
1980-04-01,2.805018,1.107323,4.727435,1.842335,0.7435261,3.603359,3.731096,1.808703,5.078888,2.374345,0.6044971,3.411381
1980-05-01,2.487433,1.160848,4.944015,2.113456,1.337815,6.379085,3.344679,1.866615,5.155587,1.610444,1.235222,6.694422
1980-06-01,2.352881,1.187205,5.165148,0.3455408,2.592904,5.206814,3.044224,1.887846,5.240798,1.077475,2.03509,4.599072
1980-07-01,2.457917,1.050723,5.404186,2.357856,0.7364869,5.555415,2.895916,1.715446,5.584693,2.076767,0.4612302,7.052149
1980-08-01,2.532136,1.044786,5.393565,2.366937,1.316644,5.16624,2.98028,1.450527,5.839634,2.488222,1.088792,6.674275
1980-09-01,2.582014,1.075888,5.576658,4.317763,1.120448,6.14191,2.969408,1.271713,6.073534,3.432475,0.8756452,7.069576
1980-10-01,2.772391,1.076221,5.471468,3.988078,1.476994,4.553455,3.102779,1.218426,5.96559,3.126136,2.432635,4.146254
1980-11-01,2.911246,1.059687,5.492854,3.165472,0.8674811,5.587726,3.180552,1.210618,6.015825,2.48418,0.771005,6.746522
1980-12-01,2.90761,1.106083,5.328774,2.342093,1.443434,3.523558,3.131735,1.13554,5.945539,2.587696,1.356977,3.985982
1981-01-01,2.716672,1.399732,5.341673,2.404271,3.865482,4.421053,3.213739,1.363432,5.554116,4.889794,2.987687,4.03948
1981-02-01,2.536118,1.462841,5.186439,1.782636,1.843284,5.36487,2.868545,1.324153,5.886507,1.682336,1.459418,9.599887
1981-03-01,2.453244,1.540244,4.809272,2.67501,1.18114,2.869756,2.468634,1.381481,5.690479,2.045874,1.300731,5.147962
1981-04-01,2.542758,1.573753,4.822278,2.925237,1.143171,3.762528,2.459729,1.270008,5.721545,2.264086,-0.7150133,3.772703
1981-05-01,2.535701,1.536453,4.751074,2.027031,0.8921541,5.489703,2.399766,1.1904,5.524313,0.8882876,0.2843564,4.279319
1981-06-01,2.596521,1.306462,4.754841,1.068117,-0.1613254,5.250218,2.377236,1.010132,5.495214,0.7989906,-0.1249693,4.234124
1981-07-01,2.605319,1.378858,4.570055,2.463486,1.603904,3.304831,2.370083,1.079047,5.26067,1.990296,1.287049,4.177787
1981-08-01,2.453983,1.342618,4.706573,0.5442935,0.8828118,6.867077,2.201223,1.047814,5.249906,0.4521276,0.7143577,6.580918
1981-09-01,2.15466,1.4189,4.62904,0.6807157,2.037675,5.176483,1.988149,1.138783,5.039072,0.8515103,1.970613,4.477281
1981-10-01,1.996803,1.374722,4.604089,2.059714,0.9478416,4.226665,1.86224,0.9732723,4.98513,1.597676,0.4391636,3.474157
1981-11-01,1.951337,1.355326,4.46142,2.600846,0.6360393,3.847317,1.819193,0.9353399,4.78406,1.951734,0.3179491,4.286896
1981-12-01,1.800168,1.276374,4.45534,0.5128583,0.4993549,3.468188,1.641822,0.8808136,4.670608,0.4374209,0.7018293,2.607374
1982-01-01,1.871037,0.9578228,4.441416,3.267208,0.0120281,4.2137,1.486433,0.628233,4.702377,2.968789,-0.0645914,4.388636
1982-02-01,1.889479,0.8427858,4.18222,2.009342,0.4596484,2.219888,1.475751,0.5365968,4.062259,1.555504,0.3563923,1.748029
1982-03-01,1.787877,0.809586,4.196584,1.435529,0.7821658,3.055848,1.349425,0.377512,3.89955,0.5193312,-0.6061569,3.195558
1982-04-01,1.592779,0.8595347,4.092503,0.5636654,1.746162,2.508094,1.19189,0.5500913,3.493476,0.3607951,1.352719,-1.034975
1982-05-01,1.696491,0.8227229,3.879213,3.294157,0.4511993,2.912228,1.337934,0.5586982,3.486454,2.662487,0.3876652,4.203699
1982-06-01,1.759577,0.8869886,3.750515,1.828836,0.6048794,3.673112,1.387656,0.6230712,3.700638,1.402393,0.6447679,6.875133
1982-07-01,1.851821,0.8364081,3.752065,3.59222,0.9944072,3.316982,1.456714,0.58254,3.653288,2.831702,0.7986692,3.602266
1982-08-01,2.003753,0.8909941,3.327584,2.375822,1.539905,1.641238,1.577389,0.6242752,3.163123,1.905197,1.216949,0.5902906
1982-09-01,1.953876,0.7892251,3.200746,0.0820992,0.809702,3.628109,1.505816,0.5089402,3.025842,-0.0091955,0.5771931,2.811123
1982-10-01,2.092278,0.7463813,3.144383,3.73023,0.4339026,3.534834,1.643085,0.4782915,3.028274,3.258878,0.0719419,3.501102
1982-11-01,2.027106,0.8623958,2.881849,1.825133,2.035563,0.6646698,1.594698,0.5982518,2.71579,1.379678,1.764557,0.505812
1982-12-01,2.050304,0.8466959,2.826905,0.7978827,0.3120486,2.793423,1.483727,0.5598545,2.706921,-0.8741792,0.2414297,2.495804
1983-01-01,2.240908,0.8596897,2.700424,5.635094,0.166435,2.673259,1.515019,0.5827427,2.528119,3.355897,0.2089196,2.209259
1983-02-01,2.202976,0.8887172,2.701879,1.541374,0.8070083,2.232871,1.362324,0.6110787,2.521336,-0.2779941,0.6961553,1.659349
1983-03-01,2.049339,0.9085178,2.528238,-0.3867998,1.020152,0.9548076,1.302123,0.6434917,2.42908,-0.1959363,-0.2212041,2.062484
1983-04-01,1.850581,0.8373141,2.695012,-1.781362,0.8878661,4.525066,1.165855,0.6260037,2.990401,-1.256457,1.141854,5.686523
1983-05-01,1.610911,0.8350253,2.522016,0.3953214,0.4236629,0.8225166,0.9647131,0.7364392,2.756882,0.2277433,1.717463,1.386698
1983-06-01,1.666641,0.8486986,2.415657,2.50711,0.7687001,2.382247,1.018512,0.7300854,2.350855,2.056125,0.5683275,1.894178
1983-07-01,1.741803,0.8052707,2.37633,4.521575,0.4737235,2.854998,1.100731,0.6997228,2.241552,3.845811,0.4351666,2.290271
1983-08-01,1.669991,0.7290125,2.567148,1.498453,0.6222468,3.979532,1.041305,0.6718159,2.441692,1.182679,0.8809583,3.015915
1983-09-01,1.868033,0.7008433,2.430642,2.465819,0.4719009,1.973582,1.163447,0.6583929,2.405298,1.461038,0.4163243,2.375132
1983-10-01,1.641917,0.6333232,2.263474,0.9783024,-0.3715931,1.518735,0.9225011,0.6838679,2.228177,0.3301533,0.3760121,1.36526
1983-11-01,1.650476,0.5267024,2.21175,1.927932,0.7461774,0.0397088,0.8884549,0.5900145,2.187777,0.968308,0.6322648,0.0172902
1983-12-01,1.553929,0.590837,1.987708,-0.3637291,1.082975,0.1027954,0.9327173,0.6421924,1.987565,-0.3542886,0.8671279,0.0929112
1984-01-01,1.116002,0.6650805,1.967657,0.2736649,1.056679,2.433141,0.664258,0.6949902,2.146232,0.0965908,0.8417192,4.150249
1984-02-01,1.395512,0.6243229,1.949394,4.976971,0.3186215,2.011078,1.033831,0.6671429,2.282631,4.221124,0.3624227,3.322679
1984-03-01,1.715326,0.5907416,1.902783,3.473016,0.6161031,0.3933273,1.29354,0.7325768,2.145672,2.940871,0.5598665,0.4186323
1984-04-01,2.015901,0.5664706,1.789355,1.779877,0.5961297,3.134374,1.518035,0.6847262,1.881659,1.415583,0.5666964,2.439659
1984-05-01,2.050316,0.5932331,1.815069,0.7924562,0.7449543,1.129393,1.56374,0.5910516,1.771593,0.7661177,0.5877562,0.0651937
1984-06-01,2.039301,0.5899549,1.592553,2.368875,0.7290719,-0.2878234,1.593709,0.5989313,1.534498,2.415531,0.6627813,-0.9341257
1984-07-01,1.911497,0.5997539,1.49132,2.978097,0.5916293,1.61361,1.473427,0.5361557,1.531851,2.38875,-0.3142352,2.24734
1984-08-01,1.905429,0.6489038,1.277077,1.42528,1.213616,1.356014,1.429784,0.5442142,1.456165,0.6551173,0.9776503,2.083499
1984-09-01,1.70213,0.7324219,1.14193,0.0170939,1.477017,0.3465697,1.336682,0.6191969,1.257873,0.3389572,1.318904,-0.0123573
1984-10-01,1.625991,0.790596,1.200628,0.0675122,0.3207202,2.232309,1.322269,0.6051064,1.343822,0.1564998,0.2074681,2.408081
1984-11-01,1.518846,0.7654071,1.32122,0.6355179,0.444536,1.493048,1.28454,0.5751491,1.418197,0.5131504,0.2734382,0.9140001
1984-12-01,1.796126,0.7739902,1.360679,2.98385,1.186319,0.5735201,1.490998,0.5654812,1.448512,2.130823,0.7508863,0.4564915
1985-01-01,2.152061,0.7081866,1.32035,4.582743,0.2678656,1.94425,1.78827,0.5429864,1.255536,3.682297,0.5711525,1.789942
1985-02-01,1.921475,0.7858515,1.392484,2.151573,1.250893,2.891292,1.619041,0.6162524,1.165318,2.155703,1.243654,2.214672
1985-03-01,1.791453,0.7838726,1.507878,1.88038,0.5922114,1.780947,1.540959,0.6111383,1.318371,1.985645,0.4985851,2.26757
1985-04-01,1.626241,0.7927775,1.326013,-0.1986243,0.7031274,0.9262653,1.491642,0.6114364,1.14454,0.8273712,0.5700169,0.339576
1985-05-01,1.77027,0.9371638,1.165092,2.539199,2.490242,-0.7926127,1.597476,0.7423282,1.029742,2.046868,2.169792,-1.295702
1985-06-01,1.652646,0.9884596,1.32947,0.9559218,1.345237,1.684454,1.44949,0.778389,1.237953,0.6355297,1.0956,1.556224
1985-07-01,1.621878,0.9606361,1.250255,2.58529,0.2598722,0.6657796,1.43466,0.8144498,1.10296,2.195493,0.1148744,0.6199868
1985-08-01,1.634252,0.9527564,1.399744,1.571734,1.118511,3.184443,1.478112,0.8074522,1.085687,1.17786,0.8937146,1.879563
1985-09-01,1.647234,0.8565426,1.537633,0.1808864,0.3224976,2.007679,1.443386,0.7384658,1.221848,-0.0680396,0.4897811,1.625554
1985-10-01,1.503897,0.9178877,1.550829,-1.619117,1.055412,2.391468,1.301372,0.7933974,1.237726,-1.52066,0.8650612,2.601693
1985-11-01,1.492155,0.9174824,1.596034,0.5039259,0.4398249,2.041534,1.351011,0.7942677,1.341701,1.113099,0.2840327,2.173614
1985-12-01,1.326621,0.9539127,1.611102,0.9715798,1.625193,0.7531753,1.33481,0.8415103,1.380587,1.930746,1.319183,0.9233164
1986-01-01,1.253259,0.9952903,1.630425,3.677304,0.7624203,2.176522,1.284444,0.8455873,1.397491,3.066349,0.6195331,1.994656
1986-02-01,1.248932,0.9608388,1.408219,2.099092,0.8369988,0.211096,1.110566,0.7944107,1.159847,0.0601129,0.6287436,-0.6402411
1986-03-01,1.245189,0.9901404,1.339006,1.834144,0.9432337,0.9448258,1.061666,0.8153677,0.5898714,1.391747,0.7498069,-4.474449
1986-04-01,1.270187,1.031375,1.336277,0.0975925,1.197646,0.8960164,0.6523132,0.8463025,0.6079197,-3.987582,0.9408146,0.5554929
1986-05-01,1.141179,0.8910537,1.426327,0.9745384,0.7951314,0.2801045,0.5489469,0.707233,0.7904291,0.7931859,0.4917658,0.8841808
1986-06-01,1.230037,0.8143902,1.387906,2.031334,0.4248574,1.219623,0.6571651,0.6431818,0.8458257,1.946272,0.3268842,2.230786
1986-07-01,1.131666,0.8414865,1.348674,1.392986,0.5838252,0.1932192,0.5476475,0.5010605,0.8803844,0.8647069,-1.568328,1.038135
1986-08-01,1.087916,0.8238673,1.128685,1.042368,0.9068837,0.5073169,0.5172372,0.498879,0.7110834,0.8079613,0.8673701,-0.1622464
1986-09-01,1.177859,1.001787,0.9833813,1.260039,2.467614,0.252955,0.6012917,0.6309032,0.652957,0.9434158,2.085282,0.9222438
1986-10-01,1.434112,0.9967804,0.9192109,1.433181,0.9951807,1.610026,0.8497834,0.5645514,0.4906535,1.451983,0.0699307,0.6286329
1986-11-01,1.448047,1.021922,0.8476615,0.663982,0.7402387,1.174871,0.7897019,0.6025314,0.3967285,0.3896267,0.7392384,1.031626
1986-12-01,1.529658,0.8938193,0.7534385,1.961265,0.0893914,-0.3755639,0.7660866,0.5020142,0.3159404,1.643542,0.1113756,-0.049957
1987-01-01,1.315248,0.9344697,0.6310821,1.062564,1.250946,0.6922665,0.5874634,0.5519152,0.4532695,0.8875123,1.220628,3.688272
1987-02-01,1.328719,0.8861542,0.615561,2.260426,0.2592492,0.0240607,0.7727385,0.5240679,0.6500125,2.302436,0.294448,1.726169
1987-03-01,1.258004,0.824213,0.7404327,0.9801767,0.2017851,2.463385,0.7411838,0.4737139,1.206732,1.010351,0.146153,2.088845
1987-04-01,1.338673,0.8993745,0.8288383,1.06699,2.106645,1.966896,1.156044,0.5621672,1.294863,0.8877825,2.012137,1.612888
1987-05-01,1.347816,0.8989692,0.9312987,1.087507,0.7901415,1.514722,1.166809,0.5790472,1.342773,0.9247695,0.6948584,1.454919
1987-06-01,1.26251,0.9113789,0.97363,0.998217,0.5736302,1.730525,1.164305,0.6428361,1.289058,1.919593,1.09326,1.577538
1987-07-01,1.240468,0.9676933,1.018345,1.122446,1.259223,0.728044,1.157093,0.914526,1.231027,0.7736001,1.667762,0.3391947
1987-08-01,1.211989,1.002181,1.145458,0.7021272,1.321196,2.046059,1.158524,0.9474039,1.469266,0.8262572,1.262556,2.709447
1987-09-01,1.260364,0.8217454,1.344609,1.848523,0.2924591,2.659936,1.222277,0.7944465,1.567316,1.71533,0.2442113,2.106498
1987-10-01,1.295483,0.769949,1.454115,1.857882,0.3744977,2.945544,1.236594,0.8103848,1.677275,1.623825,0.2601239,1.961225
1987-11-01,1.26797,0.7290721,1.515305,0.3351514,0.2509957,1.911168,1.214516,0.7640004,1.753938,0.1270222,0.1845343,1.95534
1987-12-01,1.20753,0.7825494,1.594651,1.230808,0.7286038,0.5727692,1.125073,0.8057594,1.845729,0.5655091,0.610211,1.045244
1988-01-01,1.320124,0.7641912,1.726329,2.427408,1.029731,2.276751,1.221275,0.7450104,1.723278,2.051336,0.4913311,2.197274
1988-02-01,1.304901,0.759685,1.738918,2.077114,0.2058174,0.1716754,1.160562,0.7362366,1.579809,1.565689,0.1896864,0.0091585
1988-03-01,1.45911,0.7872581,1.683414,2.851422,0.5312354,1.789874,1.292002,0.7541656,1.506948,2.605394,0.3599907,1.206211
1988-04-01,1.42746,0.6702542,1.896238,0.6849439,0.693099,4.578038,1.328325,0.6377697,1.703179,1.32382,0.6067774,4.011148
1988-05-01,1.456332,0.6857514,1.912761,1.437145,0.9765424,1.710686,1.385272,0.6480217,1.672685,1.612614,0.8180695,1.08589
1988-06-01,1.502013,0.7235765,1.976979,1.547882,1.028245,2.517516,1.357794,0.6308198,1.764047,1.580716,0.8860499,2.691518
1988-07-01,1.620078,0.7025599,2.031875,2.552499,1.005911,1.384422,1.578152,0.5683541,1.864398,3.449922,0.9130114,1.54323
1988-08-01,1.67346,0.6284118,1.963401,1.34343,0.4296009,1.219084,1.604009,0.5457282,1.760972,1.136722,0.9896201,1.455415
1988-09-01,1.634157,0.6917596,2.08323,1.376629,1.052479,4.128426,1.564384,0.5986571,1.901817,1.240818,0.879119,3.830742
1988-10-01,1.595867,0.7135391,2.05276,1.397043,0.6354109,2.574557,1.544833,0.6213427,1.906133,1.391483,0.5318626,2.011234
1988-11-01,1.699042,0.7837772,1.948369,1.574686,1.093354,0.6540279,1.641607,0.6908298,1.785696,1.285677,1.018138,0.5046535
1988-12-01,1.694322,0.8445144,2.017534,1.170484,1.459441,1.392756,1.665676,0.7388353,1.84449,0.8490497,1.187245,1.747173
1989-01-01,1.608276,0.9043217,2.074826,1.385178,1.751153,2.975227,1.643217,0.825274,1.902175,1.781003,1.53102,2.897506
1989-02-01,1.399863,0.9192705,2.32228,-0.4243178,0.3840477,3.141415,1.609182,0.836277,2.11643,1.158917,0.3209511,2.574461
1989-03-01,1.168609,0.9875536,2.359927,0.0558497,1.350462,2.23512,1.469052,0.9486318,2.173889,0.9159068,1.710037,1.893448
1989-04-01,1.203322,1.010895,2.148592,1.103622,0.9726198,1.994611,1.436043,0.9860754,2.355218,0.9269372,1.055648,6.248355
1989-05-01,1.178432,0.948,2.196121,1.133819,0.2246625,2.279943,1.385522,0.9935379,2.473748,1.001162,0.907439,2.514629
1989-06-01,1.19071,0.8783698,2.097213,1.697093,0.1953983,1.324133,1.376677,0.9547234,2.314007,1.473788,0.4218166,0.7689889
1989-07-01,1.083446,0.8615494,2.071464,1.248098,0.8038844,1.085329,1.196063,0.9160757,2.286172,1.245436,0.4505236,1.219706
1989-08-01,1.03997,0.8613706,2.007914,0.8181328,0.427478,0.4644214,1.04109,0.8905768,2.181923,-0.7183601,0.6836729,0.2187614
1989-09-01,0.963819,0.8157372,1.933289,0.4578348,0.5053322,3.219885,0.974679,0.849545,2.016747,0.4399833,0.3878458,1.824925
1989-10-01,0.9032607,0.7721782,2.020156,0.6672637,0.1145569,3.643044,0.9459496,0.8134842,2.145839,1.044234,0.1012004,3.590424
1989-11-01,0.804913,0.836885,2.041686,0.3872306,1.875339,0.9090354,0.8742452,0.8597374,2.155221,0.4216776,1.575945,0.6171302
1989-12-01,0.7546782,0.7233024,2.158296,0.5644624,0.0964281,2.806343,0.8704543,0.767386,2.231395,0.8022937,0.0809865,2.674027
1990-01-01,0.8585453,0.6290793,2.029502,2.653515,0.6147759,1.417574,0.9037614,0.6826282,2.573073,2.188909,0.5110373,7.123278
1990-02-01,0.9554148,0.6280899,2.167261,0.7342163,0.3723569,4.847841,0.8820057,0.7052183,2.691019,0.8963549,0.59132,4.024085
1990-03-01,1.209903,0.5235672,2.199316,3.138333,0.0941439,2.629098,1.02576,0.5684018,2.689338,2.661217,0.0642378,1.880216
1990-04-01,1.163113,0.524652,2.209032,0.5411059,0.985612,2.109204,0.9975791,0.5278111,2.290189,0.5876028,0.5670481,1.355362
1990-05-01,1.105559,0.633347,2.16397,0.4403922,1.532984,1.735332,0.9399533,0.5606771,2.175117,0.3075609,1.30424,1.122616
1990-06-01,1.180184,0.6767035,2.169943,2.603232,0.7144341,1.391351,1.083887,0.5672812,2.251506,3.232625,0.5006377,1.682815
1990-07-01,1.21609,0.6218076,2.182913,1.681207,0.1464389,1.249328,1.083601,0.5843639,2.247727,1.241558,0.6556,1.184202
1990-08-01,1.198912,0.6184697,2.482951,0.6088972,0.3874875,4.085886,1.467621,0.558424,2.549076,3.923758,0.3726028,3.840065
1990-09-01,1.231551,0.6427288,2.432215,0.8511109,0.7968895,2.592952,1.526916,0.5884528,2.872813,1.155333,0.748393,5.759342
1990-10-01,1.244605,0.6454706,2.393186,0.8259446,0.1472055,3.15593,1.707888,0.6204963,2.845871,3.236773,0.4843451,3.250024
1990-11-01,1.228631,0.5084276,2.403998,0.1964701,0.2229723,1.033993,1.70002,0.4952669,2.891922,0.3271694,0.0690592,1.154708
1990-12-01,1.146281,0.5125523,2.336478,-0.4188881,0.145688,1.981883,1.601243,0.4704833,2.815557,-0.3752231,-0.2147177,1.742667
1991-01-01,1.026261,0.5015969,2.583802,1.199703,0.4830863,4.415874,1.303589,0.5092025,2.656186,-1.358044,0.9769595,5.145445
1991-02-01,1.066947,0.5354643,2.298057,1.225165,0.7788441,1.375519,1.086831,0.5250335,2.457225,-1.687243,0.7819588,1.615393
1991-03-01,0.8830786,0.5975008,2.14833,0.8990946,0.8382831,0.82281,0.789392,0.571537,2.350438,-0.91654,0.6205642,0.6004414
1991-04-01,0.912714,0.5484343,2.068222,0.8982965,0.395713,1.156449,0.7886291,0.579083,2.319992,0.5778666,0.6578709,1.005126
1991-05-01,0.9510517,0.5538464,2.119696,0.901317,1.598792,2.359801,0.8234382,0.5881429,2.467179,0.7266493,1.413794,2.90925
1991-06-01,0.7849813,0.5293846,2.13778,0.5882191,0.4207701,1.610358,0.5971313,0.570333,2.433634,0.4769742,0.2873328,1.280741
1991-07-01,0.7252097,0.5434275,2.238226,0.95687,0.3142781,2.439195,0.5191922,0.539434,2.44844,0.3024522,0.2852424,1.345161
1991-08-01,0.8066773,0.5545735,2.002478,1.594426,0.5214401,1.216796,0.2746105,0.5460382,2.25029,0.9244658,0.4516699,1.431904
1991-09-01,0.7920861,0.5476475,2.075768,0.6739099,0.713514,3.499771,0.2304137,0.5220771,2.035356,0.6210548,0.4604855,3.125597
1991-10-01,0.7213235,0.5725265,2.002156,-0.0253448,0.4450252,2.262281,-0.049603,0.5316734,1.919353,-0.1723764,0.5997605,1.840952
1991-11-01,0.7562757,0.6276011,1.980102,0.6180389,0.8835624,0.7712795,-0.0251174,0.5831718,1.934969,0.6225083,0.6857653,1.34265
1991-12-01,0.7758498,0.6325603,2.064276,-0.1860368,0.2048724,3.008146,0.0134945,0.6151676,2.021909,0.0876379,0.1669966,2.799528
1992-01-01,0.7869601,0.6842017,1.775718,1.33139,1.103729,0.9041096,0.2248824,0.6069779,1.568127,1.173676,0.8784041,-0.3645687
1992-02-01,0.8450985,0.7119656,1.685381,1.931129,1.112837,0.2865215,0.4872322,0.6201267,1.491261,1.452248,0.9400675,0.6889727
1992-03-01,0.7782221,0.6819248,1.821983,0.0953836,0.4780266,2.480867,0.5819559,0.6008625,1.637435,0.2122497,0.3893796,2.371698
1992-04-01,0.7862568,0.7184267,1.906586,0.9944476,0.8331846,2.169846,0.6022453,0.5991817,1.707113,0.821198,0.6379311,1.841422
1992-05-01,0.790751,0.5558848,1.803672,0.9550662,-0.3515431,1.121931,0.6073236,0.436151,1.581156,0.7876396,-0.5408161,1.379109
1992-06-01,0.8280873,0.4939437,1.693058,1.036259,-0.3188368,0.283386,0.7060766,0.389576,1.542711,1.669757,-0.2697048,0.8190094
1992-07-01,0.8538365,0.4991651,1.731515,1.267705,0.3769506,2.909982,0.790751,0.3971577,1.619267,1.321789,0.3763213,2.272723
1992-08-01,0.8515,0.4522324,1.592243,1.566854,-0.0405526,-0.4303766,0.827229,0.3424406,1.535022,1.366354,-0.2033363,0.4298472
1992-09-01,0.8874297,0.4347086,1.33419,1.108383,0.5029355,0.3651028,0.8854985,0.3417969,1.294637,1.324813,0.4527781,0.2125147
1992-10-01,0.9975314,0.4934072,1.334834,1.298952,1.1518,2.269326,0.9840846,0.406909,1.302004,1.009933,1.386089,1.930625
1992-11-01,1.049018,0.4413486,1.365149,1.234977,0.2581419,1.137612,1.054955,0.3577948,1.257455,1.476463,0.0964694,0.8072103
1992-12-01,1.091242,0.5030394,1.20014,0.3204181,0.945833,1.003831,1.097035,0.4073501,1.091325,0.5916806,0.7620869,0.7841683
1993-01-01,1.050389,0.4552484,1.305485,0.838792,0.5283297,2.184431,1.048362,0.3780246,1.277578,0.5880212,0.5253262,1.876887
1993-02-01,0.9861708,0.4106045,1.333761,1.15346,0.5750177,0.6249431,1.025748,0.340724,1.240909,1.178694,0.4909446,0.248625
1993-03-01,0.9967327,0.393641,1.307821,0.2209625,0.2743935,2.162038,1.075351,0.3296375,1.16545,0.8061531,0.2560422,1.451275
1993-04-01,1.115477,0.3790975,1.165712,2.433513,0.6580604,0.4560184,1.173282,0.3441334,1.046276,2.004402,0.8127213,0.406279
1993-05-01,1.158738,0.5635977,1.137567,1.47607,1.868752,0.7818256,1.285744,0.5212545,0.9360075,2.149263,1.586323,0.0519757
1993-06-01,1.150012,0.6281376,1.098061,0.9300469,0.4518522,-0.1875301,1.184714,0.5547643,0.8557081,0.4499478,0.1300119,-0.1429328
1993-07-01,1.110649,0.6939888,0.9048581,0.7958006,1.167767,0.5634427,1.113081,0.6104708,0.70467,0.461184,1.045935,0.4428526
1993-08-01,1.033056,0.7193327,1.057136,0.6312864,0.2617749,1.395205,1.034963,0.6398201,0.7943988,0.4265702,0.1464602,1.512519
1993-09-01,0.9670019,0.7451057,1.084626,0.3202683,0.8120775,0.6961263,0.9550214,0.6598353,0.7947445,0.366926,0.692511,0.2175284
1993-10-01,0.8926272,0.7264495,0.953722,0.4026141,0.9272383,0.6839619,0.9298205,0.6103039,0.8294106,0.7071376,0.7892899,2.353815
1993-11-01,0.8680344,0.7774353,0.9668231,0.9378129,0.8689477,1.29637,0.8657575,0.6649375,0.8294821,0.7027715,0.7506047,0.8080878
1993-12-01,0.9261131,0.716722,0.8250713,1.020179,0.2185566,-0.6944403,0.8938432,0.6158352,0.6959915,0.9314639,0.1738743,-0.8125301
1994-01-01,0.9296775,0.7186413,0.6086349,0.8822603,0.5509324,-0.4266905,0.917995,0.6117582,0.4650235,0.8792964,0.4763732,-0.9011571
1994-02-01,0.980413,0.7050514,0.5951762,1.766505,0.4123159,0.4628714,0.9457469,0.6449103,0.4807472,1.513803,0.889133,0.4378926
1994-03-01,1.13039,0.7818103,0.4924178,2.030985,1.195598,0.913592,1.006889,0.7233024,0.411582,1.545437,1.197169,0.6136336
1994-04-01,0.9462595,0.7554889,0.5594492,0.2089057,0.3427091,1.265093,0.8343339,0.6801128,0.4785419,-0.075508,0.2952894,1.214941
1994-05-01,0.9187818,0.6373405,0.5864501,1.144841,0.4445954,1.108138,0.7379889,0.5806565,0.5080819,0.9783567,0.3885246,0.4067876
1994-06-01,0.9175301,0.6062269,0.741148,0.9157077,0.0797672,1.675808,0.7721066,0.612855,0.6505609,0.861848,0.5154088,1.57487
1994-07-01,0.8892775,0.6069183,0.770247,0.4557119,1.176381,0.9143192,0.8747458,0.6094456,0.7058024,1.701025,1.004609,1.108601
1994-08-01,0.8917093,0.6347537,0.662601,0.6609971,0.5950178,0.0979885,0.8886576,0.6402612,0.719893,0.5942405,0.5151385,1.68272
1994-09-01,0.9280682,0.5973101,0.664711,0.7538548,0.3633043,0.7214749,0.8938074,0.6086469,0.7520914,0.4268523,0.3138934,0.604129
1994-10-01,1.035905,0.5677938,0.6558895,1.706385,0.5721537,0.5773534,0.9542465,0.5851865,0.5676031,1.437597,0.5075206,0.1170581
1994-11-01,1.054144,0.5440712,0.5880713,1.157347,0.5837387,0.4777883,0.9740114,0.5654693,0.5713582,0.940353,0.5139425,0.8532934
1994-12-01,0.9646535,0.5668402,0.6449699,-0.0571952,0.4910211,-0.0160851,0.8863688,0.6266832,0.6401777,-0.1225085,0.9078708,0.0070117
1995-01-01,1.062179,0.5352139,0.7455111,2.063462,0.1725639,0.7785252,0.9576559,0.5999207,0.7619381,1.741587,0.156196,0.5561288
1995-02-01,0.895071,0.5642891,0.828588,-0.2430233,0.7611631,1.465597,0.8183599,0.5802393,0.8629918,-0.1600851,0.6527174,1.659252
1995-03-01,0.8013964,0.4724979,0.9173989,0.8957381,0.09263,1.989957,0.7542849,0.4881382,0.9262204,0.7702073,0.0905455,1.375827
1995-04-01,0.9233952,0.4902124,0.8594036,1.680018,0.5551729,0.5667407,0.8808494,0.5005717,0.9327531,1.446746,0.4445662,1.295177
1995-05-01,0.9645939,0.4899621,0.7678032,1.643427,0.441822,0.0066279,0.9406924,0.5025148,0.8808374,1.702529,0.4116637,-0.2145649
1995-06-01,0.9778619,0.4865885,0.62567,1.076904,0.0395423,-0.038232,0.9558916,0.468576,0.7547617,1.045632,0.1085836,0.0547949
1995-07-01,0.9942532,0.4123449,0.6299853,0.6520777,0.2827418,0.9662074,0.8527279,0.4047394,0.7297516,0.455534,0.2375547,0.8068438
1995-08-01,1.047575,0.3853202,0.7327437,1.303848,0.2709568,1.33714,0.9006858,0.386703,0.6857753,1.171137,0.2986817,1.150701
1995-09-01,1.030982,0.3937364,0.7217884,0.5542052,0.4639294,0.5887398,0.8711338,0.4123807,0.6461859,0.072602,0.6220298,0.1283779
1995-10-01,0.9904861,0.3603935,0.8030772,1.215326,0.1723083,1.559021,0.8620024,0.3850102,0.7716417,1.326881,0.1792155,1.629661
1995-11-01,0.9350896,0.3181696,0.7833838,0.4896692,0.0767665,0.242155,0.7768512,0.3472686,0.7026672,-0.0810272,0.0614281,0.0253139
1995-12-01,0.9452343,0.3439665,0.8544445,0.065179,0.8017204,0.8367199,0.8017063,0.3526092,0.8007526,0.1749109,0.972412,1.186979
1996-01-01,0.8263111,0.3332138,0.8502126,0.6234726,0.0438664,0.7259906,0.7375479,0.4114985,0.8263111,0.9646652,0.8638006,0.8616921
1996-02-01,0.9474993,0.2805114,0.7507205,1.211511,0.1276279,0.26692,0.8505106,0.3679395,0.739646,1.197079,0.1299575,0.6130363
1996-03-01,0.9576321,0.327599,0.6821156,1.018569,0.6584527,1.157538,0.9239793,0.4509807,0.7031918,1.658085,1.088928,0.935263
1996-04-01,0.8593678,0.3087044,0.7079005,0.4936751,0.3281439,0.8767089,1.002073,0.4453421,0.6740928,2.397775,0.3766782,0.943655
1996-05-01,0.8406043,0.3228068,0.7151365,1.414651,0.611123,0.0931595,0.9624243,0.4512429,0.7273674,1.22044,0.4825163,0.4233067
1996-06-01,0.8562207,0.3124118,0.6995678,1.264843,-0.0847813,-0.2243645,0.9684443,0.4231095,0.6493688,1.117582,-0.2272853,-0.8743512
1996-07-01,0.8815408,0.3673553,0.6520033,0.95758,0.9441898,0.3942206,1.001954,0.4938841,0.6340146,0.8604183,1.088622,0.6216035
1996-08-01,0.8264899,0.4498482,0.4713178,0.6395047,1.264027,-0.8320956,0.9387851,0.560236,0.5095482,0.4115103,1.096258,-0.3448238
1996-09-01,0.9389043,0.5138636,0.4672885,1.913003,1.235174,0.5399342,1.071751,0.597918,0.555253,1.673855,1.075429,0.6780025
1996-10-01,0.927496,0.585115,0.4030347,1.077209,1.027646,0.7790074,1.098132,0.6566048,0.517118,1.645926,0.8826933,1.16654
1996-11-01,0.8617043,0.6486297,0.470376,-0.2965015,0.8377489,1.056207,1.132822,0.7271886,0.5914927,0.3344944,0.9070346,0.920189
1996-12-01,0.9006619,0.5877733,0.3941298,0.5315944,0.072743,-0.0812736,1.160181,0.6538033,0.5653501,0.5024236,0.0926782,0.8697352
1997-01-01,0.8686304,0.658071,0.3503442,0.2392871,0.8862056,0.1976312,1.147258,0.6453872,0.4961252,0.808511,0.7627055,0.0291863
1997-02-01,0.8316278,0.7321358,0.3886342,0.7653565,1.015298,0.729483,1.108468,0.7074356,0.5247712,0.73088,0.8735602,0.9597073
1997-03-01,0.7815838,0.7388949,0.4388094,0.4166479,0.739462,1.768377,0.9797454,0.6687164,0.4948258,0.1085716,0.6232638,0.5736254
1997-04-01,0.8361578,0.7721424,0.4075408,1.151157,0.7259471,0.5002918,0.8587837,0.6939411,0.385046,0.9276466,0.6789232,-0.374894
1997-05-01,0.7220864,0.7370234,0.4541039,0.0403287,0.1911962,0.6531831,0.6527781,0.6677032,0.39469,-1.242518,0.1686854,0.539777
1997-06-01,0.6728292,0.7701159,0.5426645,0.6700674,0.3101108,0.838266,0.5825281,0.7082939,0.5577207,0.2710786,0.2565602,1.078948
1997-07-01,0.6944656,0.6942153,0.4768014,1.217241,0.0356306,-0.3953653,0.5981684,0.6167531,0.4802942,1.047674,-0.0084629,-0.3073956
1997-08-01,0.7034659,0.6070733,0.4286587,0.7494369,0.2174105,-1.401036,0.6270289,0.5439281,0.5113602,0.7598805,0.2215469,0.0265303
1997-09-01,0.5852103,0.5445242,0.5113423,0.4824009,0.4823015,1.538738,0.58285,0.4861951,0.5707622,1.138029,0.381265,1.396
1997-10-01,0.5320311,0.48666,0.5361497,0.4360176,0.3322586,1.078576,0.4792094,0.4366875,0.5490899,0.3930381,0.2878709,0.9028826
1997-11-01,0.5653501,0.4284024,0.4615664,0.1020222,0.1386008,0.1587906,0.4586577,0.379777,0.455296,0.0882097,0.2229928,-0.204907
1997-12-01,0.5667686,0.4172921,0.4859924,0.5489516,-0.0601376,0.2112602,0.440228,0.3653407,0.3473878,0.2810527,-0.0798246,-0.4250633
1998-01-01,0.6438255,0.368166,0.5040646,1.167423,0.2956653,0.4140107,0.4314661,0.3247023,0.3145814,0.7023716,0.274249,-0.3628319
1998-02-01,0.628531,0.3375053,0.428009,0.5816055,0.6453589,-0.1835669,0.3354192,0.2987981,0.1734555,-0.4222561,0.561725,-0.7335021
1998-03-01,0.6797791,0.2971768,0.281477,1.033808,0.2545692,-0.0018456,0.3223658,0.2769947,0.1163721,-0.047355,0.3606159,-0.1119417
1998-04-01,0.7126927,0.2595067,0.2732515,1.550656,0.2731535,0.4010631,0.3580093,0.1973152,0.1816154,1.359589,-0.2765382,0.4072652
1998-05-01,0.7982254,0.2178431,0.2557039,1.068112,-0.3074919,0.4417153,0.5446911,0.1574039,0.2197862,0.9906936,-0.3091996,1.001105
1998-06-01,0.7909536,0.1924753,0.0198662,0.5850739,0.0057433,-1.977616,0.5877137,0.1393437,-0.0158072,0.7900644,0.0399235,-1.740188
1998-07-01,0.8573294,0.2262354,0.1339912,2.023393,0.441006,0.9779754,0.65732,0.1718283,0.0712037,1.892548,0.3813984,0.7385572
1998-08-01,0.847578,0.2596855,0.3466129,0.6320586,0.6196254,1.148001,0.6334424,0.1968145,0.1277924,0.4717792,0.5219949,0.708986
1998-09-01,0.8978605,0.2681255,0.070399,1.088266,0.5838568,-1.772045,0.6215692,0.2062321,-0.1635492,0.9952101,0.4942179,-2.092945
1998-10-01,1.035774,0.2325535,0.013721,2.104322,-0.0940756,0.3932849,0.7369876,0.1764774,-0.1585007,1.787673,-0.0686291,0.9630477
1998-11-01,1.048291,0.2295256,-0.0066936,0.2513577,0.1023655,-0.086673,0.7576942,0.1392365,-0.1422524,0.3361841,-0.223124,-0.008301
1998-12-01,1.057053,0.272119,0.0623107,0.6538382,0.4503639,1.047487,0.7350206,0.1789808,-0.0354528,0.0096492,0.3970949,0.8639739
1999-01-01,0.9776354,0.3266931,0.0810862,0.2127705,0.9532917,0.6385593,0.720489,0.2148628,0.0398815,0.5276929,0.7062111,0.5363639
1999-02-01,0.9267688,0.3142476,0.0277519,-0.0282442,0.4952717,-0.8222681,0.7521987,0.2066731,0.0150383,-0.0450649,0.4624574,-1.031111
1999-03-01,0.8548856,0.2821684,0.059396,0.1683995,-0.1293821,0.3791507,0.769794,0.1670957,0.0984013,0.1634236,-0.1135185,0.8949456
1999-04-01,0.874269,0.2968311,0.1014769,1.78706,0.4493105,0.909582,1.029301,0.2301693,0.1367748,4.545348,0.4796571,0.8709133
1999-05-01,0.795877,0.3676295,0.1078904,0.1251777,0.5399806,0.5192917,0.9594798,0.3030777,0.0606775,0.1523239,0.5645842,0.0838633
1999-06-01,0.777781,0.3470063,0.3184438,0.3662255,-0.2402816,0.532597,0.9278655,0.2813101,0.223732,0.4090036,-0.2204328,0.204063
1999-07-01,0.7227898,0.3421664,0.2751231,1.355115,0.3828762,0.456185,0.9712815,0.2794385,0.2015233,2.421077,0.3589522,0.4713323
1999-08-01,0.752914,0.2784729,0.1605392,0.9948143,-0.1443591,-0.2346945,1.020896,0.2347946,0.2394378,1.069158,-0.0137974,1.167849
1999-09-01,0.7332683,0.265336,0.4703045,0.851095,0.4257635,1.94579,1.019228,0.2479196,0.6406426,0.9751617,0.6525478,2.726701
1999-10-01,0.6292343,0.3355861,0.4772305,0.8418394,0.7493836,0.4764319,0.9457827,0.3088236,0.5998254,0.9006487,0.6623268,0.4704116
1999-11-01,0.6621242,0.3519177,0.5035758,0.6468266,0.2977944,0.228706,0.9653091,0.3223181,0.6464362,0.5706609,-0.061944,0.5494984
1999-12-01,0.6596327,0.341177,0.464654,0.6246079,0.3216827,0.5773397,1.121175,0.3147125,0.6229281,1.884931,0.3057969,0.5800542
2000-01-01,0.6820202,0.3757954,0.4978299,0.48096,1.371879,1.038237,1.171422,0.3552198,0.6569982,1.131696,1.195111,0.9457023
2000-02-01,0.7325888,0.3920674,0.6088734,0.5784515,0.6910423,0.5033836,1.245129,0.367105,0.9425998,0.8386468,0.6053022,2.398175
2000-03-01,0.8309603,0.3908873,0.6830215,1.353793,-0.1438366,1.272269,1.332235,0.3794789,1.196063,1.207898,0.0345332,3.982911
2000-04-01,0.5909324,0.3613949,0.7535815,-1.09273,0.0962285,1.762654,0.8894324,0.3464937,1.101327,-0.827407,0.0841182,-0.2756932
2000-05-01,0.5513787,0.3899574,0.7732034,-0.3480214,0.8837867,0.7558076,0.8378744,0.363636,1.153398,-0.4619651,0.7707458,0.70547
2000-06-01,0.4963398,0.3918171,0.8484364,-0.292818,-0.2180693,1.443037,0.835824,0.3661394,1.466471,0.384248,-0.1905012,4.004121
2000-07-01,0.4189491,0.3897309,0.9791255,0.4193151,0.3576868,2.034222,0.692296,0.3677845,1.59567,0.6795213,0.3785412,2.02275
2000-08-01,0.3688574,0.3877401,1.110995,0.39082,-0.1680376,1.344049,0.6330848,0.2170086,1.619077,0.3555309,-1.801168,1.447247
2000-09-01,0.3492713,0.4342914,1.062328,0.6133647,0.9860071,1.356627,0.6337643,0.2385259,1.672029,0.9836668,0.9122564,3.373887
2000-10-01,0.2525389,0.4083395,1.153111,-0.3208904,0.4376324,1.574517,0.5110383,0.249505,1.750392,-0.5710137,0.7944456,1.418329
2000-11-01,0.1827419,0.3888607,1.323366,-0.191339,0.0641418,2.280427,0.4586935,0.2626777,1.847976,-0.0581803,0.0956729,1.718766
2000-12-01,0.1736283,0.365448,1.328063,0.514635,0.0415111,0.635852,0.3892899,0.2413154,1.867998,1.041359,0.0494985,0.8275413
2001-01-01,0.1921833,0.365448,1.444244,0.7057645,1.371787,2.446805,0.3917456,0.2408385,2.111137,1.161683,1.189606,3.892585
2001-02-01,0.1678586,0.330317,1.53687,0.2859803,0.2687669,1.614609,0.3086805,0.2099395,2.072912,-0.1602403,0.2338262,1.93563
2001-03-01,0.0604987,0.3794432,1.496708,0.0566298,0.4446286,0.7894417,0.2007365,0.2393246,1.735479,-0.092764,0.387209,-0.0913591
2001-04-01,0.127703,0.4018903,1.506734,-0.2916603,0.3651665,1.889135,0.2292871,0.257051,1.953423,-0.4880085,0.2965611,2.363603
2001-05-01,0.1371026,0.2746701,1.541328,-0.2359681,-0.6395306,1.169383,0.2526581,0.1478195,2.226281,-0.1831643,-0.5387632,4.003884
2001-06-01,0.1886368,0.2825022,1.629865,0.3251476,-0.1245349,2.50665,0.2037108,0.1836658,2.073932,-0.2032633,0.2391181,2.143376
2001-07-01,0.2001047,0.2798915,1.644206,0.5577201,0.3262566,2.20734,0.1872003,0.1954198,1.793742,0.4807491,0.5197068,-1.30566
2001-08-01,0.2078295,0.3275752,1.506495,0.4834786,0.4031192,-0.2994465,0.1553357,0.3753185,1.63238,-0.0272096,0.3358187,-0.4751588
2001-09-01,-0.6069243,0.2440214,1.578641,-8.775749,-0.0184476,2.223936,-0.5989969,0.4911304,1.482964,-7.774414,2.318339,1.550266
2001-10-01,-0.4546583,0.8122563,1.437294,1.522556,7.486847,-0.1207277,-0.4939973,0.9860992,1.104987,0.6925887,6.915956,-3.04184
2001-11-01,-0.369668,0.8328795,1.3587,0.8339906,0.3099482,1.329775,-0.4428983,0.993228,0.837183,0.5576051,0.180343,-1.477152
2001-12-01,-0.4789591,0.846827,1.380742,-0.7963207,0.2074336,0.9052502,-0.6796539,0.9814382,0.8238077,-1.800742,-0.0905161,0.6664909
2002-01-01,-0.4579961,0.7678628,1.121986,0.9604561,0.4237127,-0.6624762,-0.7073641,0.9284854,0.4794478,0.8265911,0.554529,-0.2974587
2002-02-01,-0.4816413,0.7786751,1.148593,0.0011215,0.397872,1.938373,-0.7042408,0.9383082,0.4689097,-0.1242326,0.3510735,1.807535
2002-03-01,-0.4345179,0.7676601,1.124132,0.6251918,0.3128149,0.4973204,-0.6479919,0.9311795,0.6748796,0.5877584,0.3020949,2.40182
2002-04-01,-0.3566206,0.8560181,1.0759,0.6471082,1.426393,1.301875,-0.5500793,1.011086,0.7376194,0.6935172,1.253839,3.131567
2002-05-01,-0.3412187,0.9263754,1.078844,-0.0520601,0.1954449,1.206356,-0.5243659,1.071036,0.4490256,0.1246694,0.1719436,0.4767699
2002-06-01,-0.3619075,0.9834051,0.97996,0.0755985,0.5546101,1.304484,-0.5200684,1.093531,0.3677249,-0.1504966,0.5069326,1.153748
2002-07-01,-0.3359675,0.9968281,0.889349,0.8729609,0.4866289,1.109829,-0.4673183,1.090097,0.5677223,1.122729,0.4790196,1.086347
2002-08-01,-0.3088593,0.974524,1.036298,0.8119177,0.1373832,1.462113,-0.3801823,1.072013,0.7121325,1.02851,0.1206652,1.257594
2002-09-01,0.4685998,1.023316,0.9591818,0.144662,0.5627913,1.290373,0.3074288,0.924921,0.7082701,0.1656132,0.5454704,1.503717
2002-10-01,0.3554821,0.4648566,0.9975672,0.1580336,0.5692957,0.3382153,0.2826571,0.4061937,1.078165,0.3947169,0.5051057,1.333925
2002-11-01,0.2926946,0.4693747,0.9500265,0.0790315,0.3642035,0.7568973,0.2720237,0.4023671,1.260376,0.4296846,0.1346202,0.683141
2002-12-01,0.3479123,0.4686594,0.9653568,-0.1375864,0.1989958,1.087663,0.4098535,0.4250646,1.305032,-0.1662923,0.1808197,1.198659
2003-01-01,0.2521157,0.3955841,1.144421,-0.1907763,-0.4494182,1.484226,0.3427029,0.3468156,1.666927,0.0205662,-0.3816323,4.082457
2003-02-01,0.3077865,0.3837347,1.045787,0.6712285,0.2557273,0.7454053,0.643611,0.363481,1.606047,3.534482,0.5511634,1.073872
2003-03-01,0.3726244,0.4002094,1.009774,1.409524,0.5106015,0.0671131,0.6743073,0.3754377,1.560378,0.9583553,0.445533,1.850076
2003-04-01,0.3800869,0.2872586,0.9494424,0.7372898,0.0658569,0.5746407,0.462234,0.2697945,1.290381,-1.826131,-0.0174853,-0.1223694
2003-05-01,0.450933,0.2776027,0.9239435,0.7989727,0.0797491,0.9020338,0.2664089,0.261271,1.318038,-2.195896,0.0697709,0.811312
2003-06-01,0.5136609,0.2298713,0.8060217,0.8291352,-0.0185307,-0.1106544,0.3496766,0.2183676,1.2609,0.8507985,-0.0079654,0.468925
2003-07-01,0.5401611,0.2586126,0.7972121,1.194016,0.8329322,1.003484,0.3441334,0.3276229,1.23024,1.054961,1.801183,0.7194203
2003-08-01,0.4784584,0.2541542,0.7789731,0.0699232,0.0840443,1.242023,0.4818678,0.3432393,1.214337,2.710222,0.3077957,1.066812
2003-09-01,0.4859924,0.263679,0.7359028,0.2357828,0.6775599,0.7699184,0.6584406,0.3638864,1.148558,2.303596,0.7942511,0.7113504
2003-10-01,0.4849911,0.2317071,0.8654952,0.1466104,0.184952,1.903886,0.6361246,0.3353834,1.027501,0.1283763,0.1630112,-0.1156272
2003-11-01,0.5656838,0.2280831,0.8267164,1.050627,0.3206752,0.2913686,0.6635308,0.3352165,1.025426,0.7606839,0.1327392,0.6593539
2003-12-01,0.6020308,0.2432108,0.8047938,0.2978373,0.38089,0.8228483,0.708735,0.3530622,1.082778,0.3749692,0.3950018,1.895289
2004-01-01,0.6941915,0.3051877,0.8376122,0.9152159,0.2913398,1.881656,0.9344101,0.4258394,0.8673072,2.751666,0.4886023,1.439205
2004-02-01,0.6719828,0.3398418,0.8481026,0.4047305,0.6720769,0.871327,0.6883264,0.4288316,0.8983135,0.5374625,0.5873606,1.448768
2004-03-01,0.6414652,0.2934575,0.9279013,1.039282,-0.0454383,1.025453,0.6977677,0.3883243,0.8120656,1.070862,-0.0397559,0.8057331
2004-04-01,0.6058574,0.3096461,1.094341,0.3089575,0.2598835,2.591228,0.8148193,0.4088402,1.025271,-0.4443069,0.2277658,2.454634
2004-05-01,0.5987287,0.3192902,1.081038,0.7124341,0.1952319,0.7369262,1.181173,0.4242778,1.084042,2.163112,0.2546536,1.518243
2004-06-01,0.5876899,0.3213882,1.191127,0.6965586,0.0066229,1.209491,1.28448,0.4256845,1.156235,2.095527,0.0089198,1.338823
2004-07-01,0.563097,0.2886415,1.117873,0.8965452,0.4389057,0.1251117,1.239026,0.320375,1.105618,0.5095894,0.5275031,0.1131669
2004-08-01,0.5736709,0.2945304,1.024139,0.1968814,0.1545013,0.116179,1.040411,0.3030777,1.034629,0.3142898,0.1004513,0.214212
2004-09-01,0.6006598,0.2701283,1.07075,0.5594098,0.3841333,1.331366,0.8806109,0.3258228,1.054609,0.3730019,1.068813,0.9517794
2004-10-01,0.6232381,0.3117681,1.041293,0.4153542,0.68521,1.54674,1.090026,0.4106879,1.177919,2.652928,1.184714,1.361582
2004-11-01,0.6361723,0.3188968,1.100087,1.205279,0.406176,0.9970906,1.154983,0.5303741,1.251841,1.538531,1.57396,1.550948
2004-12-01,0.6328344,0.336051,1.091182,0.2583688,0.5871659,0.7179793,1.097572,0.533855,1.139688,-0.3111754,0.4370962,0.5406373
2005-01-01,0.6498694,0.3581166,1.159489,1.122969,0.5562653,2.710651,0.9517789,0.5302191,1.036894,0.9895889,0.4446994,0.2020359
2005-02-01,0.6849647,0.3573537,1.130712,0.8265477,0.6629658,0.5271816,0.968647,0.6565213,0.9634733,0.7384546,2.114545,0.5631688
2005-03-01,0.6033778,0.3817201,1.271141,0.0584157,0.246214,2.725581,0.9299874,0.7051229,1.103747,0.6055299,0.5411699,2.505593
2005-04-01,0.6217837,0.3707051,1.120567,0.5293152,0.1279219,0.7726585,1.065445,0.7636189,1.007926,1.171832,0.9283647,1.293678
2005-05-01,0.5842686,0.3726363,1.224673,0.2620908,0.2182699,1.995876,0.9190559,0.754559,0.8939743,0.3999952,0.1466285,0.1426581
2005-06-01,0.5848765,0.3945589,1.112092,0.7030205,0.2689507,-0.1417575,0.7962942,0.7641315,0.7845938,0.6112414,0.1232913,0.0224187
2005-07-01,0.5527377,0.3718019,1.194024,0.5085493,0.1663315,1.106401,1.04301,0.753665,0.8832574,3.501606,0.401964,1.299101
2005-08-01,0.5375385,0.3911614,1.227772,0.016207,0.386539,0.5166449,1.325452,0.7840157,0.9201527,3.735158,0.4630779,0.6544418
2005-09-01,0.5239129,0.4177809,1.24836,0.3965639,0.7038093,1.577613,1.33847,0.7472754,1.729864,0.5333892,0.6273483,11.13
2005-10-01,0.5972743,0.4004598,1.263642,1.300552,0.4772345,1.729897,1.228058,0.4731178,1.844156,1.320195,-2.070576,2.734988
2005-11-01,0.5700469,0.4431844,1.290262,0.8752185,0.9199508,1.318881,1.166272,-0.09166,1.872134,0.7931902,-5.069478,1.884833
2005-12-01,0.5999088,0.3819227,1.296568,0.6165525,-0.1466669,0.7928243,1.177394,-0.1381397,1.854515,-0.1808215,-0.1222821,0.3311128
2006-01-01,0.619626,0.390172,1.130342,1.359764,0.6554609,0.7024947,1.198083,-0.1261353,2.183294,1.233291,0.5898785,4.199218
2006-02-01,0.6685734,0.3319502,1.133597,1.419426,-0.0355266,0.5656232,1.245511,-0.301981,2.093685,1.312101,-0.0223561,-0.5023949
2006-03-01,0.7184148,0.3464103,1.09694,0.6552644,0.41986,2.27949,1.2205,-0.3124356,2.021545,0.3062226,0.4148439,1.634027
2006-04-01,0.8178949,0.3414035,1.191771,1.735169,0.0681318,1.912157,1.443648,-0.3749311,2.042711,3.892001,0.1716632,1.53395
2006-05-01,0.8337617,0.3609657,1.202893,0.4529851,0.4530185,2.135217,1.438069,-0.3536105,2.239609,0.3340749,0.4039969,2.52641
2006-06-01,0.8269906,0.4104733,1.346278,0.6219727,0.8640596,1.579573,1.419842,-0.2812505,2.371669,0.3967467,0.9996746,1.601401
2006-07-01,0.8670211,0.4178286,1.24855,0.9945808,0.2545315,-0.0610123,1.459837,-0.2935529,2.255535,4.00357,0.2530272,-0.0782245
2006-08-01,0.9160876,0.4747629,1.270866,0.6046337,1.071524,0.7855447,1.214838,-0.1474619,2.269828,0.7619789,2.243903,0.8279984
2006-09-01,1.017594,0.4249454,1.157176,1.622915,0.1061701,0.2110388,1.286125,-0.1864135,0.9868622,1.395181,0.1573103,-4.560186
2006-10-01,1.028264,0.3952861,1.067007,1.430352,0.1218669,0.6435174,0.9325266,-0.0034094,0.7557154,-2.856479,0.1058548,-0.064755
2006-11-01,0.967741,0.2782941,1.034772,0.1485758,-0.482124,0.9290315,0.8463621,0.3959656,0.6898761,-0.2390629,-0.4185418,1.083982
2006-12-01,1.031744,0.3673673,0.9129882,1.389485,0.922615,-0.6605692,1.203537,0.4734993,0.610137,4.174055,0.8070325,-0.6226606
2007-01-01,0.9369016,0.3745914,1.185286,0.2171699,0.7423344,4.022794,1.143539,0.4793167,0.5047381,0.5106489,0.6602086,2.897918
2007-02-01,0.9006381,0.414896,1.236641,0.980271,0.4472708,1.18011,1.11959,0.5232811,0.7299542,1.022868,0.5036727,2.215301
2007-03-01,0.8847475,0.4233956,1.068282,0.4644089,0.521991,0.250324,1.134753,0.726521,0.6877899,0.4884006,2.878263,1.122652
2007-04-01,0.7713675,0.4042149,1.036525,0.3647399,-0.1608569,1.528019,0.8351326,0.7001519,0.7886887,0.237429,-0.14257,2.766297
2007-05-01,0.7672787,0.3794909,0.9327054,0.4043898,0.1562608,0.8733504,0.8439302,0.677669,0.8250356,0.4399637,0.1353584,2.971772
2007-06-01,0.776732,0.3465295,0.8674622,0.7351238,0.4673248,0.7914264,0.874579,0.6281495,0.8078456,0.7647562999999999,0.4055125,1.392736
2007-07-01,0.7715344,0.3688097,0.9042621,0.9299759,0.5222911,0.3764666,0.6293893,0.6514192,0.8402467,0.9972964,0.5311798,0.3077308
2007-08-01,0.8125067,0.2932429,0.8835673,1.097956,0.1617256,0.5383692,0.6628752,0.4653811,0.7408261,1.165642,-0.0010659,-0.3610778
2007-09-01,0.7739425,0.3077149,1.021314,1.152715,0.2799602,1.86897,0.7416844,0.5059958,1.271498,2.357622,0.6445039,1.664679
2007-10-01,0.7605553,0.3540635,1.068795,1.267122,0.6783423,1.215027,1.102281,0.5464673,1.414573,1.42004,0.590571,1.651053
2007-11-01,0.7531643,0.4586697,1.120293,0.0599755,0.7702311,1.55104,1.196611,0.9294033,1.437402,0.8902978,4.229324,1.36234
2007-12-01,0.6042719,0.4261255,1.367354,-0.3994101,0.5306401,2.298155,0.8759141,0.9002924,1.665354,0.2585467,0.4584948,2.10099
2008-01-01,0.6010652,0.3882051,1.198328,0.1779779,0.2869667,1.955662,0.8526564,0.8605599,1.648927,0.2316627,0.1853777,2.700451
2008-02-01,0.526607,0.3192902,1.221991,0.0854466,-0.3771447,1.46962,0.8014321,0.7911563,1.661301,0.4059406,-0.3230838,2.367374
2008-03-01,0.4670262,0.3395677,1.355135,-0.2492361,0.7659941,1.849329,0.8042455,0.6088257,1.758587,0.5213856,0.6670354,2.293533
2008-04-01,0.506711,0.4376769,1.130891,0.8422391,1.017059,-1.140399,0.8580804,0.7316113,1.532102,0.8841135,1.329933,0.0427671
2008-05-01,0.5532861,0.4087567,1.176214,0.9678596,-0.189192,1.418718,0.931716,0.7074237,1.624322,1.33148,-0.1529284,4.1031
2008-06-01,0.5188465,0.4169226,1.268351,0.3211582,0.5652062,1.898939,0.9042144,0.7163167,2.170348,0.4346327,0.5123298,8.145761
2008-07-01,0.4768014,0.357759,1.400185,0.4230379,-0.1861527,1.959969,0.8514881,0.6658077,2.600336,0.3624594,-0.072373,5.509899
2008-08-01,0.4015088,0.3948092,1.415372,0.19009,0.6064644,0.7174277,0.5466819,0.7102013,2.718937,-2.458134,0.5296322,1.030371
2008-09-01,0.2817154,0.4062176,1.35231,-0.2883831,0.4167778,1.107197,0.3136992,0.6771088,2.678454,-0.459318,0.2481817,1.178719
2008-10-01,0.0927389,0.351882,1.190245,-1.002407,0.026579,-0.7125158,0.1235425,0.6296277,1.942635,-0.8681504,0.0228294,-6.778775
2008-11-01,-0.0032604,0.2965212,1.09849,-1.088278,0.1050923,0.4445347,-0.0150681,0.2904177,0.6809711,-0.7779375,0.0904609,-12.74312
2008-12-01,-0.0238657,0.306797,0.8598566,-0.6455759,0.6541451,-0.5703,-0.5889773,0.2910614,0.4608274,-6.448009,0.4663745,-0.5524216
2009-01-01,0.0584841,0.2031803,0.6533027,1.173365,-0.9490957,-0.5226521,-0.5167007,0.2059221,0.2385378,1.108258,-0.8306242,0.003188
2009-02-01,0.0955701,0.2845168,0.5213618,0.5319415,0.5977204,-0.1173097,-0.4043043,0.2711415,0.0396371,1.779038,0.4583434,-0.0454326
2009-03-01,0.0016689,0.238955,0.5407572,-1.367122,0.2178518,2.085495,-0.6626546,0.1994491,-0.0202775,-2.553721,-0.1933807,1.560592
2009-04-01,-0.0341713,0.1942396,0.7935524,0.4089535,0.477797,1.887486,-0.7156074,0.1042724,0.0882804,0.2401691,0.1808216,1.353966
2009-05-01,-0.0807405,0.2572298,0.6729484,0.4065025,0.5663969,-0.0301434,-0.8065283,0.1244545,-0.1683712,0.2336472,0.088954,0.9398285
2009-06-01,-0.0803947,0.2409339,0.5875111,0.3253936,0.3694066,0.8660747,-0.8076966,0.1086831,-0.2869964,0.420623,0.3227689,6.607098
2009-07-01,-0.0591397,0.2706528,0.4423022,0.6795509,0.1693549,0.2039039,-0.8295059,0.1269698,-0.7394195,0.0996929,0.1465508,-0.0962879
2009-08-01,-0.021708,0.2345324,0.4643559,0.6422891,0.1724377,0.9839851,-0.5753458,0.2503753,-0.7473052,0.5837845,2.026809,0.931527
2009-09-01,0.0548899,0.2637982,0.4380584,0.6322473,0.7693064,0.7895257,-0.4915774,0.2937794,-0.7863224,0.551296,0.7704766,0.6993271
2009-10-01,0.2670407,0.3023148,0.7000446,1.549945,0.4886171,2.444826,-0.2857208,0.327301,0.0064909,1.619162,0.4245622,2.578204
2009-11-01,0.3888011,0.3487825,0.6668687,0.3619944,0.6629006,0.0462237,-0.0683606,0.366652,1.202786,1.847546,0.5624006,0.6609442
2009-12-01,0.4615903,0.3187537,0.7573605,0.225114,0.2934748,0.5117802,0.5213976,0.3307939,1.273334,0.4050819,0.0364366,0.2891997
2010-01-01,0.4598022,0.4260898,0.8267999,1.151756,0.3300162,0.3022882,0.5939841,0.4227877,1.306903,1.991828,0.2659732,0.4026802
2010-02-01,0.4881024,0.3693223,0.8592963,0.8723105,-0.0827464,0.2701266,0.5203247,0.3027797,1.316738,0.8862169,-0.9725637,0.0709021
2010-03-01,0.633049,0.4538298,0.7045507,0.3596042,1.234987,0.2200081,0.7605195,0.4095078,1.216269,0.28989,1.08835,0.353919
2010-04-01,0.6747365,0.4086852,0.528717,0.9102015,-0.0626766,-0.2295269,0.8121848,0.3991604,1.081884,0.8612939,0.0571617,-0.2537947
2010-05-01,0.6523967,0.3573775,0.6345272,0.1381521,-0.0483122,1.242984,0.8079767,0.3851891,1.026809,0.182078,-0.0782257,0.2782339
2010-06-01,0.6483197,0.3252983,0.5891204,0.2760922,-0.0148361,0.3185156,0.724858,0.357151,0.4978955,-0.5741308,-0.0129079,0.0933137
2010-07-01,0.6018043,0.3023863,0.5731583,0.1205913,-0.1049177,0.0147389,0.7994831,0.3430963,0.5111337,0.9965367,-0.0217577,0.0637083
2010-08-01,0.5935788,0.3068566,0.524497,0.5448364,0.2261728,0.3978365,0.7892966,0.1966834,0.5123317,0.461612,0.2548314,0.9459724
2010-09-01,0.548923,0.2555728,0.4957438,0.096595,0.1526393,0.4440391,0.8045435,0.1456141,0.4801273,0.7341319,0.1554409,0.3132484
2010-10-01,0.4578114,0.2235174,0.4013777,0.4497598,0.1038193,1.294265,0.8759201,0.118351,0.3754079,2.489233,0.0972249,1.300663
2010-11-01,0.5276322,0.1978397,0.3991842,1.204329,0.353851,0.0197575,0.8960366,0.1112461,0.3097773,2.091286,0.4768169,-0.1268884
2010-12-01,0.536716,0.1995206,0.3248692,0.3340635,0.3137989,-0.3805399,0.9156108,0.1336932,0.433445,0.6386973,0.3059084,1.78526
2011-01-01,0.518024,0.220871,0.3889441,0.9251179,0.5869576,1.076363,0.9150386,0.1532316,0.4967928,1.981847,0.5011198,1.166309
2011-02-01,0.5009651,0.2263308,0.4871964,0.6671649,-0.0174804,1.457629,0.9522796,0.289619,0.6056786,1.336438,0.6576141,1.383368
2011-03-01,0.5515456,0.1692057,0.4945159,0.9684666,0.5445048,0.3078028,1.176786,0.244534,0.6868839,3.015727,0.5446976,1.33313
2011-04-01,0.5290747,0.1999378,0.6659746,0.6400034,0.3056901,1.838241,1.151085,0.2664566,1.063919,0.5531209,0.3201829,4.332659
2011-05-01,0.5671024,0.2940059,0.6623983,0.5943203,1.083819,1.199223,1.174688,0.351119,1.230848,0.4643524,0.9389321,2.2951
2011-06-01,0.5938292,0.3373742,0.6558061,0.596594,0.5050445,0.2394136,1.264012,0.3834128,1.133215,0.4930364,0.3736795,-1.070605
2011-07-01,0.6030679,0.4184484,0.7113814,0.2314789,0.8681906,0.680829,1.241171,0.45439,1.170945,0.7215648,0.829834,0.5121577
2011-08-01,0.568223,0.41188,0.8572102,0.1266808,0.147307,2.161728,1.211882,0.4876494,1.26636,0.1109296,0.6537826,2.094596
2011-09-01,0.5793452,0.4125595,0.8572102,0.2292664,0.1608548,0.4412075,1.168668,0.5272746,1.312733,0.2155726,0.6306764,0.861993
2011-10-01,0.5795002,0.4100561,0.7560849,0.450401,0.0740091,0.0788391,0.9934783,0.5244493,1.172149,0.3708265,0.0636816,-0.3801462
2011-11-01,0.5548954,0.4041076,0.869,0.9075241,0.282665,1.377342,0.8729219,0.5390763,1.281941,0.6329759,0.6519758,1.184626
2011-12-01,0.6079555,0.4046082,0.9611964,0.9729045,0.3195769,0.7216091,0.8767247,0.5343199,1.114142,0.6847327,0.2492035,-0.2299022
2012-01-01,0.7159352,0.4327297,0.9103298,2.236364,0.9254857,0.4677959,0.8917093,0.6204844,1.053941,2.164396,1.539569,0.4478917
2012-02-01,0.7350206,0.4762769,0.8146167,0.8969883,0.504192,0.3032322,0.9544253,0.6021023,0.9538889,2.10253,0.4371464,0.1800959
2012-03-01,0.7109404,0.4565001,0.8791924,0.678726,0.3070665,1.082319,0.7700324,0.6083369,0.9220064,0.7703412,0.6194659,0.9467143
2012-04-01,0.6375194,0.4733562,0.8594632,-0.2406602,0.5081525,1.596816,0.7157326,0.6176829,0.6743014,-0.0987183,0.4322913,1.29803
2012-05-01,0.6335497,0.4259229,0.7740021,0.5477353,0.5124617,0.1729267,0.7059455,0.5760431,0.3094375,0.3476311,0.4386604,-2.066142
2012-06-01,0.6399393,0.4063725,0.7799864,0.6740206,0.2706114,0.3102109,0.7231236,0.4238605,0.4119635,0.7005506,-1.433892,0.1547511
2012-07-01,0.5972147,0.3436685,0.8413196,-0.2795556,0.1147446,1.41947,0.5948663,0.36304,0.464797,-0.8134842,0.0995416,1.148952
2012-08-01,0.61028,0.3424883,0.6920695,0.2826307,0.1331867,0.3601033,0.8576035,0.3334403,0.3280282,3.304254,0.2980704,0.4393977
2012-09-01,0.6600976,0.3554821,0.6847739,0.8291121,0.316587,0.3543124,0.9091616,0.3053427,0.4723191,0.8369201,0.2929896,2.618165
2012-10-01,0.6314158,0.4033923,0.8594275,0.1064014,0.6489944,2.188992,0.8877039,0.3808975,0.712359,0.1134766,0.9721011,2.522819
2012-11-01,0.5931735,0.4232764,0.7732749,0.4473138,0.5211457,0.3394631,0.6737828,0.3825784,0.6511688,-1.906847,0.6722144,0.4473024
2012-12-01,0.5247474,0.4193068,0.7516503,0.1497082,0.2720451,0.4595129,0.53128,0.3964305,0.7059455,-1.019391,0.4150822,0.4257401
2013-01-01,0.4239917,0.3398299,0.8334339,1.010808,-0.0288326,1.451571,0.4276752,0.2770185,0.7779956,0.9057429,0.0999506,1.314986
2013-02-01,0.389874,0.3180385,0.8556247,0.4855432,0.24249,0.5698914,0.544858,0.258112,0.8139729,3.538691,0.2102635,0.6121607
2013-03-01,0.3492117,0.3126979,0.8216023,0.1894559,0.2430276,0.6737642,0.494796,0.2248406,0.5729556,0.168295,0.2193498,-1.918168
2013-04-01,0.3270626,0.2668023,0.7858038,-0.5046772,-0.042163,1.165995,0.3065646,0.1770616,0.5761027,-2.331995,-0.141224,1.335861
2013-05-01,0.3326654,0.2290726,0.832963,0.6150436,0.0595644,0.7386777,0.3344238,0.1402497,0.7694364,0.684155,-0.0032837,0.2245379
2013-06-01,0.3091931,0.283289,0.8707166,0.391511,0.9230934,0.7635669,0.3141582,0.3271461,0.8758664,0.4566365,0.7967802,1.436592
2013-07-01,0.3406405,0.3317952,0.8157372,0.0964407,0.6975427,0.7568629,0.4020095,0.3726959,0.8334637,0.2342413,0.646306,0.6381531
2013-08-01,0.3578305,0.3310084,0.8444548,0.4896882,0.1237253,0.7047787,0.1676917,0.4045844,0.8524299,0.4488848,0.6811267,0.6675019
2013-09-01,0.3278613,0.3065825,0.8931279,0.4669732,0.0239416,0.9397934,0.1414359,0.3813386,0.6368637,0.5199214,0.0146932,0.0081177
2013-10-01,0.3811479,0.2950191,0.7789254,0.7476923,0.5096974,0.8036393,0.1884818,0.3260016,0.4802942,0.6792274,0.3060813,0.6211095
2013-11-01,0.3684759,0.2935648,0.8511543,0.2947755,0.5037442,1.208102,0.3711998,0.3109217,0.5320907,0.2587778,0.4908207,1.071782
2013-12-01,0.4178882,0.2751946,0.8525252,0.7437393,0.052076,0.4766068,0.5143225,0.3514886,0.5402684,0.6941405,0.9033133,0.5242497
2014-01-01,0.3495336,0.2907515,0.8128762,0.1884521,0.1572987,0.9730766,0.5530059,0.3544927,0.5161166,1.373407,0.1363048,1.022726
2014-02-01,0.3359199,0.2992988,0.759995,0.321846,0.3448031,-0.0627002,0.3015459,0.3265023,0.4877448,0.4740441,-0.1249999,0.2708432
2014-03-01,0.3432274,0.3228784,0.7876158,0.2774084,0.5264603,1.006555,0.3162205,0.3456116,0.7480502,0.3431803,0.4487613,1.181738
2014-04-01,0.4585385,0.3702044,0.7475019,0.8787019,0.5250461,0.6831887,0.5849242,0.4197121,0.6805778,0.8663109,0.7473644,0.5230405
2014-05-01,0.4173517,0.3983736,0.8134723,0.120062,0.3972628,1.534489,0.5690336,0.4503727,0.7572174,0.4916159,0.3634611,1.146976
2014-06-01,0.4201412,0.3478289,0.80266,0.4245856,0.314748,0.6350237,0.5627871,0.4181623,0.6833315,0.3800113,0.4097654,0.5458808
2014-07-01,0.5129933,0.3025889,0.8008718,1.214154,0.1541698,0.7357339,0.6344318,0.3486156,0.6992579,1.09395,-0.1868429,0.83081
2014-08-01,0.5764127,0.2955794,0.6740928,1.255237,0.0398897,-0.8102407,0.6739378,0.2414823,0.6060123,0.9241322,-0.6013322,-0.4496525
2014-09-01,0.6225109,0.3111362,0.6282091,1.023683,0.2103766,0.3874935,0.6982446,0.1715064,0.6405115,0.8147795,-0.8198817,0.4212006
2014-10-01,0.6383181,0.2817273,0.5584955,0.9377525,0.1568013,-0.0336391,0.6949902,0.1597524,0.4948854,0.6394772,0.165069,-1.117005
2014-11-01,0.6520867,0.2307653,0.5188107,0.4593381,-0.1076905,0.7287331,0.7072806,0.1106262,0.2872825,0.4046281,-0.0990069,-1.411666
2014-12-01,0.6908536,0.2137303,0.4617333,1.212382,-0.1518224,-0.2073356,0.737226,0.0356674,-0.0182569,1.056358,0.0004238,-3.09894
2015-01-01,0.6898403,0.2069116,0.32444,0.1743574,0.0755142,-0.673747,0.6400228,0.0294447,-0.5972266,0.2020044,0.0614154,-5.797126
2015-02-01,0.7129788,0.2007127,0.3719687,0.5994741,0.270422,0.5087005,0.7273316,0.0650406,-0.5914509,1.526318,0.3024678,0.3407496
2015-03-01,0.7460833,0.2144456,0.3272295,0.6755838,0.6919135,0.4658367,0.7299066,0.0658631,-0.5686879,0.3772272,0.4586497,1.461075
2015-04-01,0.7412314,0.2006769,0.3571272,0.8215206,0.359477,1.045136,0.671196,0.0345469,-0.5696595,0.1630671,0.3695986,0.5140299
2015-05-01,0.7900834,0.197947,0.2646029,0.7075642,0.364487,0.4136533,0.8321524,0.0292897,-0.649178,2.441903,0.3003473,0.1781177
2015-06-01,0.8368134,0.1895905,0.2335668,0.988263,0.2142199,0.2611331,0.8803129,0.0124693,-0.5972385,0.9604905,0.2070062,1.183889
2015-07-01,0.7653117,0.1796007,0.2395511,0.3542509,0.0345118,0.8079931,0.8129239,0.0343442,-0.603801,0.2856669,0.0754794,0.7473783
2015-08-01,0.6965995,0.1775265,0.3516793,0.4267605,0.0148692,0.532147,0.7584691,0.0858307,-0.5827188,0.269482,0.0143051,-0.2008788
2015-09-01,0.6751657,0.1840949,0.3770232,0.7633909,0.2895452,0.6927287,0.7374763,0.1823783,-0.8302808,0.5604999,0.3343268,-2.517345
2015-10-01,0.6185055,0.1747608,0.3884971,0.2564693,0.0448066,0.1025822,0.7011652,0.1698375,-0.7547379,0.203826,0.0147474,-0.215354
2015-11-01,0.5945683,0.2213478,0.3869772,0.1725676,0.4513075,0.7121168,0.6702065,0.211966,-0.6094515,0.0349325,0.40643,0.3417094
2015-12-01,0.5281687,0.2682686,0.4018545,0.4114046,0.4104345,-0.0289875,0.4971504,0.2421141,-0.3757834,-1.016015,0.3621567,-0.3254391
2016-01-01,0.5904198,0.2678633,0.5544901,0.9241708,0.0704914,1.158402,0.5479991,0.244391,0.0915885,0.8140313,0.0887251,-0.3548724
2016-02-01,0.5841017,0.2946258,0.5937338,0.5234824,0.5922239,0.9822552,0.464642,0.2539992,-0.0639677,0.519688,0.4178202,-1.520886
2016-03-01,0.5774021,0.2307534,0.6578922,0.5949282,-0.074988,1.239456,0.5824327,0.2110004,-0.0946164,1.802039,-0.0572145,1.089617
2016-04-01,0.5524993,0.2307892,0.7453203,0.5206079,0.3598361,2.105369,0.7130444,0.2098799,0.0208974,1.739377,0.3560016,1.911161
2016-05-01,0.5627871,0.2773523,0.7383227,0.8308074,0.9257645,0.3290007,0.57621,0.2890587,0.0035346,0.7787634,1.25562,-0.031392
2016-06-01,0.5257964,0.2660632,0.7710457,0.5424029,0.0789166,0.6543149,0.5372882,0.2779841,0.0368297,0.4922789,0.0744126,1.586056
2016-07-01,0.5187631,0.2825975,0.8095741,0.2696947,0.2323998,1.271,0.5262494,0.2871633,-0.0345886,0.1530686,0.1853579,-0.1101778
2016-08-01,0.5254507,0.3094435,0.8742332,0.5076935,0.336582,1.310734,0.5464792,0.3057122,0.0614703,0.5130792,0.2365893,0.9516649
2016-09-01,0.4789114,0.3147006,0.9067178,0.2037639,0.3526227,1.084061,0.5822957,0.2988935,0.3629684,0.9920476,0.2526873,1.081273
2016-10-01,0.5019307,0.3464937,0.950706,0.5335794,0.4261327,0.6263207,0.6066442,0.3314853,0.5158305,0.4966402,0.4049931,1.620906
2016-11-01,0.5299687,0.3270388,0.8766651,0.5092594,0.2177866,-0.1727097,0.6249905,0.3108621,0.4873157,0.2548408,0.159068,0.0006607
2016-12-01,0.56144,0.3224134,0.9029984,0.7907289,0.3551761,0.2876168,0.8428454,0.291729,0.5453825,1.599276,0.1327755,0.3700906
2017-01-01,0.5725145,0.3477931,0.9579659,1.057172,0.3743499,1.826384,0.85603,0.3143191,0.8537352,0.9716875,0.3597055,3.385107
2017-02-01,0.5714417,0.3041625,1.007295,0.5102923,0.0685779,1.577269,0.8568406,0.2895474,1.065648,0.5287321,0.1205156,1.014622
2017-03-01,0.5768418,0.3085136,0.812459,0.6600949,-0.0230837,-1.085883,0.7552862,0.2598524,0.9141207,0.5752327,-0.4114987,-0.7190533
2017-04-01,0.5506873,0.3079295,0.8023739,0.2065804,0.3533417,1.982766,0.6251216,0.2627134,0.9036183,0.1667545,0.3900405,1.783834
2017-05-01,0.4728913,0.2785921,0.8171082,-0.1042003,0.5716627,0.505714,0.5553484,0.0880718,0.9395838,-0.0595708,-0.8406399,0.398234
2017-06-01,0.5161643,0.3092527,0.773263,1.064107,0.4468787,0.1273255,0.5868316,0.0931621,0.8099198,0.8707191,0.1355929,0.0247455
2017-07-01,0.4585505,0.2877593,0.7806063,-0.4202992,-0.0248443,1.36016,0.539726,0.078094,0.8919597,-0.4110834,0.0045799,0.8721048
2017-08-01,0.5217433,0.2280235,0.7077575,1.269949,-0.3784171,0.4328796,0.5947113,0.0333309,0.9667873,1.175456,-0.3001803,1.854981
2017-09-01,0.5627394,0.2016425,0.6824493,0.6965554,0.0361713,0.77846,0.5670667,0.278604,0.9327769,0.659611,3.242255,0.672128
2017-10-01,0.5298495,0.1883268,0.8465171,0.1368761,0.2660994,2.617425,0.5361259,0.1751781,0.9924412,0.1237016,-0.8304029,2.346375
2017-11-01,0.5600929,0.1896143,0.8220434,0.8722921,0.2333155,-0.4611511,0.5820811,0.1785755,1.057434,0.8061278,0.2000872,0.7811936
2017-12-01,0.5834341,0.1660943,0.8535385,1.073233,0.072897,0.6644276,0.5435228,0.1728773,1.074934,1.133334,0.0642486,0.5779328
2018-01-01,0.6049454,0.1909018,0.8605242,1.31868,0.6730669,1.909242,0.5774379,0.1921535,1.011527,1.383442,0.5916073,2.605111
2018-02-01,0.6731272,0.2473831,0.7475972,1.333878,0.7474807,0.2166884,0.6128192,0.2371907,1.01018,0.9560983,0.662177,0.996992
2018-03-01,0.6236076,0.2676368,1.037002,0.0664521,0.2198739,2.384842,0.5678296,0.2065659,1.244235,0.035409,-0.7760426,2.082482
2018-04-01,0.63591,0.2548814,1.007473,0.3533897,0.1999874,1.626682,0.6507635,0.1909137,1.222444,1.164642,0.2019258,1.521816
2018-05-01,0.726974,0.2541065,1.013708,0.9910182,0.5626975,0.5790207,0.7651806,0.3017068,1.212478,1.317257,0.4833529,0.2779727
2018-06-01,0.6901383,0.2761722,0.9834766,0.6205248,0.71201,-0.2322923,0.7372141,0.3472328,1.196706,0.5340896,0.6821075,-0.1619227
2018-07-01,0.755465,0.337708,0.9148717,0.3619916,0.713962,0.534066,0.7970095,0.400269,1.152396,0.3052597,0.6407251,0.3398566
2018-08-01,0.6571293,0.4052997,0.8463621,0.0864789,0.4297914,-0.385882,0.7112861,0.4570723,1.026034,0.1448707,0.3789514,0.3338891
2018-09-01,0.6258249,0.4039049,0.9396911,0.319753,0.0193227,1.90466,0.7207513,0.1949549,1.109004,0.7733644,0.0554922,1.669546
2018-10-01,0.6317019,0.4063129,0.840342,0.2078294,0.2952407,1.409741,0.7457972,0.2862811,1.033461,0.4241461,0.2601324,1.430468
2018-11-01,0.6346703,0.3813028,0.9987116,0.9081751,-0.0658412,1.427668,0.6186485,0.2633095,1.071835,-0.7191373,-0.0752404,1.236945
2018-12-01,0.4509449,0.4400253,1.148689,-1.125536,0.7777205,2.477754,0.457263,0.3268361,1.094234,-0.7986051,0.827778,0.8500087
2019-01-01,0.419999987,0.370000005,1.059999943,0.9700000286102295,-0.1099999994039536,0.8600000143051147,0.4099999964237213,0.2700000107288361,0.8299999833106995,0.819999993,-0.119999997,-0.5598146
2019-02-01,0.3499999940395355,0.2899999916553497,1.100000023841858,0.5,-0.25,0.7200000286102295,0.3799999952316284,0.239999994635582,0.8100000023841858,0.6000000238418579,0.3700000047683716,0.7799999713897705
2019-03-01,0.449999988079071,0.300000011920929,0.8600000143051147,1.279999971389771,0.300000011920929,-0.4900000095367432,0.49000001,0.430000007,0.600000024,1.350000024,1.429999948,-0.460000008
2019-04-01,0.5400000214576721,0.2800000011920929,0.8299999833106995,1.409999966621399,-0.009999999776482582,1.269999980926514,0.6499999761581421,0.4099999964237213,0.5299999713897705,3.140000104904175,0.0,0.6200000047683716
2019-05-01,0.4600000083446503,0.25,0.8700000047683716,0.01,0.25,1.00999999,0.5,0.389999986,0.579999983,-0.50999999,0.280000001,0.920000017
2019-06-01,0.5,0.25,0.9399999976158142,1.120000004768372,0.6899999976158142,0.6100000143051147,0.5400000214576721,0.3899999856948853,0.5099999904632568,0.9599999785423279,0.6100000143051147,-1.019999980926514
2019-07-01,0.50999999,0.200000003,0.970000029,0.460000008,0.079999998,0.879999995,0.550000012,0.340000004,0.569999993,0.5,0.050000001,1.090000033
2019-08-01,0.4699999988079071,0.3499999940395355,0.9399999976158142,0.4799999892711639,0.5199999809265137,0.4099999964237213,0.5899999737739563,0.2199999988079071,0.6399999856948853,0.3899999856948853,0.4600000083446503,-0.25
2019-09-01,0.5,0.3899999856948853,0.7599999904632568,0.7200000286102295,0.449999988079071,-0.2199999988079071,0.5799999833106995,0.2300000041723251,0.5,0.6200000047683716,0.1800000071525574,0.009999999776482582
2019-10-01,0.5,0.4000000059604645,0.7400000095367432,0.25,0.449999988079071,1.169999957084656,0.5600000023841858,0.239999994635582,0.5199999809265137,0.1599999964237213,0.3799999952316284,1.710000038146973
2019-11-01,0.4799999892711639,0.4399999976158142,0.6000000238418579,0.6299999952316284,0.4799999892711639,-0.3199999928474426,0.6700000166893005,0.2899999916553497,0.4300000071525574,0.6800000071525574,0.4300000071525574,0.1800000071525574
2019-12-01,0.6700000166893005,0.4000000059604645,0.5,1.169999957084656,0.25,1.320000052452087,0.8299999833106995,0.300000011920929,0.4699999988079071,1.019999980926514,1.059999942779541,1.240000009536743
2020-01-01,0.6899999976158142,0.3600000143051147,0.5600000023841858,1.039999961853027,-0.05000000074505806,0.9800000190734863,0.7799999713897705,0.2700000107288361,0.7099999785423279,0.07999999821186066,-0.03999999910593033,1.240000009536743
2020-02-01,0.6899999976158142,0.3499999940395355,0.6600000262260437,0.6899999976158142,-0.300000011920929,1.899999976158142,0.6200000047683716,0.2599999904632568,0.8100000023841858,-0.1700000017881393,-0.3499999940395355,2.029999971389771
2020-03-01,0.4099999964237213,0.3199999928474426,0.7400000095367432,-2.680000066757202,0.550000011920929,0.5699999928474426,0.1500000059604645,0.239999994635582,0.7599999904632568,-4.699999809265137,0.4799999892711639,0.5199999809265137
2020-04-01,-0.119999997317791,0.2899999916553497,0.7300000190734863,-4.989999771118164,-0.1400000005960464,0.9200000166893005,-0.7799999713897705,0.2099999934434891,0.9900000095367432,-8.0,-0.1400000005960464,3.150000095367432
2020-05-01,-0.1500000059604645,0.3400000035762787,0.7300000190734863,-0.3899999856948853,0.7099999785423279,1.080000042915344,-0.8199999928474426,0.3100000023841858,0.9800000190734863,-0.8799999952316284,1.509999990463257,0.8700000047683716
2020-06-01,-0.2000000029802322,0.3499999940395355,0.7400000095367432,0.6000000238418579,0.9900000095367432,0.2899999916553497,-0.8600000143051147,0.550000011920929,1.039999961853027,0.5600000023841858,2.410000085830688,0.8399999737739563
2020-07-01,-0.079999998,0.34999999,0.86000001,1.7,0.30000001,2.3399999,-0.75999999,0.55000001,1.13,1.55,0.25999999,2.0999999
2020-08-01,-0.09000000357627869,0.4699999988079071,0.9900000095367432,0.7099999785423279,1.7400000095367432,1.1799999475479126,-0.7799999713897705,0.550000011920929,1.409999966621399,0.6000000238418579,1.809999942779541,1.0700000524520874
2020-09-01,-0.09000000357627869,0.47999998927116394,1.0700000524520874,0.7300000190734863,0.6000000238418579,0.699999988079071,-0.7599999904632568,0.5600000023841858,1.5,0.7900000214576721,0.3499999940395355,1.1200000047683716
2020-10-01,-0.17000000178813934,0.49000000953674316,1.0700000524520874,-0.6800000071525574,0.6200000047683716,1.2699999809265137,-0.8199999928474426,0.5799999833106995,1.4500000476837158,-0.5600000023841858,0.5699999928474426,1.159999966621399
2020-11-01,-0.15000000596046448,0.5400000214576721,1.059999942779541,0.8100000023841858,0.9900000095367432,-0.5099999904632568,-0.8100000023841858,0.6200000047683716,1.409999966621399,0.800000011920929,0.8899999856948853,-0.33000001311302185
2020-12-01,-0.019999999552965164,0.5400000214576721,0.9700000286102295,2.8499999046325684,0.30000001192092896,0.2800000011920929,-0.6600000262260437,0.6899999976158142,1.340000033378601,2.890000104904175,1.9199999570846558,0.3400000035762787
2021-01-01,0.009999999776482582,0.699999988079071,0.9800000190734863,1.159999966621399,2.109999895095825,1.25,-0.6299999952316284,0.9300000071525574,1.3200000524520874,0.949999988079071,3.119999885559082,1.1299999952316284
2021-02-01,-0.03999999910593033,0.8700000047683716,0.8799999952316284,-0.07999999821186066,2.0,0.7200000286102295,-0.5400000214576721,1.1799999475479126,1.2200000286102295,0.33000001311302185,2.990000009536743,0.7599999904632568
2021-03-01,0.5,0.8999999761581421,0.8500000238418579,3.9700000286102295,0.5,0.6700000166893005,0.1599999964237213,1.2200000286102295,1.340000033378601,3.4700000286102295,0.6100000143051147,2.4000000953674316
2021-04-01,1.2000000476837158,1.0099999904632568,1.0099999904632568,3.380000114440918,1.0800000429153442,2.869999885559082,1.100000023841858,1.309999942779541,1.309999942779541,2.9700000286102295,0.949999988079071,2.680000066757202
2021-05-01,1.409999966621399,1.090000033378601,1.1200000047683716,2.2799999713897705,1.8300000429153442,2.259999990463257,1.3600000143051147,1.3300000429153442,1.440000057220459,2.380000114440918,1.940000057220459,2.200000047683716
2021-06-01,1.5299999713897705,0.9900000095367432,1.4500000476837158,1.8700000047683716,-0.3400000035762787,4.389999866485596,1.5399999618530273,1.2400000095367432,1.5800000429153442,2.640000104904175,-0.23999999463558197,4.420000076293945
2021-07-01,1.5700000524520874,1.0199999809265137,1.4299999475479126,2.0199999809265137,0.7699999809265137,2.299999952316284,1.5800000429153442,1.2999999523162842,1.6399999856948853,1.8300000429153442,0.7599999904632568,2.9700000286102295
2021-08-01,1.600000023841858,0.8600000143051147,1.590000033378601,1.059999942779541,-0.17000000178813934,3.109999895095825,1.649999976158142,1.190000057220459,1.7899999618530273,1.440000057220459,0.44999998807907104,2.859999895095825
2021-09-01,1.559999942779541,0.8700000047683716,1.6699999570846558,0.23000000417232513,0.7599999904632568,1.659999966621399,1.6100000143051147,1.340000033378601,1.8200000524520874,0.3700000047683716,2.2200000286102295,1.4800000190734863
2021-10-01,1.909999966621399,0.9100000262260437,1.6799999475479126,3.569999933242798,1.149999976158142,1.4199999570846558,1.940000057220459,1.4800000190734863,1.940000057220459,3.380000114440918,2.240000009536743,2.5299999713897705
2021-11-01,2.130000114440918,0.8999999761581421,1.9199999570846558,3.4600000381469727,0.8100000023841858,2.25,2.259999990463257,1.4700000286102295,2.200000047683716,4.710000038146973,0.7099999785423279,2.819999933242798
2021-12-01,2.0899999141693115,0.9700000286102295,2.200000047683716,2.369999885559082,1.090000033378601,3.75,2.2200000286102295,1.3899999856948853,2.5299999713897705,2.390000104904175,0.9599999785423279,4.309999942779541
2022-01-01,1.9299999475479126,0.9599999785423279,2.5,-0.7099999785423279,2.009999990463257,4.860000133514404,2.130000114440918,1.2699999809265137,2.8499999046325684,-0.07999999821186066,1.75,5.059999942779541
2022-02-01,2.0999999046325684,0.8500000238418579,2.6700000762939453,1.9600000381469727,0.7099999785423279,2.7300000190734863,2.359999895095825,1.0700000524520874,3.0899999141693115,3.069999933242798,0.5799999833106995,3.630000114440918
2022-03-01,1.9600000381469727,0.8399999737739563,2.809999942779541,2.1700000762939453,0.3499999940395355,2.3399999141693115,2.619999885559082,1.0499999523162842,3.2200000286102295,6.650000095367432,0.3100000023841858,3.990000009536743
2022-04-01,1.840000033378601,0.8799999952316284,2.640000104904175,1.9199999570846558,1.559999942779541,0.8299999833106995,2.4700000286102295,1.0800000429153442,3.0999999046325684,1.159999966621399,1.3700000047683716,1.2000000476837158
2022-05-01,1.809999942779541,0.7900000214576721,2.5899999141693115,1.909999966621399,0.7400000095367432,1.659999966621399,2.6700000762939453,0.9800000190734863,3.0999999046325684,4.829999923706055,0.6499999761581421,2.2699999809265137
2022-06-01,1.9600000381469727,0.9200000166893005,2.4200000762939453,3.7100000381469727,1.2300000190734863,2.319999933242798,2.7200000286102295,1.090000033378601,3.359999895095825,3.25,1.149999976158142,7.639999866485596
2022-07-01,1.9800000190734863,0.949999988079071,2.1700000762939453,2.259999990463257,1.159999966621399,-0.7099999785423279,2.809999942779541,0.8199999928474426,3.0799999237060547,2.9100000858306885,-2.490000009536743,-0.3400000035762787
2022-08-01,2.069999933242798,0.9900000095367432,2.2699999809265137,2.180000066757202,0.36000001430511475,4.369999885559082,2.8399999141693115,0.8600000143051147,2.9000000953674316,1.899999976158142,0.9300000071525574,0.6399999856948853
2022-09-01,2.180000066757202,0.9399999976158142,2.440000057220459,1.5,0.15000000596046448,3.7899999618530273,2.8399999141693115,0.6800000071525574,3.0999999046325684,0.3199999928474426,0.12999999523162842,3.9200000762939453
2022-10-01,1.9900000095367432,1.0099999904632568,2.4200000762939453,1.340000033378601,1.9500000476837158,1.090000033378601,2.7699999809265137,0.6399999856948853,3.009999990463257,2.4700000286102295,1.7300000190734863,1.4800000190734863
2022-11-01,1.850000023841858,0.9700000286102295,2.3499999046325684,1.75,0.33000001311302185,1.409999966621399,2.509999990463257,0.5899999737739563,2.9000000953674316,1.5499999523162842,0.14000000059604645,1.4500000476837158
2022-12-01,1.7599999904632568,0.9399999976158142,2.2300000190734863,1.2100000381469727,0.7699999809265137,2.319999933242798,2.2200000286102295,0.5899999737739563,2.690000057220459,-1.059999942779541,0.9399999976158142,1.8200000524520874
2023-01-01,2.0399999618530273,0.7599999904632568,2.0899999141693115,2.75,-0.12999999523162842,3.1600000858306885,2.5299999713897705,0.4399999976158142,2.5299999713897705,3.6600000858306885,-0.09000000357627869,3.0999999046325684
2023-02-01,2.0,0.7300000190734863,2.0799999237060547,1.4700000286102295,0.30000001192092896,2.5999999046325684,2.3499999046325684,0.4099999964237213,2.430000066757202,0.9399999976158142,0.27000001072883606,2.4100000858306885
2023-03-01,1.8600000143051147,0.8500000238418579,2.0299999713897705,0.5,1.7699999809265137,1.6699999570846558,1.840000033378601,0.41999998688697815,2.190000057220459,0.30000001192092896,0.3799999952316284,1.059999942779541
2023-04-01,1.899999976158142,0.7699999809265137,2.059999942779541,2.4000000953674316,0.6399999856948853,1.2799999713897705,1.940000057220459,0.3499999940395355,2.190000057220459,2.450000047683716,0.5600000023841858,1.149999976158142
2023-05-01,1.8600000143051147,0.7400000095367432,2.0799999237060547,1.3300000429153442,0.36000001430511475,1.8700000047683716,1.6299999952316284,0.23999999463558197,2.130000114440918,1.0700000524520874,-0.6399999856948853,1.5499999523162842
2023-06-01,1.7400000095367432,0.6700000166893005,1.9199999570846558,2.3499999046325684,0.3700000047683716,0.38999998569488525,1.559999942779541,0.18000000715255737,1.5499999523162842,2.380000114440918,0.3400000035762787,0.47999998927116394
2023-07-01,1.5499999523162842,0.7099999785423279,2.0,-0.11999999731779099,1.649999976158142,0.20000000298023224,1.309999942779541,0.5,1.590000033378601,-0.11999999731779099,1.350000023841858,0.20000000298023224
2023-08-01,1.399999976158142,0.699999988079071,1.7000000476837158,0.4000000059604645,0.28999999165534973,0.6800000071525574,1.3600000143051147,0.46000000834465027,1.6100000143051147,2.490000009536743,0.4099999964237213,0.7699999809265137
2023-09-01,1.309999942779541,0.8399999737739563,1.5099999904632568,0.44999998807907104,1.7599999904632568,1.5499999523162842,1.440000057220459,0.5799999833106995,1.4199999570846558,1.309999942779541,1.5499999523162842,1.6699999570846558
2023-10-01,1.350000023841858,0.6899999976158142,1.409999966621399,1.7899999618530273,0.2199999988079071,-0.12999999523162842,1.2599999904632568,0.44999998807907104,1.309999942779541,0.28999999165534973,0.2199999988079071,0.17000000178813934
2023-11-01,1.2799999713897705,0.6800000071525574,1.3200000524520874,0.8600000143051147,0.2199999988079071,0.3100000023841858,1.1799999475479126,0.4699999988079071,1.1200000047683716,0.5899999737739563,0.4000000059604645,-0.8600000143051147
2023-12-01,1.2699999809265137,0.6200000047683716,1.2200000286102295,1.1200000047683716,-0.019999999552965164,1.1200000047683716,1.3200000524520874,0.4000000059604645,1.0499999523162842,0.6200000047683716,0.05999999865889549,1.0099999904632568
2024-01-01,1.159999966621399,0.699999988079071,1.2899999618530273,1.440000057220459,0.9200000166893005,4.0,1.1299999952316284,0.4699999988079071,1.100000023841858,1.340000033378601,0.7300000190734863,3.6600000858306885
2024-02-01,1.100000023841858,0.6600000262260437,1.2999999523162842,0.7400000095367432,-0.25,2.7899999618530273,1.1100000143051147,0.4399999976158142,1.149999976158142,0.7200000286102295,-0.07000000029802322,3.059999942779541
2024-03-01,1.2599999904632568,0.6499999761581421,1.2200000286102295,2.4000000953674316,1.6399999856948853,0.699999988079071,1.2899999618530273,0.5299999713897705,1.1100000143051147,2.369999885559082,1.4800000190734863,0.5199999809265137
2024-04-01,1.100000023841858,0.6499999761581421,1.2599999904632568,0.5099999904632568,0.7400000095367432,1.7000000476837158,1.1200000047683716,0.5799999833106995,1.1299999952316284,0.46000000834465027,1.1399999856948853,1.399999976158142
2024-05-01,1.1200000047683716,0.6299999952316284,1.0399999618530273,1.5399999618530273,0.05999999865889549,-0.7599999904632568,1.1399999856948853,0.6299999952316284,0.8899999856948853,1.340000033378601,0.019999999552965164,-1.2400000095367432
2024-06-01,1.0299999713897705,0.6600000262260437,1.0800000429153442,1.2999999523162842,0.7599999904632568,0.8700000047683716,0.9800000190734863,0.6700000166893005,0.9100000262260437,0.4399999976158142,0.75,0.699999988079071
2024-07-01,1.149999976158142,0.5199999809265137,1.1399999856948853,1.340000033378601,-0.03999999910593033,1.0299999713897705,1.0800000429153442,0.550000011920929,0.9700000286102295,1.0700000524520874,-0.019999999552965164,0.9100000262260437
2024-08-01,1.1200000047683716,0.5600000023841858,1.2000000476837158,0.05000000074505806,0.7799999713897705,1.3200000524520874,0.8700000047683716,0.5699999928474426,0.9800000190734863,-0.019999999552965164,0.6399999856948853,0.8700000047683716
2024-09-01,1.340000033378601,0.4300000071525574,1.0800000429153442,3.049999952316284,0.18000000715255737,0.12999999523162842,1.0099999904632568,0.46000000834465027,0.800000011920929,3.009999990463257,0.18000000715255737,-0.4699999988079071
2024-10-01,1.2699999809265137,0.5199999809265137,1.2000000476837158,1.0299999713897705,1.2200000286102295,1.3700000047683716,1.0499999523162842,0.5400000214576721,0.8999999761581421,0.6899999976158142,1.2000000476837158,1.340000033378601
2024-11-01,1.2799999713897705,0.5299999713897705,1.1799999475479126,0.8799999952316284,0.3400000035762787,0.07000000029802322,1.059999942779541,0.550000011920929,0.9900000095367432,0.7200000286102295,0.5,0.18000000715255737
2024-12-01,1.350000023841858,0.5899999737739563,1.059999942779541,1.9900000095367432,0.7300000190734863,-0.41999998688697815,1.2599999904632568,0.6000000238418579,0.8700000047683716,3.0799999237060547,0.6499999761581421,-0.4000000059604645
2025-01-01,1.2699999809265137,0.5400000214576721,0.9700000286102295,0.5600000023841858,0.33000001311302185,2.9700000286102295,1.2000000476837158,0.5699999928474426,0.8399999737739563,0.6600000262260437,0.3700000047683716,3.2799999713897705
2025-02-01,1.4299999475479126,0.6100000143051147,0.9200000166893005,2.619999885559082,0.6399999856948853,2.190000057220459,1.340000033378601,0.6000000238418579,0.7599999904632568,2.4200000762939453,0.3499999940395355,2.130000114440918
2025-03-01,1.2899999618530273,0.5299999713897705,0.8600000143051147,0.6800000071525574,0.6000000238418579,-0.05999999865889549,1.2100000381469727,0.4000000059604645,0.7599999904632568,0.7300000190734863,-1.0,0.5099999904632568
2025-04-01,1.340000033378601,0.46000000834465027,0.8100000023841858,1.1799999475479126,-0.029999999329447746,1.149999976158142,1.2699999809265137,0.2800000011920929,0.7400000095367432,1.1699999570846558,-0.30000001192092896,1.1399999856948853
2025-05-01,1.2999999523162842,0.47999998927116394,1.0099999904632568,0.9700000286102295,0.20999999344348907,1.600000023841858,1.2200000286102295,0.23999999463558197,0.9900000095367432,0.7900000214576721,-0.3799999952316284,1.7899999618530273
2025-06-01,1.350000023841858,0.49000000953674316,0.9700000286102295,1.9500000476837158,0.8600000143051147,0.38999998569488525,1.3600000143051147,0.25999999046325684,0.9700000286102295,2.109999895095825,0.8899999856948853,0.47999998927116394
2025-07-01,1.4600000381469727,0.5199999809265137,0.8700000047683716,2.6600000858306885,0.4300000071525574,-0.14000000059604645,1.4299999475479126,0.28999999165534973,0.8799999952316284,1.8600000143051147,0.3700000047683716,-0.17000000178813934
2025-08-01,1.5399999618530273,0.6100000143051147,0.75,1.0700000524520874,1.7899999618530273,-0.10999999940395355,1.5399999618530273,0.4000000059604645,0.800000011920929,1.2799999713897705,1.9900000095367432,-0.07999999821186066
2025-09-01,1.3600000143051147,0.5799999833106995,0.8899999856948853,0.7799999713897705,-0.09000000357627869,1.7200000286102295,1.409999966621399,0.4000000059604645,0.9700000286102295,1.4700000286102295,0.23000000417232513,1.5700000524520874
